/*
 Navicat Premium Data Transfer

 Source Server         : 106.13.234.131
 Source Server Type    : MySQL
 Source Server Version : 80022
 Source Host           : 106.13.234.131:3306
 Source Schema         : iotdata

 Target Server Type    : MySQL
 Target Server Version : 80022
 File Encoding         : 65001

 Date: 10/06/2021 10:06:19
*/

SET NAMES utf8mb4;
SET FOREIGN_KEY_CHECKS = 0;

-- ----------------------------
-- Table structure for app_device_map
-- ----------------------------
DROP TABLE IF EXISTS `app_device_map`;
CREATE TABLE `app_device_map` (
  `map_id` bigint NOT NULL COMMENT '应用与设备的映射关系id',
  `app_id` bigint NOT NULL COMMENT '应用id',
  `scene_id` bigint NOT NULL COMMENT '设备id',
  `create_time` datetime DEFAULT NULL COMMENT '创建时间',
  PRIMARY KEY (`map_id`) USING BTREE,
  KEY `app_id` (`app_id`),
  KEY `scene_id` (`scene_id`),
  CONSTRAINT `app_device_map_ibfk_1` FOREIGN KEY (`app_id`) REFERENCES `application` (`app_id`) ON DELETE CASCADE ON UPDATE CASCADE,
  CONSTRAINT `app_device_map_ibfk_2` FOREIGN KEY (`scene_id`) REFERENCES `scene` (`scene_id`) ON DELETE CASCADE ON UPDATE CASCADE
) ENGINE=InnoDB DEFAULT CHARSET=utf8 COMMENT='北向中间件应用设备关联表，映射关系数据持久化。应用下包含多个可用设备，设备数据关联sence表，应用数据关联应用表，级联关联。';

-- ----------------------------
-- Records of app_device_map
-- ----------------------------
BEGIN;
INSERT INTO `app_device_map` VALUES (9, 987, 14929542544157706, '2021-06-06 16:59:49');
INSERT INTO `app_device_map` VALUES (32, 12345678, 14929542544157706, '2021-06-06 17:03:08');
INSERT INTO `app_device_map` VALUES (45, 987, 14929542544157706, '2021-06-06 16:58:58');
INSERT INTO `app_device_map` VALUES (1231, 12345678, 14929542544157704, '2021-06-06 18:10:07');
INSERT INTO `app_device_map` VALUES (3333, 963, 14929542544157706, '2021-06-06 16:55:57');
INSERT INTO `app_device_map` VALUES (3443, 963, 14929542544157700, '2021-06-07 15:37:36');
INSERT INTO `app_device_map` VALUES (6757, 963, 14929542544157706, '2021-06-06 16:57:11');
INSERT INTO `app_device_map` VALUES (6767, 12345678, 14929542544157706, '2021-06-06 17:01:08');
INSERT INTO `app_device_map` VALUES (9890, 963, 14929542544157706, '2021-06-06 16:58:30');
INSERT INTO `app_device_map` VALUES (12424, 987, 14929542544157706, '2021-06-06 16:57:57');
INSERT INTO `app_device_map` VALUES (222222, 963, 14929542544157700, '2021-06-06 16:51:35');
INSERT INTO `app_device_map` VALUES (369258, 987654, 14929542544157700, '2021-06-06 11:27:35');
INSERT INTO `app_device_map` VALUES (676767, 963, 14929542544157706, '2021-06-06 16:57:27');
INSERT INTO `app_device_map` VALUES (789456, 987654, 14929542544157700, '2021-06-06 16:27:04');
INSERT INTO `app_device_map` VALUES (909090, 963, 14929542544157706, '2021-06-06 18:06:17');
COMMIT;

-- ----------------------------
-- Table structure for application
-- ----------------------------
DROP TABLE IF EXISTS `application`;
CREATE TABLE `application` (
  `app_id` bigint NOT NULL COMMENT '应用id',
  `app_name` varchar(60) CHARACTER SET utf8 COLLATE utf8_general_ci NOT NULL COMMENT '应用名称',
  `app_desc` varchar(200) CHARACTER SET utf8 COLLATE utf8_general_ci DEFAULT NULL COMMENT '描述',
  `create_time` datetime DEFAULT NULL COMMENT '创建时间',
  PRIMARY KEY (`app_id`) USING BTREE
) ENGINE=InnoDB DEFAULT CHARSET=utf8 COMMENT='北向中间件应用表，应用数据持久化。应用下包含多个可用设备，设备数据关联sence表。';

-- ----------------------------
-- Records of application
-- ----------------------------
BEGIN;
INSERT INTO `application` VALUES (87, '应用6', '第六个应用', '2021-06-08 17:10:16');
INSERT INTO `application` VALUES (789, '应用 5', '第五应用', '2021-06-07 11:08:09');
INSERT INTO `application` VALUES (963, '应用4', '第四个应用', '2021-06-06 15:25:46');
INSERT INTO `application` VALUES (987, '应用3', '第三个应用·', '2021-06-06 15:19:34');
INSERT INTO `application` VALUES (987654, '应用2', '第二个应用', '2021-06-03 19:05:02');
INSERT INTO `application` VALUES (12345678, '应用1', '第一个应用', '2021-06-02 21:06:46');
COMMIT;

-- ----------------------------
-- Table structure for node
-- ----------------------------
DROP TABLE IF EXISTS `node`;
CREATE TABLE `node` (
  `node_id` bigint NOT NULL COMMENT '节点ID',
  `scene_id` bigint NOT NULL COMMENT '场景ID，一个节点对应一个场景，一个场景可包含多个节点',
  `scene_sn` char(20) CHARACTER SET utf8 COLLATE utf8_general_ci NOT NULL COMMENT '网关SN',
  `node_name` varchar(40) CHARACTER SET utf8 COLLATE utf8_general_ci NOT NULL COMMENT '节点名称',
  `node_desc` varchar(200) CHARACTER SET utf8 COLLATE utf8_general_ci DEFAULT NULL COMMENT '描述',
  `node_sn` varchar(255) CHARACTER SET utf8 COLLATE utf8_general_ci NOT NULL COMMENT '节点物理节点号',
  `node_map` varchar(60) CHARACTER SET utf8 COLLATE utf8_general_ci DEFAULT NULL COMMENT '节点映射实际地址',
  `create_time` datetime NOT NULL COMMENT '创建时间',
  PRIMARY KEY (`node_id`) USING BTREE,
  KEY `scene_id` (`scene_id`) USING BTREE
) ENGINE=InnoDB DEFAULT CHARSET=utf8 COMMENT='节点表，一个场景下有多个节点。逻辑上可看作一个数据单元；物理上可看作数据采集设备，比如采集卡';

-- ----------------------------
-- Records of node
-- ----------------------------
BEGIN;
INSERT INTO `node` VALUES (14929542544157861, 14929542544157703, '186610102211100356', '设备温湿度', NULL, 'RD001', NULL, '2020-11-20 11:21:13');
INSERT INTO `node` VALUES (14929542544157862, 14929542544157717, '186610102211100396', '模拟量采集卡(电压电流)', NULL, 'MN001', NULL, '2020-11-20 11:21:14');
INSERT INTO `node` VALUES (14929542544157863, 14929542544157717, '186610102211100396', '热电偶采集卡(监测温度用)', NULL, 'RD001', NULL, '2020-11-20 11:21:14');
INSERT INTO `node` VALUES (14929542544157864, 14929542544157717, '186610102211100396', '压力变送器(压强)', NULL, 'YL001', NULL, '2020-11-20 11:21:14');
INSERT INTO `node` VALUES (14929542544157865, 14929542544157794, '186610102211100478', '模拟量采集卡(电压电流)', NULL, 'MN001', NULL, '2020-11-20 11:21:19');
INSERT INTO `node` VALUES (14929542544157866, 14929542544157794, '186610102211100478', '热电偶采集卡(监测温度用)', NULL, 'RD001', NULL, '2020-11-20 11:21:19');
INSERT INTO `node` VALUES (14929542544157867, 14929542544157794, '186610102211100478', '压力变送器(压强)', NULL, 'YL001', NULL, '2020-11-20 11:21:19');
INSERT INTO `node` VALUES (14929542544157868, 14929542544157811, '186610102211100500', '温湿度采集卡', NULL, 'WS001', NULL, '2020-11-20 11:21:20');
INSERT INTO `node` VALUES (14929542544157869, 14929542544157811, '186610102211100500', '模拟量采集卡(电压电流)', NULL, 'MN001', NULL, '2020-11-20 11:21:20');
INSERT INTO `node` VALUES (14929542544157870, 14929542544157811, '186610102211100500', '热电偶采集卡(监测温度用)', NULL, 'RD001', NULL, '2020-11-20 11:21:20');
INSERT INTO `node` VALUES (14929542544157871, 14929542544157811, '186610102211100500', '压力变送器(压强)', NULL, 'YL001', NULL, '2020-11-20 11:21:20');
INSERT INTO `node` VALUES (14929542544157872, 14929542544157812, '186610102211100501', '温湿度采集卡', NULL, 'WS001', NULL, '2020-11-20 11:21:20');
INSERT INTO `node` VALUES (14929542544157873, 14929542544157812, '186610102211100501', '模拟量采集卡(电压电流)', NULL, 'MN001', NULL, '2020-11-20 11:21:20');
INSERT INTO `node` VALUES (14929542544157874, 14929542544157812, '186610102211100501', '热电偶采集卡(监测温度用)', NULL, 'RD001', NULL, '2020-11-20 11:21:20');
INSERT INTO `node` VALUES (14929542544157875, 14929542544157812, '186610102211100501', '压力变送器(压强)', NULL, 'YL001', NULL, '2020-11-20 11:21:20');
INSERT INTO `node` VALUES (14929542544157876, 14929542544157813, '186610102211100502', '温湿度采集卡', NULL, 'WS001', NULL, '2020-11-20 11:21:20');
INSERT INTO `node` VALUES (14929542544157877, 14929542544157813, '186610102211100502', '模拟量采集卡(电压电流)', NULL, 'MN001', NULL, '2020-11-20 11:21:20');
INSERT INTO `node` VALUES (14929542544157878, 14929542544157813, '186610102211100502', '热电偶采集卡(监测温度用)', NULL, 'RD001', NULL, '2020-11-20 11:21:20');
INSERT INTO `node` VALUES (14929542544157879, 14929542544157813, '186610102211100502', '压力变送器(压强)', NULL, 'YL001', NULL, '2020-11-20 11:21:20');
INSERT INTO `node` VALUES (14929542544157880, 14929542544157814, '186610102211100503', '温湿度采集卡', NULL, 'WS001', NULL, '2020-11-20 11:21:20');
INSERT INTO `node` VALUES (14929542544157881, 14929542544157814, '186610102211100503', '模拟量采集卡(电压电流)', NULL, 'MN001', NULL, '2020-11-20 11:21:20');
INSERT INTO `node` VALUES (14929542544157882, 14929542544157814, '186610102211100503', '热电偶采集卡(监测温度用)', NULL, 'RD001', NULL, '2020-11-20 11:21:20');
INSERT INTO `node` VALUES (14929542544157883, 14929542544157814, '186610102211100503', '压力变送器(压强)', NULL, 'YL001', NULL, '2020-11-20 11:21:20');
INSERT INTO `node` VALUES (14929542544157884, 14929542544157815, '186610102211100504', '温湿度采集卡', NULL, 'WS001', NULL, '2020-11-20 11:21:20');
INSERT INTO `node` VALUES (14929542544157885, 14929542544157815, '186610102211100504', '模拟量采集卡(电压电流)', NULL, 'MN001', NULL, '2020-11-20 11:21:20');
INSERT INTO `node` VALUES (14929542544157886, 14929542544157815, '186610102211100504', '热电偶采集卡(监测温度用)', NULL, 'RD001', NULL, '2020-11-20 11:21:20');
INSERT INTO `node` VALUES (14929542544157887, 14929542544157815, '186610102211100504', '压力变送器(压强)', NULL, 'YL001', NULL, '2020-11-20 11:21:20');
INSERT INTO `node` VALUES (14929542544157888, 14929542544157816, '186610102211100505', '温湿度采集卡', NULL, 'WS001', NULL, '2020-11-20 11:21:21');
INSERT INTO `node` VALUES (14929542544157889, 14929542544157816, '186610102211100505', '模拟量采集卡(电压电流)', NULL, 'MN001', NULL, '2020-11-20 11:21:21');
INSERT INTO `node` VALUES (14929542544157890, 14929542544157816, '186610102211100505', '热电偶采集卡(监测温度用)', NULL, 'RD001', NULL, '2020-11-20 11:21:21');
INSERT INTO `node` VALUES (14929542544157891, 14929542544157816, '186610102211100505', '压力变送器(压强)', NULL, 'YL001', NULL, '2020-11-20 11:21:21');
INSERT INTO `node` VALUES (14929542544157892, 14929542544157817, '186610102211100506', '温湿度采集卡', NULL, 'WS001', NULL, '2020-11-20 11:21:21');
INSERT INTO `node` VALUES (14929542544157893, 14929542544157817, '186610102211100506', '模拟量采集卡(电压电流)', NULL, 'MN001', NULL, '2020-11-20 11:21:21');
INSERT INTO `node` VALUES (14929542544157894, 14929542544157817, '186610102211100506', '热电偶采集卡(监测温度用)', NULL, 'RD001', NULL, '2020-11-20 11:21:21');
INSERT INTO `node` VALUES (14929542544157895, 14929542544157817, '186610102211100506', '压力变送器(压强)', NULL, 'YL001', NULL, '2020-11-20 11:21:21');
INSERT INTO `node` VALUES (14929542544157896, 14929542544157818, '186610102211100507', '温湿度采集卡', NULL, 'WS001', NULL, '2020-11-20 11:21:21');
INSERT INTO `node` VALUES (14929542544157897, 14929542544157818, '186610102211100507', '模拟量采集卡(电压电流)', NULL, 'MN001', NULL, '2020-11-20 11:21:21');
INSERT INTO `node` VALUES (14929542544157898, 14929542544157818, '186610102211100507', '热电偶采集卡(监测温度用)', NULL, 'RD001', NULL, '2020-11-20 11:21:21');
INSERT INTO `node` VALUES (14929542544157899, 14929542544157818, '186610102211100507', '压力变送器(压强)', NULL, 'YL001', NULL, '2020-11-20 11:21:21');
INSERT INTO `node` VALUES (14929542544157900, 14929542544157819, '186610102211100508', '温湿度采集卡', NULL, 'WS001', NULL, '2020-11-20 11:21:21');
INSERT INTO `node` VALUES (14929542544157901, 14929542544157819, '186610102211100508', '模拟量采集卡(电压电流)', NULL, 'MN001', NULL, '2020-11-20 11:21:21');
INSERT INTO `node` VALUES (14929542544157902, 14929542544157819, '186610102211100508', '热电偶采集卡(监测温度用)', NULL, 'RD001', NULL, '2020-11-20 11:21:21');
INSERT INTO `node` VALUES (14929542544157903, 14929542544157819, '186610102211100508', '压力变送器(压强)', NULL, 'YL001', NULL, '2020-11-20 11:21:21');
INSERT INTO `node` VALUES (14929542544157904, 14929542544157820, '186610102211100509', '温湿度采集卡', NULL, 'WS001', NULL, '2020-11-20 11:21:21');
INSERT INTO `node` VALUES (14929542544157905, 14929542544157820, '186610102211100509', '模拟量采集卡(电压电流)', NULL, 'MN001', NULL, '2020-11-20 11:21:21');
INSERT INTO `node` VALUES (14929542544157906, 14929542544157820, '186610102211100509', '热电偶采集卡(监测温度用)', NULL, 'RD001', NULL, '2020-11-20 11:21:21');
INSERT INTO `node` VALUES (14929542544157907, 14929542544157820, '186610102211100509', '压力变送器(压强)', NULL, 'YL001', NULL, '2020-11-20 11:21:21');
INSERT INTO `node` VALUES (14929542544157908, 14929542544157821, '186610102211100510', '温湿度采集卡', NULL, 'WS001', NULL, '2020-11-20 11:21:21');
INSERT INTO `node` VALUES (14929542544157909, 14929542544157821, '186610102211100510', '模拟量采集卡(电压电流)', NULL, 'MN001', NULL, '2020-11-20 11:21:21');
INSERT INTO `node` VALUES (14929542544157910, 14929542544157821, '186610102211100510', '热电偶采集卡(监测温度用)', NULL, 'RD001', NULL, '2020-11-20 11:21:21');
INSERT INTO `node` VALUES (14929542544157911, 14929542544157821, '186610102211100510', '压力变送器(压强)', NULL, 'YL001', NULL, '2020-11-20 11:21:21');
INSERT INTO `node` VALUES (14929542544157912, 14929542544157822, '186610102211100511', '温湿度采集卡', NULL, 'WS001', NULL, '2020-11-20 11:21:21');
INSERT INTO `node` VALUES (14929542544157913, 14929542544157822, '186610102211100511', '模拟量采集卡(电压电流)', NULL, 'MN001', NULL, '2020-11-20 11:21:21');
INSERT INTO `node` VALUES (14929542544157914, 14929542544157822, '186610102211100511', '热电偶采集卡(监测温度用)', NULL, 'RD001', NULL, '2020-11-20 11:21:21');
INSERT INTO `node` VALUES (14929542544157915, 14929542544157822, '186610102211100511', '压力变送器(压强)', NULL, 'YL001', NULL, '2020-11-20 11:21:21');
INSERT INTO `node` VALUES (14929542544157916, 14929542544157823, '186610102211100512', '温湿度采集卡', NULL, 'WS001', NULL, '2020-11-20 11:21:21');
INSERT INTO `node` VALUES (14929542544157917, 14929542544157823, '186610102211100512', '模拟量采集卡(电压电流)', NULL, 'MN001', NULL, '2020-11-20 11:21:21');
INSERT INTO `node` VALUES (14929542544157918, 14929542544157823, '186610102211100512', '热电偶采集卡(监测温度用)', NULL, 'RD001', NULL, '2020-11-20 11:21:21');
INSERT INTO `node` VALUES (14929542544157919, 14929542544157823, '186610102211100512', '压力变送器(压强)', NULL, 'YL001', NULL, '2020-11-20 11:21:21');
INSERT INTO `node` VALUES (14929542544157920, 14929542544157824, '186610102211100513', '模拟量采集卡(电压电流)', NULL, 'MN001', NULL, '2020-11-20 11:21:22');
INSERT INTO `node` VALUES (14929542544157921, 14929542544157824, '186610102211100513', '热电偶采集卡(监测温度用)', NULL, 'RD001', NULL, '2020-11-20 11:21:22');
INSERT INTO `node` VALUES (14929542544157922, 14929542544157824, '186610102211100513', '压力变送器(压强)', NULL, 'YL001', NULL, '2020-11-20 11:21:22');
INSERT INTO `node` VALUES (14929542544157923, 14929542544157825, '186610102211100514', '温湿度采集卡', NULL, 'WS001', NULL, '2020-11-20 11:21:22');
INSERT INTO `node` VALUES (14929542544157924, 14929542544157825, '186610102211100514', '模拟量采集卡(电压电流)', NULL, 'MN001', NULL, '2020-11-20 11:21:22');
INSERT INTO `node` VALUES (14929542544157925, 14929542544157825, '186610102211100514', '热电偶采集卡(监测温度用)', NULL, 'RD001', NULL, '2020-11-20 11:21:22');
INSERT INTO `node` VALUES (14929542544157926, 14929542544157825, '186610102211100514', '压力变送器(压强)', NULL, 'YL001', NULL, '2020-11-20 11:21:22');
INSERT INTO `node` VALUES (14929542544157927, 14929542544157826, '186610102211100515', '温湿度采集卡', NULL, 'WS001', NULL, '2020-11-20 11:21:22');
INSERT INTO `node` VALUES (14929542544157928, 14929542544157826, '186610102211100515', '模拟量采集卡(电压电流)', NULL, 'MN001', NULL, '2020-11-20 11:21:22');
INSERT INTO `node` VALUES (14929542544157929, 14929542544157826, '186610102211100515', '热电偶采集卡(监测温度用)', NULL, 'RD001', NULL, '2020-11-20 11:21:22');
INSERT INTO `node` VALUES (14929542544157930, 14929542544157826, '186610102211100515', '压力变送器(压强)', NULL, 'YL001', NULL, '2020-11-20 11:21:22');
INSERT INTO `node` VALUES (14929542544157931, 14929542544157827, '186610102211100518', '温湿度采集卡', NULL, 'WS001', NULL, '2020-11-20 11:21:22');
INSERT INTO `node` VALUES (14929542544157932, 14929542544157827, '186610102211100518', '模拟量采集卡(电压电流)', NULL, 'MN001', NULL, '2020-11-20 11:21:22');
INSERT INTO `node` VALUES (14929542544157933, 14929542544157827, '186610102211100518', '热电偶采集卡(监测温度用)', NULL, 'RD001', NULL, '2020-11-20 11:21:22');
INSERT INTO `node` VALUES (14929542544157934, 14929542544157827, '186610102211100518', '压力变送器(压强)', NULL, 'YL001', NULL, '2020-11-20 11:21:22');
INSERT INTO `node` VALUES (14929542544157935, 14929542544157828, '186610102211100519', '温湿度采集卡', NULL, 'WS001', NULL, '2020-11-20 11:21:23');
INSERT INTO `node` VALUES (14929542544157936, 14929542544157828, '186610102211100519', '模拟量采集卡(电压电流)', NULL, 'MN001', NULL, '2020-11-20 11:21:23');
INSERT INTO `node` VALUES (14929542544157937, 14929542544157828, '186610102211100519', '热电偶采集卡(监测温度用)', NULL, 'RD001', NULL, '2020-11-20 11:21:23');
INSERT INTO `node` VALUES (14929542544157938, 14929542544157828, '186610102211100519', '压力变送器(压强)', NULL, 'YL001', NULL, '2020-11-20 11:21:23');
INSERT INTO `node` VALUES (14929542544157939, 14929542544157829, '186610102211100520', '模拟量采集卡(电压电流)', NULL, 'MN001', NULL, '2020-11-20 11:21:23');
INSERT INTO `node` VALUES (14929542544157940, 14929542544157829, '186610102211100520', '热电偶采集卡(监测温度用)', NULL, 'RD001', NULL, '2020-11-20 11:21:23');
INSERT INTO `node` VALUES (14929542544157941, 14929542544157829, '186610102211100520', '压力变送器(压强)', NULL, 'YL001', NULL, '2020-11-20 11:21:23');
INSERT INTO `node` VALUES (14929542544157942, 14929542544157830, '186610102211100521', '温湿度采集卡', NULL, 'WS001', NULL, '2020-11-20 11:21:23');
INSERT INTO `node` VALUES (14929542544157943, 14929542544157830, '186610102211100521', '模拟量采集卡(电压电流)', NULL, 'MN001', NULL, '2020-11-20 11:21:23');
INSERT INTO `node` VALUES (14929542544157944, 14929542544157830, '186610102211100521', '热电偶采集卡(监测温度用)', NULL, 'RD001', NULL, '2020-11-20 11:21:23');
INSERT INTO `node` VALUES (14929542544157945, 14929542544157830, '186610102211100521', '压力变送器(压强)', NULL, 'YL001', NULL, '2020-11-20 11:21:23');
INSERT INTO `node` VALUES (14929542544157946, 14929542544157831, '186610102211100522', '温湿度采集卡', NULL, 'WS001', NULL, '2020-11-20 11:21:23');
INSERT INTO `node` VALUES (14929542544157947, 14929542544157831, '186610102211100522', '模拟量采集卡(电压电流)', NULL, 'MN001', NULL, '2020-11-20 11:21:23');
INSERT INTO `node` VALUES (14929542544157948, 14929542544157831, '186610102211100522', '热电偶采集卡(监测温度用)', NULL, 'RD001', NULL, '2020-11-20 11:21:23');
INSERT INTO `node` VALUES (14929542544157949, 14929542544157831, '186610102211100522', '压力变送器(压强)', NULL, 'YL001', NULL, '2020-11-20 11:21:23');
INSERT INTO `node` VALUES (14929542544157950, 14929542544157832, '186610102211100523', '模拟量采集卡(电压电流)', NULL, 'MN001', NULL, '2020-11-20 11:21:23');
INSERT INTO `node` VALUES (14929542544157951, 14929542544157832, '186610102211100523', '热电偶采集卡(监测温度用)', NULL, 'RD001', NULL, '2020-11-20 11:21:23');
INSERT INTO `node` VALUES (14929542544157952, 14929542544157832, '186610102211100523', '压力变送器(压强)', NULL, 'YL001', NULL, '2020-11-20 11:21:23');
INSERT INTO `node` VALUES (14929542544157953, 14929542544157833, '186610102211100537', '温湿度采集卡', NULL, 'WS001', NULL, '2020-11-20 11:21:23');
INSERT INTO `node` VALUES (14929542544157954, 14929542544157833, '186610102211100537', '模拟量采集卡(电压电流)', NULL, 'MN001', NULL, '2020-11-20 11:21:23');
INSERT INTO `node` VALUES (14929542544157955, 14929542544157833, '186610102211100537', '热电偶采集卡(监测温度用)', NULL, 'RD001', NULL, '2020-11-20 11:21:23');
INSERT INTO `node` VALUES (14929542544157956, 14929542544157833, '186610102211100537', '压力变送器(压强)', NULL, 'YL001', NULL, '2020-11-20 11:21:23');
INSERT INTO `node` VALUES (14929542544157957, 14929542544157834, '186610102211100538', '温湿度采集卡', NULL, 'WS001', NULL, '2020-11-20 11:21:23');
INSERT INTO `node` VALUES (14929542544157958, 14929542544157834, '186610102211100538', '模拟量采集卡(电压电流)', NULL, 'MN001', NULL, '2020-11-20 11:21:23');
INSERT INTO `node` VALUES (14929542544157959, 14929542544157834, '186610102211100538', '热电偶采集卡(监测温度用)', NULL, 'RD001', NULL, '2020-11-20 11:21:23');
INSERT INTO `node` VALUES (14929542544157960, 14929542544157834, '186610102211100538', '压力变送器(压强)', NULL, 'YL001', NULL, '2020-11-20 11:21:23');
INSERT INTO `node` VALUES (14929542544157961, 14929542544157835, '186610102211000332', '模拟量采集卡(电压电流)', NULL, 'MN001', NULL, '2020-11-20 11:21:23');
INSERT INTO `node` VALUES (14929542544157962, 14929542544157835, '186610102211000332', '热电偶采集卡(监测温度用)', NULL, 'RD001', NULL, '2020-11-20 11:21:23');
INSERT INTO `node` VALUES (14929542544157963, 14929542544157835, '186610102211000332', '压力变送器(压强)', NULL, 'YL001', NULL, '2020-11-20 11:21:23');
INSERT INTO `node` VALUES (14929542544157964, 14929542544157836, '186610102211100544', '模拟量采集卡(电压电流)', NULL, 'MN001', NULL, '2020-11-20 11:21:23');
INSERT INTO `node` VALUES (14929542544157965, 14929542544157836, '186610102211100544', 'eee', NULL, 'ZE001', NULL, '2020-11-20 11:21:23');
INSERT INTO `node` VALUES (14929542544157966, 14929542544157837, '186610102211100546', '设备温度', NULL, 'RD001', NULL, '2020-11-20 11:21:23');
INSERT INTO `node` VALUES (14929542544157967, 14929542544157838, '186610102211100549', '温湿度采集卡', NULL, 'WS001', NULL, '2020-11-20 11:21:23');
INSERT INTO `node` VALUES (14929542544157968, 14929542544157838, '186610102211100549', '热电偶采集卡(监测温度用)', NULL, 'RD001', NULL, '2020-11-20 11:21:23');
INSERT INTO `node` VALUES (14929542544157969, 14929542544157838, '186610102211100549', '压力变送器(压强)', NULL, 'YL001', NULL, '2020-11-20 11:21:23');
INSERT INTO `node` VALUES (14929542544157970, 14929542544157839, '186610102211100550', '热电偶采集卡(监测温度用)', NULL, 'RD001', NULL, '2020-11-20 11:21:24');
INSERT INTO `node` VALUES (14929542544157971, 14929542544157839, '186610102211100550', '压力变送器(压强)', NULL, 'YL001', NULL, '2020-11-20 11:21:24');
INSERT INTO `node` VALUES (14929542544157972, 14929542544157840, '186610102211100551', '电流485', NULL, 'RD001', NULL, '2020-11-20 11:21:24');
INSERT INTO `node` VALUES (14929542544157973, 14929542544157841, '186610102211100552', '热电偶采集卡(监测温度用)', NULL, 'RD001', NULL, '2020-11-20 11:21:24');
INSERT INTO `node` VALUES (14929542544157974, 14929542544157842, '186610102211100559', '温湿度采集卡', NULL, 'WS001', NULL, '2020-11-20 11:21:24');
INSERT INTO `node` VALUES (14929542544157975, 14929542544157842, '186610102211100559', '模拟量采集卡(电压电流)', NULL, 'MN001', NULL, '2020-11-20 11:21:24');
INSERT INTO `node` VALUES (14929542544157976, 14929542544157842, '186610102211100559', '热电偶采集卡(监测温度用)', NULL, 'RD001', NULL, '2020-11-20 11:21:24');
INSERT INTO `node` VALUES (14929542544157977, 14929542544157842, '186610102211100559', '压力变送器(压强)', NULL, 'YL001', NULL, '2020-11-20 11:21:24');
INSERT INTO `node` VALUES (14929542544157978, 14929542544157843, '186610102211100560', '温湿度采集卡', NULL, 'WS001', NULL, '2020-11-20 11:21:24');
INSERT INTO `node` VALUES (14929542544157979, 14929542544157843, '186610102211100560', '模拟量采集卡(电压电流)', NULL, 'MN001', NULL, '2020-11-20 11:21:24');
INSERT INTO `node` VALUES (14929542544157980, 14929542544157843, '186610102211100560', '热电偶采集卡(监测温度用)', NULL, 'RD001', NULL, '2020-11-20 11:21:24');
INSERT INTO `node` VALUES (14929542544157981, 14929542544157843, '186610102211100560', '压力变送器(压强)', NULL, 'YL001', NULL, '2020-11-20 11:21:24');
INSERT INTO `node` VALUES (14929542544157982, 14929542544157844, '186610102211100566', '模拟量采集卡(电压电流)', NULL, 'MN001', NULL, '2020-11-20 11:21:24');
INSERT INTO `node` VALUES (14929542544157983, 14929542544157844, '186610102211100566', '温度', NULL, 'WD001', NULL, '2020-11-20 11:21:24');
INSERT INTO `node` VALUES (14929542544157984, 14929542544157844, '186610102211100566', '压力', NULL, 'YL001', NULL, '2020-11-20 11:21:24');
INSERT INTO `node` VALUES (14929542544157985, 14929542544157845, '186610102211000563', '温度', NULL, 'WD001', NULL, '2020-11-20 11:21:24');
INSERT INTO `node` VALUES (14929542544157986, 14929542544157845, '186610102211000563', '压力', NULL, 'YL001', NULL, '2020-11-20 11:21:24');
INSERT INTO `node` VALUES (14929542544157987, 14929542544157845, '186610102211000563', '模拟量采集卡(电压电流)', NULL, 'MN001', NULL, '2020-11-20 11:21:24');
INSERT INTO `node` VALUES (14929542544157988, 14929542544157845, '186610102211000563', '485压力', NULL, 'YL002', NULL, '2020-11-20 11:21:24');
INSERT INTO `node` VALUES (14929542544157989, 14929542544157846, '186610102211100361', '模拟量采集卡(电压电流)', NULL, 'MN001', NULL, '2020-11-20 11:21:25');
INSERT INTO `node` VALUES (14929542544157990, 14929542544157846, '186610102211100361', '温度', NULL, 'WD001', NULL, '2020-11-20 11:21:25');
INSERT INTO `node` VALUES (14929542544157991, 14929542544157846, '186610102211100361', '压力', NULL, 'YL001', NULL, '2020-11-20 11:21:25');
INSERT INTO `node` VALUES (14929542544157992, 14929542544157847, '186610102211100567', '模拟量采集卡(电压电流)', NULL, 'MN001', NULL, '2020-11-20 11:21:25');
INSERT INTO `node` VALUES (14929542544157993, 14929542544157847, '186610102211100567', '热电偶采集卡(监测温度用)', NULL, 'RD001', NULL, '2020-11-20 11:21:25');
INSERT INTO `node` VALUES (14929542544157994, 14929542544157847, '186610102211100567', '压力变送器(压强)', NULL, 'YL001', NULL, '2020-11-20 11:21:25');
INSERT INTO `node` VALUES (14929542544157995, 14929542544157847, '186610102211100567', '节点2', NULL, 'RD002', NULL, '2020-11-20 11:21:25');
INSERT INTO `node` VALUES (14929542544157996, 14929542544157848, '186610102211100574', '模拟量采集卡(电压电流)', NULL, 'MN001', NULL, '2020-11-20 11:21:25');
INSERT INTO `node` VALUES (14929542544157997, 14929542544157848, '186610102211100574', '热电偶采集卡(监测温度用)', NULL, 'RD001', NULL, '2020-11-20 11:21:25');
INSERT INTO `node` VALUES (14929542544157998, 14929542544157848, '186610102211100574', '压力变送器(压强)', NULL, 'YL001', NULL, '2020-11-20 11:21:25');
INSERT INTO `node` VALUES (14929542544157999, 14929542544157848, '186610102211100574', '烘干机命令', NULL, 'HG001', NULL, '2020-11-20 11:21:25');
INSERT INTO `node` VALUES (14929542544158000, 14929542544157849, '186610102211100575', '热电偶采集卡(监测温度用)', NULL, 'RD001', NULL, '2020-11-20 11:21:25');
INSERT INTO `node` VALUES (14929542544158001, 14929542544157850, '186610102211100576', '热电偶采集卡(监测温度用)', NULL, 'RD001', NULL, '2020-11-20 11:21:25');
INSERT INTO `node` VALUES (14929542544158002, 14929542544157851, '186610102211100577', '模拟量采集卡(电压电流)', NULL, 'MN001', NULL, '2020-11-20 11:21:25');
INSERT INTO `node` VALUES (14929542544158003, 14929542544157851, '186610102211100577', '热电偶采集卡(监测温度用)', NULL, 'RD001', NULL, '2020-11-20 11:21:25');
INSERT INTO `node` VALUES (14929542544158004, 14929542544157851, '186610102211100577', '压力变送器(压强)', NULL, 'YL001', NULL, '2020-11-20 11:21:25');
INSERT INTO `node` VALUES (14929542544158005, 14929542544157852, '186610102211100578', '模拟量采集卡(电压电流)', NULL, 'MN001', NULL, '2020-11-20 11:21:25');
INSERT INTO `node` VALUES (14929542544158006, 14929542544157852, '186610102211100578', '热电偶采集卡(监测温度用)', NULL, 'RD001', NULL, '2020-11-20 11:21:25');
INSERT INTO `node` VALUES (14929542544158007, 14929542544157852, '186610102211100578', '压力变送器(压强)', NULL, 'YL001', NULL, '2020-11-20 11:21:25');
INSERT INTO `node` VALUES (14929542544158008, 14929542544157853, '186610102211100579', '模拟量采集卡(电压电流)', NULL, 'MN001', NULL, '2020-11-20 11:21:25');
INSERT INTO `node` VALUES (14929542544158009, 14929542544157853, '186610102211100579', '热电偶采集卡(监测温度用)', NULL, 'RD001', NULL, '2020-11-20 11:21:25');
INSERT INTO `node` VALUES (14929542544158010, 14929542544157853, '186610102211100579', '压力变送器(压强)', NULL, 'YL001', NULL, '2020-11-20 11:21:25');
INSERT INTO `node` VALUES (14929542544158011, 14929542544157854, '186610102211100580', '模拟量采集卡(电压电流)', NULL, 'MN001', NULL, '2020-11-20 11:21:25');
INSERT INTO `node` VALUES (14929542544158012, 14929542544157854, '186610102211100580', '热电偶采集卡(监测温度用)', NULL, 'RD001', NULL, '2020-11-20 11:21:25');
INSERT INTO `node` VALUES (14929542544158013, 14929542544157854, '186610102211100580', '压力变送器(压强)', NULL, 'YL001', NULL, '2020-11-20 11:21:25');
INSERT INTO `node` VALUES (14929542544158014, 14929542544157855, '186610102211100581', '模拟量采集卡(电压电流)', NULL, 'MN001', NULL, '2020-11-20 11:21:25');
INSERT INTO `node` VALUES (14929542544158015, 14929542544157855, '186610102211100581', '热电偶采集卡(监测温度用)', NULL, 'RD001', NULL, '2020-11-20 11:21:25');
INSERT INTO `node` VALUES (14929542544158016, 14929542544157855, '186610102211100581', '压力变送器(压强)', NULL, 'YL001', NULL, '2020-11-20 11:21:25');
INSERT INTO `node` VALUES (14929542544158017, 14929542544157856, '186610102211100584', '模拟量采集卡(电压电流)', NULL, 'MN001', NULL, '2020-11-20 11:21:25');
INSERT INTO `node` VALUES (14929542544158018, 14929542544157856, '186610102211100584', '热电偶采集卡(监测温度用)', NULL, 'RD001', NULL, '2020-11-20 11:21:25');
INSERT INTO `node` VALUES (14929542544158019, 14929542544157856, '186610102211100584', '压力变送器(压强)', NULL, 'YL001', NULL, '2020-11-20 11:21:25');
INSERT INTO `node` VALUES (14929542544158023, 14929542544157858, '186610102211100588', '模拟量采集卡(电压电流)', NULL, 'MN001', NULL, '2020-11-20 11:21:25');
INSERT INTO `node` VALUES (14929542544158024, 14929542544157858, '186610102211100588', '热电偶采集卡(监测温度用)', NULL, 'RD001', NULL, '2020-11-20 11:21:25');
INSERT INTO `node` VALUES (14929542544158025, 14929542544157858, '186610102211100588', '压力变送器(压强)', NULL, 'YL001', NULL, '2020-11-20 11:21:25');
INSERT INTO `node` VALUES (14929542544158026, 14929542544157859, '186610102211100589', '模拟量采集卡(电压电流)', NULL, 'MN001', NULL, '2020-11-20 11:21:25');
INSERT INTO `node` VALUES (14929542544158027, 14929542544157859, '186610102211100589', '热电偶采集卡(监测温度用)', NULL, 'RD001', NULL, '2020-11-20 11:21:25');
INSERT INTO `node` VALUES (14929542544158028, 14929542544157859, '186610102211100589', '压力变送器(压强)', NULL, 'YL001', NULL, '2020-11-20 11:21:25');
INSERT INTO `node` VALUES (15338225862244886, 15338225862244885, '186610102211100591', '模拟量采集卡(电压电流)', NULL, 'MN001', NULL, '2020-11-24 10:46:50');
INSERT INTO `node` VALUES (15338225862244893, 15338225862244885, '186610102211100591', '热电偶采集卡(监测温度用)', NULL, 'RD001', NULL, '2020-11-24 10:46:51');
INSERT INTO `node` VALUES (15338225862244899, 15338225862244885, '186610102211100591', '压力变送器(压强)', NULL, 'YL001', NULL, '2020-11-24 10:46:51');
INSERT INTO `node` VALUES (15338225862244905, 15338225862244884, '186610102211100590', '模拟量采集卡(电压电流)', NULL, 'MN001', NULL, '2020-11-24 10:47:11');
INSERT INTO `node` VALUES (15338225862244912, 15338225862244884, '186610102211100590', '热电偶采集卡(监测温度用)', NULL, 'RD001', NULL, '2020-11-24 10:47:12');
INSERT INTO `node` VALUES (15338225862244918, 15338225862244884, '186610102211100590', '压力变送器(压强)', NULL, 'YL001', NULL, '2020-11-24 10:47:12');
INSERT INTO `node` VALUES (16042860344311809, 16042860344311808, '186610102211100592', '模拟量采集卡(电压电流)', NULL, 'MN001', NULL, '2020-11-28 08:34:35');
INSERT INTO `node` VALUES (16042860344311816, 16042860344311808, '186610102211100592', '热电偶采集卡(监测温度用)', NULL, 'RD001', NULL, '2020-11-28 08:34:36');
INSERT INTO `node` VALUES (16042860344311822, 16042860344311808, '186610102211100592', '压力变送器(压强)', NULL, 'YL001', NULL, '2020-11-28 08:34:37');
INSERT INTO `node` VALUES (16042860344311829, 16042860344311828, '186610102211100593', '模拟量采集卡(电压电流)', NULL, 'MN001', NULL, '2020-11-28 08:37:44');
INSERT INTO `node` VALUES (16042860344311836, 16042860344311828, '186610102211100593', '热电偶采集卡(监测温度用)', NULL, 'RD001', NULL, '2020-11-28 08:37:45');
INSERT INTO `node` VALUES (16042860344311842, 16042860344311828, '186610102211100593', '压力变送器(压强)', NULL, 'YL001', NULL, '2020-11-28 08:37:45');
INSERT INTO `node` VALUES (19429626740802561, 19429626740802560, '186610102211100594', '模拟量采集卡(电压电流)', NULL, 'MN001', NULL, '2020-12-28 11:29:59');
INSERT INTO `node` VALUES (19429626740802568, 19429626740802560, '186610102211100594', '热电偶采集卡(监测温度用)', '热电偶采集卡(监测温度用)', 'RD001', NULL, '2020-12-28 11:29:59');
INSERT INTO `node` VALUES (19429626740802574, 19429626740802560, '186610102211100594', '压力变送器(压强)', NULL, 'YL001', NULL, '2020-12-28 11:30:00');
INSERT INTO `node` VALUES (19429626740802581, 19429626740802580, '186610102211100595', '模拟量采集卡(电压电流)', NULL, 'MN001', NULL, '2020-12-28 11:41:25');
INSERT INTO `node` VALUES (19429626740802588, 19429626740802580, '186610102211100595', '热电偶采集卡(监测温度用)', NULL, 'RD001', NULL, '2020-12-28 11:41:26');
INSERT INTO `node` VALUES (19429626740802594, 19429626740802580, '186610102211100595', '压力变送器(压强)', NULL, 'YL001', NULL, '2020-12-28 11:41:26');
INSERT INTO `node` VALUES (19429626740802601, 19429626740802560, '186610102211100594', '重量限制器', '', 'TC001', NULL, '2021-01-09 09:34:50');
INSERT INTO `node` VALUES (19429626740802607, 19429626740802606, '186610102211100597', '模拟量采集卡(电压电流)', NULL, 'MN001', NULL, '2021-01-09 17:10:12');
INSERT INTO `node` VALUES (19429626740802614, 19429626740802606, '186610102211100597', '热电偶采集卡(监测温度用)', NULL, 'RD001', NULL, '2021-01-09 17:10:13');
INSERT INTO `node` VALUES (19429626740802620, 19429626740802606, '186610102211100597', '压力变送器(压强)', NULL, 'YL001', NULL, '2021-01-09 17:10:13');
INSERT INTO `node` VALUES (19429626740802627, 19429626740802626, '186610102211100598', '模拟量采集卡(电压电流)', NULL, 'MN001', NULL, '2021-01-10 15:10:59');
INSERT INTO `node` VALUES (19429626740802634, 19429626740802626, '186610102211100598', '热电偶采集卡(监测温度用)', NULL, 'RD001', NULL, '2021-01-10 15:11:00');
INSERT INTO `node` VALUES (19429626740802640, 19429626740802626, '186610102211100598', '压力变送器(压强)', NULL, 'YL001', NULL, '2021-01-10 15:11:00');
INSERT INTO `node` VALUES (24841210371843585, 24841210371843584, '186610102211100599', 'PLC1', 'PLC1', 'S7200', NULL, '2021-01-19 21:28:16');
INSERT INTO `node` VALUES (24841210371843604, 24841210371843589, '186610102211100600', '模拟量采集卡(电压电流)', NULL, 'MN001', NULL, '2021-01-22 11:29:35');
INSERT INTO `node` VALUES (24841210371843611, 24841210371843589, '186610102211100600', '热电偶采集卡(监测温度用)', NULL, 'RD001', NULL, '2021-01-22 11:30:03');
INSERT INTO `node` VALUES (24841210371843617, 24841210371843589, '186610102211100600', '压力变送器(压强)', NULL, 'YL001', NULL, '2021-01-22 11:30:04');
INSERT INTO `node` VALUES (24841210371843623, 24841210371843589, '186610102211100600', '重量限制器', NULL, 'ZL001', NULL, '2021-01-22 11:31:07');
INSERT INTO `node` VALUES (24841210371843626, 24841210371843625, '186610102211100601', '模拟量采集卡(电压电流)', NULL, 'MN001', NULL, '2021-01-26 10:12:48');
INSERT INTO `node` VALUES (27734019022080521, 27734019022080518, '186610102211100603', '模拟量采集卡(电压电流)', NULL, 'MN001', NULL, '2021-02-03 10:13:06');
INSERT INTO `node` VALUES (27734019022080528, 27734019022080518, '186610102211100603', '热电偶采集卡(监测温度用)', NULL, 'RD001', NULL, '2021-02-03 10:13:16');
INSERT INTO `node` VALUES (27734019022080534, 27734019022080518, '186610102211100603', '压力变送器(压强)', NULL, 'YL001', NULL, '2021-02-03 10:13:22');
INSERT INTO `node` VALUES (27734019022080540, 27734019022080512, '186610102211100602', '模拟量采集卡(电压电流)', NULL, 'MN001', NULL, '2021-02-03 10:32:11');
INSERT INTO `node` VALUES (27734019022080547, 27734019022080512, '186610102211100602', '热电偶采集卡(监测温度用)', NULL, 'RD001', NULL, '2021-02-03 10:32:17');
INSERT INTO `node` VALUES (27734019022080553, 27734019022080512, '186610102211100602', '压力变送器(压强)', NULL, 'YL001', NULL, '2021-02-03 10:32:21');
INSERT INTO `node` VALUES (27734019022080559, 27734019022080512, '186610102211100602', '重量限制器', NULL, 'ZL001', NULL, '2021-02-03 10:36:59');
INSERT INTO `node` VALUES (27734019022080562, 27734019022080518, '186610102211100603', '重量限制器', '', 'ZL001', NULL, '2021-02-03 11:08:39');
INSERT INTO `node` VALUES (27734019022080564, 16042860344311808, '186610102211100592', '重量限制器', NULL, 'ZL001', NULL, '2021-02-18 15:46:13');
INSERT INTO `node` VALUES (44692386005244417, 15338225862244884, '186610102211100590', '重量限制器', NULL, 'ZL001', NULL, '2021-05-07 17:35:54');
COMMIT;

-- ----------------------------
-- Table structure for node_act_alert
-- ----------------------------
DROP TABLE IF EXISTS `node_act_alert`;
CREATE TABLE `node_act_alert` (
  `naa_id` bigint NOT NULL COMMENT '触发报警信息ID',
  `nt_id` bigint NOT NULL COMMENT '节点触发器消息ID',
  `naa_type` tinyint NOT NULL DEFAULT '3' COMMENT '警报类型 1短信 2email ',
  `naa_val` varchar(60) CHARACTER SET utf8 COLLATE utf8_general_ci DEFAULT NULL COMMENT '发警报对象的数值手机号、邮箱',
  `naa_content` varchar(200) CHARACTER SET utf8 COLLATE utf8_general_ci DEFAULT NULL COMMENT '发送内容',
  PRIMARY KEY (`naa_id`) USING BTREE,
  KEY `nt_id` (`nt_id`) USING BTREE
) ENGINE=InnoDB DEFAULT CHARSET=utf8 COMMENT='一旦一个节点触发器被触发，就会有一个报警信息被发出';

-- ----------------------------
-- Records of node_act_alert
-- ----------------------------
BEGIN;
INSERT INTO `node_act_alert` VALUES (27734019022080571, 27734019022080570, 2, '13759973671', '报警');
INSERT INTO `node_act_alert` VALUES (27734019022080574, 27734019022080573, 1, '15751771972', 'helo');
INSERT INTO `node_act_alert` VALUES (27734019022080577, 27734019022080576, 1, '15751771972', 'jj');
INSERT INTO `node_act_alert` VALUES (27734019022080580, 27734019022080579, 1, '15751771972', 'kk');
INSERT INTO `node_act_alert` VALUES (27734019022080584, 27734019022080583, 1, '15751771972', '报警啦');
INSERT INTO `node_act_alert` VALUES (27734019022080587, 27734019022080586, 1, '15751771972', 'hello');
INSERT INTO `node_act_alert` VALUES (38681242119545858, 38681242119545857, 1, '18435889449', '我维特瑞');
INSERT INTO `node_act_alert` VALUES (48240449898756099, 48240449898756098, 2, '18487273009', '11111');
INSERT INTO `node_act_alert` VALUES (48300875793644034, 48300875793644032, 2, '18487273009', '11111');
INSERT INTO `node_act_alert` VALUES (49094785465930242, 49094785465930241, 2, '12345632', '123456');
INSERT INTO `node_act_alert` VALUES (49296021863623169, 49296021863623168, 2, '13759973671', '报警');
INSERT INTO `node_act_alert` VALUES (49296021863623176, 49296021863623175, 2, '1296879566@qq.com', '报警');
INSERT INTO `node_act_alert` VALUES (49296021863623185, 49296021863623184, 2, '123', '123');
INSERT INTO `node_act_alert` VALUES (49296021863623192, 49296021863623191, 2, '123456', '123456');
INSERT INTO `node_act_alert` VALUES (49296021863623196, 49296021863623195, 2, '11', '22');
INSERT INTO `node_act_alert` VALUES (49489943932008961, 49489943932008960, 1, '18435889449', 'ui8yu');
INSERT INTO `node_act_alert` VALUES (50739541044485121, 50739541044485120, 1, '18435889449', 'd');
INSERT INTO `node_act_alert` VALUES (50775285909809153, 50775285909809152, 1, '18049100623', 'sfdsf');
INSERT INTO `node_act_alert` VALUES (50807502459498497, 50807502459498496, 1, '18049100623', 'tyettettetetge');
INSERT INTO `node_act_alert` VALUES (50807502459498500, 50807502459498499, 1, '18049100623', 'rerw');
COMMIT;

-- ----------------------------
-- Table structure for node_act_cmd
-- ----------------------------
DROP TABLE IF EXISTS `node_act_cmd`;
CREATE TABLE `node_act_cmd` (
  `nac_id` bigint NOT NULL,
  `nc_id` bigint NOT NULL COMMENT '关联的命令，node_cmd.nc_id',
  `nt_id` bigint NOT NULL,
  PRIMARY KEY (`nac_id`) USING BTREE,
  KEY `nt_id` (`nt_id`) USING BTREE
) ENGINE=InnoDB DEFAULT CHARSET=utf8 COMMENT='一旦一个节点触发器被触发，可能会执行多个命令';

-- ----------------------------
-- Records of node_act_cmd
-- ----------------------------
BEGIN;
INSERT INTO `node_act_cmd` VALUES (48300875793644033, 24841210371843587, 48300875793644032);
COMMIT;

-- ----------------------------
-- Table structure for node_attr
-- ----------------------------
DROP TABLE IF EXISTS `node_attr`;
CREATE TABLE `node_attr` (
  `na_id` bigint NOT NULL COMMENT '节点属性ID',
  `node_id` bigint NOT NULL COMMENT '节点ID，一个节点属性对应一个节点，一个节点有多个节点属性',
  `na_key` varchar(20) CHARACTER SET utf8 COLLATE utf8_general_ci NOT NULL COMMENT '属性标识',
  `na_name` varchar(20) CHARACTER SET utf8 COLLATE utf8_general_ci DEFAULT NULL COMMENT '属性名称',
  `na_unit` varchar(20) CHARACTER SET utf8 COLLATE utf8_general_ci DEFAULT NULL COMMENT '属性单位',
  `na_sym` varchar(20) CHARACTER SET utf8 COLLATE utf8_general_ci DEFAULT NULL COMMENT '属性符号',
  `na_form` varchar(255) CHARACTER SET utf8 COLLATE utf8_general_ci DEFAULT NULL COMMENT '属性值格式化公式（选填），R表示量程，X表示原始数值',
  `na_map` varchar(255) CHARACTER SET utf8 COLLATE utf8_general_ci DEFAULT NULL COMMENT '属性映射的传感器偏移地址（选填）',
  `scene_sn` varchar(24) CHARACTER SET utf8 COLLATE utf8_general_ci NOT NULL COMMENT '场景SN',
  `node_sn` varchar(24) CHARACTER SET utf8 COLLATE utf8_general_ci NOT NULL COMMENT '节点SN',
  PRIMARY KEY (`na_id`) USING BTREE,
  UNIQUE KEY `nodeId_attrKey` (`node_id`,`na_key`) USING BTREE
) ENGINE=InnoDB DEFAULT CHARSET=utf8 COMMENT='节点属性表，一个节点下有多个属性。逻辑上可看作数据单元里的一个字段；物理上可看作底层感知设备，比如传感器';

-- ----------------------------
-- Records of node_attr
-- ----------------------------
BEGIN;
INSERT INTO `node_attr` VALUES (14929542544158032, 14929542544157861, 'tem1', '温度1', '℃', '℃', NULL, NULL, '186610102211100356', 'RD001');
INSERT INTO `node_attr` VALUES (14929542544158033, 14929542544157861, 'tem2', '温度2', '℃', '℃', NULL, NULL, '186610102211100356', 'RD001');
INSERT INTO `node_attr` VALUES (14929542544158034, 14929542544157861, 'tem3', '温度3', '℃', '℃', NULL, NULL, '186610102211100356', 'RD001');
INSERT INTO `node_attr` VALUES (14929542544158035, 14929542544157861, 'tem4', '温度4', '℃', '℃', NULL, NULL, '186610102211100356', 'RD001');
INSERT INTO `node_attr` VALUES (14929542544158036, 14929542544157861, 'hum', '湿度', 'g/cm3', 'g/cm3', NULL, NULL, '186610102211100356', 'RD001');
INSERT INTO `node_attr` VALUES (14929542544158037, 14929542544157862, 'curr1', '电流1', 'A', 'A', NULL, NULL, '186610102211100396', 'MN001');
INSERT INTO `node_attr` VALUES (14929542544158038, 14929542544157862, 'curr2', '电流2', 'A', 'A', NULL, NULL, '186610102211100396', 'MN001');
INSERT INTO `node_attr` VALUES (14929542544158039, 14929542544157862, 'curr3', '电流3', 'A', 'A', NULL, NULL, '186610102211100396', 'MN001');
INSERT INTO `node_attr` VALUES (14929542544158040, 14929542544157862, 'volt1', '电压1', 'V', 'V', NULL, NULL, '186610102211100396', 'MN001');
INSERT INTO `node_attr` VALUES (14929542544158041, 14929542544157862, 'volt2', '电压2', 'V', 'V', NULL, NULL, '186610102211100396', 'MN001');
INSERT INTO `node_attr` VALUES (14929542544158042, 14929542544157862, 'volt3', '电压3', 'V', 'V', NULL, NULL, '186610102211100396', 'MN001');
INSERT INTO `node_attr` VALUES (14929542544158043, 14929542544157863, 'tem1', '温度1', '℃', '℃', NULL, NULL, '186610102211100396', 'RD001');
INSERT INTO `node_attr` VALUES (14929542544158044, 14929542544157863, 'tem2', '温度2', '℃', '℃', NULL, NULL, '186610102211100396', 'RD001');
INSERT INTO `node_attr` VALUES (14929542544158045, 14929542544157863, 'tem3', '温度3', '℃', '℃', NULL, NULL, '186610102211100396', 'RD001');
INSERT INTO `node_attr` VALUES (14929542544158046, 14929542544157863, 'tem4', '温度4', '℃', '℃', NULL, NULL, '186610102211100396', 'RD001');
INSERT INTO `node_attr` VALUES (14929542544158047, 14929542544157863, 'tem5', '温度5', '℃', '℃', NULL, NULL, '186610102211100396', 'RD001');
INSERT INTO `node_attr` VALUES (14929542544158048, 14929542544157864, 'press1', '压力1', 'MPa', 'MPa', NULL, NULL, '186610102211100396', 'YL001');
INSERT INTO `node_attr` VALUES (14929542544158049, 14929542544157864, 'press2', '压力2', 'MPa', 'MPa', NULL, NULL, '186610102211100396', 'YL001');
INSERT INTO `node_attr` VALUES (14929542544158050, 14929542544157864, 'press3', '压力3', 'MPa', 'MPa', NULL, NULL, '186610102211100396', 'YL001');
INSERT INTO `node_attr` VALUES (14929542544158051, 14929542544157864, 'press4', '压力4', 'MPa', 'MPa', NULL, NULL, '186610102211100396', 'YL001');
INSERT INTO `node_attr` VALUES (14929542544158052, 14929542544157864, 'press5', '压力5', 'MPa', 'MPa', NULL, NULL, '186610102211100396', 'YL001');
INSERT INTO `node_attr` VALUES (14929542544158053, 14929542544157865, 'curr1', '电流1', 'A', 'A', NULL, NULL, '186610102211100478', 'MN001');
INSERT INTO `node_attr` VALUES (14929542544158054, 14929542544157865, 'curr2', '电流2', 'A', 'A', NULL, NULL, '186610102211100478', 'MN001');
INSERT INTO `node_attr` VALUES (14929542544158055, 14929542544157865, 'curr3', '电流3', 'A', 'A', NULL, NULL, '186610102211100478', 'MN001');
INSERT INTO `node_attr` VALUES (14929542544158056, 14929542544157865, 'volt1', '电压1', 'V', '电压1', NULL, NULL, '186610102211100478', 'MN001');
INSERT INTO `node_attr` VALUES (14929542544158057, 14929542544157865, 'volt2', '电压2', 'V', '电压2', NULL, NULL, '186610102211100478', 'MN001');
INSERT INTO `node_attr` VALUES (14929542544158058, 14929542544157865, 'volt3', '电压3', 'V', '电压3', NULL, NULL, '186610102211100478', 'MN001');
INSERT INTO `node_attr` VALUES (14929542544158059, 14929542544157866, 'tem1', '温度1', '℃', '℃', NULL, NULL, '186610102211100478', 'RD001');
INSERT INTO `node_attr` VALUES (14929542544158060, 14929542544157866, 'tem2', '温度2', '℃', '℃', NULL, NULL, '186610102211100478', 'RD001');
INSERT INTO `node_attr` VALUES (14929542544158061, 14929542544157866, 'tem3', '温度3', '℃', '℃', NULL, NULL, '186610102211100478', 'RD001');
INSERT INTO `node_attr` VALUES (14929542544158062, 14929542544157866, 'tem4', '温度4', '℃', '℃', NULL, NULL, '186610102211100478', 'RD001');
INSERT INTO `node_attr` VALUES (14929542544158063, 14929542544157866, 'tem5', '温度5', '℃', '℃', NULL, NULL, '186610102211100478', 'RD001');
INSERT INTO `node_attr` VALUES (14929542544158064, 14929542544157867, 'press1', '压力1', 'MPa', 'MPa', NULL, NULL, '186610102211100478', 'YL001');
INSERT INTO `node_attr` VALUES (14929542544158065, 14929542544157867, 'press2', '压力2', 'MPa', 'MPa', NULL, NULL, '186610102211100478', 'YL001');
INSERT INTO `node_attr` VALUES (14929542544158066, 14929542544157867, 'press3', '压力3', 'MPa', 'MPa', NULL, NULL, '186610102211100478', 'YL001');
INSERT INTO `node_attr` VALUES (14929542544158067, 14929542544157867, 'press4', '压力4', 'MPa', 'MPa', NULL, NULL, '186610102211100478', 'YL001');
INSERT INTO `node_attr` VALUES (14929542544158068, 14929542544157867, 'press5', '压力5', 'MPa', 'MPa', NULL, NULL, '186610102211100478', 'YL001');
INSERT INTO `node_attr` VALUES (14929542544158069, 14929542544157868, 'tem', '环境温度', '℃', '℃', NULL, NULL, '186610102211100500', 'WS001');
INSERT INTO `node_attr` VALUES (14929542544158070, 14929542544157868, 'hum', '湿度', 'g/m3', 'g/m3', NULL, NULL, '186610102211100500', 'WS001');
INSERT INTO `node_attr` VALUES (14929542544158071, 14929542544157869, 'curr1', '电流1', 'A', 'A', NULL, NULL, '186610102211100500', 'MN001');
INSERT INTO `node_attr` VALUES (14929542544158072, 14929542544157869, 'curr2', '电流2', 'A', 'A', NULL, NULL, '186610102211100500', 'MN001');
INSERT INTO `node_attr` VALUES (14929542544158073, 14929542544157869, 'curr3', '电流3', 'A', 'A', NULL, NULL, '186610102211100500', 'MN001');
INSERT INTO `node_attr` VALUES (14929542544158074, 14929542544157869, 'volt1', '电压1', 'V', 'V', NULL, NULL, '186610102211100500', 'MN001');
INSERT INTO `node_attr` VALUES (14929542544158075, 14929542544157869, 'volt2', '电压2', 'V', 'V', NULL, NULL, '186610102211100500', 'MN001');
INSERT INTO `node_attr` VALUES (14929542544158076, 14929542544157869, 'volt3', '电压3', 'V', 'V', NULL, NULL, '186610102211100500', 'MN001');
INSERT INTO `node_attr` VALUES (14929542544158077, 14929542544157870, 'tem1', '温度1', '℃', '℃', NULL, NULL, '186610102211100500', 'RD001');
INSERT INTO `node_attr` VALUES (14929542544158078, 14929542544157870, 'tem2', '温度2', '℃', '℃', NULL, NULL, '186610102211100500', 'RD001');
INSERT INTO `node_attr` VALUES (14929542544158079, 14929542544157871, 'press', '压力', 'MPa', 'MPa', NULL, NULL, '186610102211100500', 'YL001');
INSERT INTO `node_attr` VALUES (14929542544158080, 14929542544157872, 'tem', '环境温度', '℃', '℃', NULL, NULL, '186610102211100501', 'WS001');
INSERT INTO `node_attr` VALUES (14929542544158081, 14929542544157872, 'hum', '湿度', 'g/m3', 'g/m3', NULL, NULL, '186610102211100501', 'WS001');
INSERT INTO `node_attr` VALUES (14929542544158082, 14929542544157873, 'curr1', '电流1', 'A', 'A', NULL, NULL, '186610102211100501', 'MN001');
INSERT INTO `node_attr` VALUES (14929542544158083, 14929542544157873, 'curr2', '电流2', 'A', 'A', NULL, NULL, '186610102211100501', 'MN001');
INSERT INTO `node_attr` VALUES (14929542544158084, 14929542544157873, 'curr3', '电流3', 'A', 'A', NULL, NULL, '186610102211100501', 'MN001');
INSERT INTO `node_attr` VALUES (14929542544158085, 14929542544157873, 'volt1', '电压1', 'V', 'V', NULL, NULL, '186610102211100501', 'MN001');
INSERT INTO `node_attr` VALUES (14929542544158086, 14929542544157873, 'volt2', '电压2', 'V', 'V', NULL, NULL, '186610102211100501', 'MN001');
INSERT INTO `node_attr` VALUES (14929542544158087, 14929542544157873, 'volt3', '电压3', 'V', 'V', NULL, NULL, '186610102211100501', 'MN001');
INSERT INTO `node_attr` VALUES (14929542544158088, 14929542544157874, 'tem1', '温度1', '℃', '℃', NULL, NULL, '186610102211100501', 'RD001');
INSERT INTO `node_attr` VALUES (14929542544158089, 14929542544157874, 'tem2', '温度2', '℃', '℃', NULL, NULL, '186610102211100501', 'RD001');
INSERT INTO `node_attr` VALUES (14929542544158090, 14929542544157875, 'press', '压力', 'MPa', 'MPa', NULL, NULL, '186610102211100501', 'YL001');
INSERT INTO `node_attr` VALUES (14929542544158091, 14929542544157876, 'tem', '环境温度', '℃', '℃', NULL, NULL, '186610102211100502', 'WS001');
INSERT INTO `node_attr` VALUES (14929542544158092, 14929542544157876, 'hum', '湿度', 'g/m3', 'g/m3', NULL, NULL, '186610102211100502', 'WS001');
INSERT INTO `node_attr` VALUES (14929542544158093, 14929542544157877, 'curr1', '电流1', 'A', 'A', NULL, NULL, '186610102211100502', 'MN001');
INSERT INTO `node_attr` VALUES (14929542544158094, 14929542544157877, 'curr2', '电流2', 'A', 'A', NULL, NULL, '186610102211100502', 'MN001');
INSERT INTO `node_attr` VALUES (14929542544158095, 14929542544157877, 'curr3', '电流3', 'A', 'A', NULL, NULL, '186610102211100502', 'MN001');
INSERT INTO `node_attr` VALUES (14929542544158096, 14929542544157877, 'volt1', '电压1', 'V', 'V', NULL, NULL, '186610102211100502', 'MN001');
INSERT INTO `node_attr` VALUES (14929542544158097, 14929542544157877, 'volt2', '电压2', 'V', 'V', NULL, NULL, '186610102211100502', 'MN001');
INSERT INTO `node_attr` VALUES (14929542544158098, 14929542544157877, 'volt3', '电压3', 'V', 'V', NULL, NULL, '186610102211100502', 'MN001');
INSERT INTO `node_attr` VALUES (14929542544158099, 14929542544157878, 'tem1', '温度1', '℃', '℃', NULL, NULL, '186610102211100502', 'RD001');
INSERT INTO `node_attr` VALUES (14929542544158100, 14929542544157878, 'tem2', '温度2', '℃', '℃', NULL, NULL, '186610102211100502', 'RD001');
INSERT INTO `node_attr` VALUES (14929542544158101, 14929542544157879, 'press', '压力', 'MPa', 'MPa', NULL, NULL, '186610102211100502', 'YL001');
INSERT INTO `node_attr` VALUES (14929542544158102, 14929542544157880, 'tem', '环境温度', '℃', '℃', NULL, NULL, '186610102211100503', 'WS001');
INSERT INTO `node_attr` VALUES (14929542544158103, 14929542544157880, 'hum', '湿度', 'g/m3', 'g/m3', NULL, NULL, '186610102211100503', 'WS001');
INSERT INTO `node_attr` VALUES (14929542544158104, 14929542544157881, 'curr1', '电流1', 'A', 'A', NULL, NULL, '186610102211100503', 'MN001');
INSERT INTO `node_attr` VALUES (14929542544158105, 14929542544157881, 'curr2', '电流2', 'A', 'A', NULL, NULL, '186610102211100503', 'MN001');
INSERT INTO `node_attr` VALUES (14929542544158106, 14929542544157881, 'curr3', '电流3', 'A', 'A', NULL, NULL, '186610102211100503', 'MN001');
INSERT INTO `node_attr` VALUES (14929542544158107, 14929542544157881, 'volt1', '电压1', 'V', 'V', NULL, NULL, '186610102211100503', 'MN001');
INSERT INTO `node_attr` VALUES (14929542544158108, 14929542544157881, 'volt2', '电压2', 'V', 'V', NULL, NULL, '186610102211100503', 'MN001');
INSERT INTO `node_attr` VALUES (14929542544158109, 14929542544157881, 'volt3', '电压3', 'V', 'V', NULL, NULL, '186610102211100503', 'MN001');
INSERT INTO `node_attr` VALUES (14929542544158110, 14929542544157882, 'tem1', '温度1', '℃', '℃', NULL, NULL, '186610102211100503', 'RD001');
INSERT INTO `node_attr` VALUES (14929542544158111, 14929542544157882, 'tem2', '温度2', '℃', '℃', NULL, NULL, '186610102211100503', 'RD001');
INSERT INTO `node_attr` VALUES (14929542544158112, 14929542544157883, 'press', '压力', 'MPa', 'MPa', NULL, NULL, '186610102211100503', 'YL001');
INSERT INTO `node_attr` VALUES (14929542544158113, 14929542544157884, 'tem', '环境温度', '℃', '℃', NULL, NULL, '186610102211100504', 'WS001');
INSERT INTO `node_attr` VALUES (14929542544158114, 14929542544157884, 'hum', '湿度', 'g/m3', 'g/m3', NULL, NULL, '186610102211100504', 'WS001');
INSERT INTO `node_attr` VALUES (14929542544158115, 14929542544157885, 'curr1', '电流1', 'A', 'A', NULL, NULL, '186610102211100504', 'MN001');
INSERT INTO `node_attr` VALUES (14929542544158116, 14929542544157885, 'curr2', '电流2', 'A', 'A', NULL, NULL, '186610102211100504', 'MN001');
INSERT INTO `node_attr` VALUES (14929542544158117, 14929542544157885, 'curr3', '电流3', 'A', 'A', NULL, NULL, '186610102211100504', 'MN001');
INSERT INTO `node_attr` VALUES (14929542544158118, 14929542544157885, 'volt1', '电压1', 'V', 'V', NULL, NULL, '186610102211100504', 'MN001');
INSERT INTO `node_attr` VALUES (14929542544158119, 14929542544157885, 'volt2', '电压2', 'V', 'V', NULL, NULL, '186610102211100504', 'MN001');
INSERT INTO `node_attr` VALUES (14929542544158120, 14929542544157885, 'volt3', '电压3', 'V', 'V', NULL, NULL, '186610102211100504', 'MN001');
INSERT INTO `node_attr` VALUES (14929542544158121, 14929542544157886, 'tem1', '温度1', '℃', '℃', NULL, NULL, '186610102211100504', 'RD001');
INSERT INTO `node_attr` VALUES (14929542544158122, 14929542544157886, 'tem2', '温度2', '℃', '℃', NULL, NULL, '186610102211100504', 'RD001');
INSERT INTO `node_attr` VALUES (14929542544158123, 14929542544157887, 'press', '压力', 'MPa', 'MPa', NULL, NULL, '186610102211100504', 'YL001');
INSERT INTO `node_attr` VALUES (14929542544158124, 14929542544157888, 'tem', '环境温度', '℃', '℃', NULL, NULL, '186610102211100505', 'WS001');
INSERT INTO `node_attr` VALUES (14929542544158125, 14929542544157888, 'hum', '湿度', 'g/m3', 'g/m3', NULL, NULL, '186610102211100505', 'WS001');
INSERT INTO `node_attr` VALUES (14929542544158126, 14929542544157889, 'curr1', '电流1', 'A', 'A', NULL, NULL, '186610102211100505', 'MN001');
INSERT INTO `node_attr` VALUES (14929542544158127, 14929542544157889, 'curr2', '电流2', 'A', 'A', NULL, NULL, '186610102211100505', 'MN001');
INSERT INTO `node_attr` VALUES (14929542544158128, 14929542544157889, 'volt1', '电压1', 'V', 'V', NULL, NULL, '186610102211100505', 'MN001');
INSERT INTO `node_attr` VALUES (14929542544158129, 14929542544157889, 'volt2', '电压2', 'V', 'V', NULL, NULL, '186610102211100505', 'MN001');
INSERT INTO `node_attr` VALUES (14929542544158130, 14929542544157890, 'tem1', '温度1', '℃', '℃', NULL, NULL, '186610102211100505', 'RD001');
INSERT INTO `node_attr` VALUES (14929542544158131, 14929542544157890, 'tem2', '温度2', '℃', '℃', NULL, NULL, '186610102211100505', 'RD001');
INSERT INTO `node_attr` VALUES (14929542544158132, 14929542544157891, 'press', '压力', 'MPa', 'MPa', NULL, NULL, '186610102211100505', 'YL001');
INSERT INTO `node_attr` VALUES (14929542544158133, 14929542544157892, 'hum', '湿度', 'g/m3', 'g/m3', NULL, NULL, '186610102211100506', 'WS001');
INSERT INTO `node_attr` VALUES (14929542544158134, 14929542544157893, 'curr1', '电流1', 'A', 'A', NULL, NULL, '186610102211100506', 'MN001');
INSERT INTO `node_attr` VALUES (14929542544158135, 14929542544157893, 'curr3', '电流3', 'A', 'A', NULL, NULL, '186610102211100506', 'MN001');
INSERT INTO `node_attr` VALUES (14929542544158136, 14929542544157893, 'volt1', '电压1', 'V', 'V', NULL, NULL, '186610102211100506', 'MN001');
INSERT INTO `node_attr` VALUES (14929542544158137, 14929542544157893, 'volt2', '电压2', 'V', 'V', NULL, NULL, '186610102211100506', 'MN001');
INSERT INTO `node_attr` VALUES (14929542544158138, 14929542544157893, 'volt3', '电压3', 'V', 'V', NULL, NULL, '186610102211100506', 'MN001');
INSERT INTO `node_attr` VALUES (14929542544158139, 14929542544157894, 'tem1', '温度1', '℃', '℃', NULL, NULL, '186610102211100506', 'RD001');
INSERT INTO `node_attr` VALUES (14929542544158140, 14929542544157894, 'tem2', '温度2', '℃', '℃', NULL, NULL, '186610102211100506', 'RD001');
INSERT INTO `node_attr` VALUES (14929542544158141, 14929542544157895, 'press', '压力', 'MPa', 'MPa', NULL, NULL, '186610102211100506', 'YL001');
INSERT INTO `node_attr` VALUES (14929542544158142, 14929542544157896, 'tem', '环境温度', '℃', '℃', NULL, NULL, '186610102211100507', 'WS001');
INSERT INTO `node_attr` VALUES (14929542544158143, 14929542544157896, 'hum', '湿度', 'g/m3', 'g/m3', NULL, NULL, '186610102211100507', 'WS001');
INSERT INTO `node_attr` VALUES (14929542544158144, 14929542544157897, 'curr1', '电流1', 'A', 'A', NULL, NULL, '186610102211100507', 'MN001');
INSERT INTO `node_attr` VALUES (14929542544158145, 14929542544157897, 'curr2', '电流2', 'A', 'A', NULL, NULL, '186610102211100507', 'MN001');
INSERT INTO `node_attr` VALUES (14929542544158146, 14929542544157897, 'curr3', '电流3', 'A', 'A', NULL, NULL, '186610102211100507', 'MN001');
INSERT INTO `node_attr` VALUES (14929542544158147, 14929542544157897, 'volt2', '电压2', 'V', 'V', NULL, NULL, '186610102211100507', 'MN001');
INSERT INTO `node_attr` VALUES (14929542544158148, 14929542544157897, 'volt3', '电压3', 'V', 'V', NULL, NULL, '186610102211100507', 'MN001');
INSERT INTO `node_attr` VALUES (14929542544158149, 14929542544157898, 'tem2', '温度2', '℃', '℃', NULL, NULL, '186610102211100507', 'RD001');
INSERT INTO `node_attr` VALUES (14929542544158150, 14929542544157899, 'press', '压力', 'MPa', 'MPa', NULL, NULL, '186610102211100507', 'YL001');
INSERT INTO `node_attr` VALUES (14929542544158151, 14929542544157900, 'tem', '环境温度', '℃', '℃', NULL, NULL, '186610102211100508', 'WS001');
INSERT INTO `node_attr` VALUES (14929542544158152, 14929542544157900, 'hum', '湿度', 'g/m3', 'g/m3', NULL, NULL, '186610102211100508', 'WS001');
INSERT INTO `node_attr` VALUES (14929542544158153, 14929542544157901, 'curr1', '电流1', 'A', 'A', NULL, NULL, '186610102211100508', 'MN001');
INSERT INTO `node_attr` VALUES (14929542544158154, 14929542544157901, 'curr2', '电流2', 'A', 'A', NULL, NULL, '186610102211100508', 'MN001');
INSERT INTO `node_attr` VALUES (14929542544158155, 14929542544157901, 'curr3', '电流3', 'A', 'A', NULL, NULL, '186610102211100508', 'MN001');
INSERT INTO `node_attr` VALUES (14929542544158156, 14929542544157901, 'volt1', '电压1', 'V', 'V', NULL, NULL, '186610102211100508', 'MN001');
INSERT INTO `node_attr` VALUES (14929542544158157, 14929542544157901, 'volt2', '电压2', 'V', 'V', NULL, NULL, '186610102211100508', 'MN001');
INSERT INTO `node_attr` VALUES (14929542544158158, 14929542544157901, 'volt3', '电压3', 'V', 'V', NULL, NULL, '186610102211100508', 'MN001');
INSERT INTO `node_attr` VALUES (14929542544158159, 14929542544157902, 'tem1', '温度1', '℃', '℃', NULL, NULL, '186610102211100508', 'RD001');
INSERT INTO `node_attr` VALUES (14929542544158160, 14929542544157902, 'tem2', '温度2', '℃', '℃', NULL, NULL, '186610102211100508', 'RD001');
INSERT INTO `node_attr` VALUES (14929542544158161, 14929542544157903, 'press', '压力', 'MPa', 'MPa', NULL, NULL, '186610102211100508', 'YL001');
INSERT INTO `node_attr` VALUES (14929542544158162, 14929542544157904, 'tem', '环境温度', '℃', '℃', NULL, NULL, '186610102211100509', 'WS001');
INSERT INTO `node_attr` VALUES (14929542544158163, 14929542544157904, 'hum', '湿度', 'g/m3', 'g/m3', NULL, NULL, '186610102211100509', 'WS001');
INSERT INTO `node_attr` VALUES (14929542544158164, 14929542544157905, 'curr1', '电流1', 'A', 'A', NULL, NULL, '186610102211100509', 'MN001');
INSERT INTO `node_attr` VALUES (14929542544158165, 14929542544157905, 'curr2', '电流2', 'A', 'A', NULL, NULL, '186610102211100509', 'MN001');
INSERT INTO `node_attr` VALUES (14929542544158166, 14929542544157905, 'curr3', '电流3', 'A', 'A', NULL, NULL, '186610102211100509', 'MN001');
INSERT INTO `node_attr` VALUES (14929542544158167, 14929542544157905, 'volt1', '电压1', 'V', 'V', NULL, NULL, '186610102211100509', 'MN001');
INSERT INTO `node_attr` VALUES (14929542544158168, 14929542544157905, 'volt2', '电压2', 'V', 'V', NULL, NULL, '186610102211100509', 'MN001');
INSERT INTO `node_attr` VALUES (14929542544158169, 14929542544157905, 'volt3', '电压3', 'V', 'V', NULL, NULL, '186610102211100509', 'MN001');
INSERT INTO `node_attr` VALUES (14929542544158170, 14929542544157906, 'tem1', '温度1', '℃', '℃', NULL, NULL, '186610102211100509', 'RD001');
INSERT INTO `node_attr` VALUES (14929542544158171, 14929542544157906, 'tem2', '温度2', '℃', '℃', NULL, NULL, '186610102211100509', 'RD001');
INSERT INTO `node_attr` VALUES (14929542544158172, 14929542544157907, 'press', '压力', 'MPa', 'MPa', NULL, NULL, '186610102211100509', 'YL001');
INSERT INTO `node_attr` VALUES (14929542544158173, 14929542544157908, 'tem', '环境温度', '℃', '℃', NULL, NULL, '186610102211100510', 'WS001');
INSERT INTO `node_attr` VALUES (14929542544158174, 14929542544157908, 'hum', '湿度', 'g/m3', 'g/m3', NULL, NULL, '186610102211100510', 'WS001');
INSERT INTO `node_attr` VALUES (14929542544158175, 14929542544157909, 'curr1', '电流1', 'A', 'A', NULL, NULL, '186610102211100510', 'MN001');
INSERT INTO `node_attr` VALUES (14929542544158176, 14929542544157909, 'curr2', '电流2', 'A', 'A', NULL, NULL, '186610102211100510', 'MN001');
INSERT INTO `node_attr` VALUES (14929542544158177, 14929542544157909, 'curr3', '电流3', 'A', 'A', NULL, NULL, '186610102211100510', 'MN001');
INSERT INTO `node_attr` VALUES (14929542544158178, 14929542544157909, 'volt1', '电压1', 'V', 'V', NULL, NULL, '186610102211100510', 'MN001');
INSERT INTO `node_attr` VALUES (14929542544158179, 14929542544157909, 'volt2', '电压2', 'V', 'V', NULL, NULL, '186610102211100510', 'MN001');
INSERT INTO `node_attr` VALUES (14929542544158180, 14929542544157909, 'volt3', '电压3', 'V', 'V', NULL, NULL, '186610102211100510', 'MN001');
INSERT INTO `node_attr` VALUES (14929542544158181, 14929542544157910, 'tem1', '温度1', '℃', '℃', NULL, NULL, '186610102211100510', 'RD001');
INSERT INTO `node_attr` VALUES (14929542544158182, 14929542544157910, 'tem2', '温度2', '℃', '℃', NULL, NULL, '186610102211100510', 'RD001');
INSERT INTO `node_attr` VALUES (14929542544158183, 14929542544157911, 'press', '压力', 'MPa', 'MPa', NULL, NULL, '186610102211100510', 'YL001');
INSERT INTO `node_attr` VALUES (14929542544158184, 14929542544157912, 'tem', '环境温度', '℃', '℃', NULL, NULL, '186610102211100511', 'WS001');
INSERT INTO `node_attr` VALUES (14929542544158185, 14929542544157912, 'hum', '湿度', 'g/m3', 'g/m3', NULL, NULL, '186610102211100511', 'WS001');
INSERT INTO `node_attr` VALUES (14929542544158186, 14929542544157913, 'curr1', '电流1', 'A', 'A', NULL, NULL, '186610102211100511', 'MN001');
INSERT INTO `node_attr` VALUES (14929542544158187, 14929542544157913, 'curr2', '电流2', 'A', 'A', NULL, NULL, '186610102211100511', 'MN001');
INSERT INTO `node_attr` VALUES (14929542544158188, 14929542544157913, 'curr3', '电流3', 'A', 'A', NULL, NULL, '186610102211100511', 'MN001');
INSERT INTO `node_attr` VALUES (14929542544158189, 14929542544157913, 'volt1', '电压1', 'V', 'V', NULL, NULL, '186610102211100511', 'MN001');
INSERT INTO `node_attr` VALUES (14929542544158190, 14929542544157913, 'volt2', '电压2', 'V', 'V', NULL, NULL, '186610102211100511', 'MN001');
INSERT INTO `node_attr` VALUES (14929542544158191, 14929542544157913, 'volt3', '电压3', 'V', 'V', NULL, NULL, '186610102211100511', 'MN001');
INSERT INTO `node_attr` VALUES (14929542544158192, 14929542544157914, 'tem1', '温度1', '℃', '℃', NULL, NULL, '186610102211100511', 'RD001');
INSERT INTO `node_attr` VALUES (14929542544158193, 14929542544157914, 'tem2', '温度2', '℃', '℃', NULL, NULL, '186610102211100511', 'RD001');
INSERT INTO `node_attr` VALUES (14929542544158194, 14929542544157915, 'press', '压力', 'MPa', 'MPa', NULL, NULL, '186610102211100511', 'YL001');
INSERT INTO `node_attr` VALUES (14929542544158195, 14929542544157916, 'tem', '环境温度', '℃', '℃', NULL, NULL, '186610102211100512', 'WS001');
INSERT INTO `node_attr` VALUES (14929542544158196, 14929542544157916, 'hum', '湿度', 'g/m3', 'g/m3', NULL, NULL, '186610102211100512', 'WS001');
INSERT INTO `node_attr` VALUES (14929542544158197, 14929542544157917, 'curr1', '电流1', 'A', 'A', NULL, NULL, '186610102211100512', 'MN001');
INSERT INTO `node_attr` VALUES (14929542544158198, 14929542544157917, 'curr2', '电流2', 'A', 'A', NULL, NULL, '186610102211100512', 'MN001');
INSERT INTO `node_attr` VALUES (14929542544158199, 14929542544157917, 'curr3', '电流3', 'A', 'A', NULL, NULL, '186610102211100512', 'MN001');
INSERT INTO `node_attr` VALUES (14929542544158200, 14929542544157917, 'volt1', '电压1', 'V', 'V', NULL, NULL, '186610102211100512', 'MN001');
INSERT INTO `node_attr` VALUES (14929542544158201, 14929542544157917, 'volt2', '电压2', 'V', 'V', NULL, NULL, '186610102211100512', 'MN001');
INSERT INTO `node_attr` VALUES (14929542544158202, 14929542544157917, 'volt3', '电压3', 'V', 'V', NULL, NULL, '186610102211100512', 'MN001');
INSERT INTO `node_attr` VALUES (14929542544158203, 14929542544157918, 'tem1', '温度1', '℃', '℃', NULL, NULL, '186610102211100512', 'RD001');
INSERT INTO `node_attr` VALUES (14929542544158204, 14929542544157918, 'tem2', '温度2', '℃', '℃', NULL, NULL, '186610102211100512', 'RD001');
INSERT INTO `node_attr` VALUES (14929542544158205, 14929542544157919, 'press', '压力', 'MPa', 'MPa', NULL, NULL, '186610102211100512', 'YL001');
INSERT INTO `node_attr` VALUES (14929542544158206, 14929542544157920, 'curr1', '电流1', 'A', 'A', NULL, NULL, '186610102211100513', 'MN001');
INSERT INTO `node_attr` VALUES (14929542544158207, 14929542544157920, 'curr2', '电流2', 'A', 'A', NULL, NULL, '186610102211100513', 'MN001');
INSERT INTO `node_attr` VALUES (14929544691641344, 14929542544157920, 'curr3', '电流3', 'A', 'A', NULL, NULL, '186610102211100513', 'MN001');
INSERT INTO `node_attr` VALUES (14929544691641345, 14929542544157920, 'volt1', '电压1', 'V', 'V', NULL, NULL, '186610102211100513', 'MN001');
INSERT INTO `node_attr` VALUES (14929544691641346, 14929542544157920, 'volt2', '电压2', 'V', 'V', NULL, NULL, '186610102211100513', 'MN001');
INSERT INTO `node_attr` VALUES (14929544691641347, 14929542544157920, 'volt3', '电压3', 'V', 'V', NULL, NULL, '186610102211100513', 'MN001');
INSERT INTO `node_attr` VALUES (14929544691641348, 14929542544157921, 'tem1', '温度1', '℃', '℃', NULL, NULL, '186610102211100513', 'RD001');
INSERT INTO `node_attr` VALUES (14929544691641349, 14929542544157921, 'tem2', '温度2', '℃', '℃', NULL, NULL, '186610102211100513', 'RD001');
INSERT INTO `node_attr` VALUES (14929544691641350, 14929542544157922, 'press', '压力', 'MPa', 'MPa', NULL, NULL, '186610102211100513', 'YL001');
INSERT INTO `node_attr` VALUES (14929544691641351, 14929542544157923, 'tem', '环境温度', '℃', '℃', NULL, NULL, '186610102211100514', 'WS001');
INSERT INTO `node_attr` VALUES (14929544691641352, 14929542544157923, 'hum', '湿度', 'g/m3', 'g/m3', NULL, NULL, '186610102211100514', 'WS001');
INSERT INTO `node_attr` VALUES (14929544691641353, 14929542544157924, 'curr1', '电流1', 'A', 'A', NULL, NULL, '186610102211100514', 'MN001');
INSERT INTO `node_attr` VALUES (14929544691641354, 14929542544157924, 'curr2', '电流2', 'A', 'A', NULL, NULL, '186610102211100514', 'MN001');
INSERT INTO `node_attr` VALUES (14929544691641355, 14929542544157924, 'curr3', '电流3', 'A', 'A', NULL, NULL, '186610102211100514', 'MN001');
INSERT INTO `node_attr` VALUES (14929544691641356, 14929542544157924, 'volt1', '电压1', 'V', 'V', NULL, NULL, '186610102211100514', 'MN001');
INSERT INTO `node_attr` VALUES (14929544691641357, 14929542544157924, 'volt2', '电压2', 'V', 'V', NULL, NULL, '186610102211100514', 'MN001');
INSERT INTO `node_attr` VALUES (14929544691641358, 14929542544157925, 'tem1', '温度1', '℃', '℃', NULL, NULL, '186610102211100514', 'RD001');
INSERT INTO `node_attr` VALUES (14929544691641359, 14929542544157925, 'tem2', '温度2', '℃', '℃', NULL, NULL, '186610102211100514', 'RD001');
INSERT INTO `node_attr` VALUES (14929544691641360, 14929542544157926, 'press', '压力', 'MPa', 'MPa', NULL, NULL, '186610102211100514', 'YL001');
INSERT INTO `node_attr` VALUES (14929544691641361, 14929542544157927, 'tem', '环境温度', '℃', '℃', NULL, NULL, '186610102211100515', 'WS001');
INSERT INTO `node_attr` VALUES (14929544691641362, 14929542544157927, 'hum', '湿度', 'g/m3', 'g/m3', NULL, NULL, '186610102211100515', 'WS001');
INSERT INTO `node_attr` VALUES (14929544691641363, 14929542544157928, 'curr1', '电流1', 'A', 'A', NULL, NULL, '186610102211100515', 'MN001');
INSERT INTO `node_attr` VALUES (14929544691641364, 14929542544157928, 'curr3', '电流3', 'A', 'A', NULL, NULL, '186610102211100515', 'MN001');
INSERT INTO `node_attr` VALUES (14929544691641365, 14929542544157928, 'volt1', '电压1', 'V', 'V', NULL, NULL, '186610102211100515', 'MN001');
INSERT INTO `node_attr` VALUES (14929544691641366, 14929542544157928, 'volt2', '电压2', 'V', 'V', NULL, NULL, '186610102211100515', 'MN001');
INSERT INTO `node_attr` VALUES (14929544691641367, 14929542544157928, 'volt3', '电压3', 'V', 'V', NULL, NULL, '186610102211100515', 'MN001');
INSERT INTO `node_attr` VALUES (14929544691641368, 14929542544157929, 'tem1', '温度1', '℃', '℃', NULL, NULL, '186610102211100515', 'RD001');
INSERT INTO `node_attr` VALUES (14929544691641369, 14929542544157929, 'tem2', '温度2', '℃', '℃', NULL, NULL, '186610102211100515', 'RD001');
INSERT INTO `node_attr` VALUES (14929544691641370, 14929542544157930, 'press', '压力', 'MPa', 'MPa', NULL, NULL, '186610102211100515', 'YL001');
INSERT INTO `node_attr` VALUES (14929544691641371, 14929542544157931, 'tem', '环境温度', '℃', '℃', NULL, NULL, '186610102211100518', 'WS001');
INSERT INTO `node_attr` VALUES (14929544691641372, 14929542544157931, 'hum', '湿度', 'g/m3', 'g/m3', NULL, NULL, '186610102211100518', 'WS001');
INSERT INTO `node_attr` VALUES (14929544691641373, 14929542544157932, 'curr1', '电流1', 'A', 'A', NULL, NULL, '186610102211100518', 'MN001');
INSERT INTO `node_attr` VALUES (14929544691641374, 14929542544157932, 'curr2', '电流2', 'A', 'A', NULL, NULL, '186610102211100518', 'MN001');
INSERT INTO `node_attr` VALUES (14929544691641375, 14929542544157932, 'curr3', '电流3', 'A', 'A', NULL, NULL, '186610102211100518', 'MN001');
INSERT INTO `node_attr` VALUES (14929544691641376, 14929542544157932, 'volt1', '电压1', 'V', 'V', NULL, NULL, '186610102211100518', 'MN001');
INSERT INTO `node_attr` VALUES (14929544691641377, 14929542544157932, 'volt2', '电压2', 'V', 'V', NULL, NULL, '186610102211100518', 'MN001');
INSERT INTO `node_attr` VALUES (14929544691641378, 14929542544157932, 'volt3', '电压3', 'V', 'V', NULL, NULL, '186610102211100518', 'MN001');
INSERT INTO `node_attr` VALUES (14929544691641379, 14929542544157933, 'tem1', '温度1', '℃', '℃', NULL, NULL, '186610102211100518', 'RD001');
INSERT INTO `node_attr` VALUES (14929544691641380, 14929542544157934, 'press', '压力', 'MPa', 'MPa', NULL, NULL, '186610102211100518', 'YL001');
INSERT INTO `node_attr` VALUES (14929544691641381, 14929542544157935, 'tem', '环境温度', '℃', '℃', NULL, NULL, '186610102211100519', 'WS001');
INSERT INTO `node_attr` VALUES (14929544691641382, 14929542544157935, 'hum', '湿度', 'g/m3', 'g/m3', NULL, NULL, '186610102211100519', 'WS001');
INSERT INTO `node_attr` VALUES (14929544691641383, 14929542544157936, 'curr1', '电流1', 'A', 'A', NULL, NULL, '186610102211100519', 'MN001');
INSERT INTO `node_attr` VALUES (14929544691641384, 14929542544157936, 'curr2', '电流2', 'A', 'A', NULL, NULL, '186610102211100519', 'MN001');
INSERT INTO `node_attr` VALUES (14929544691641385, 14929542544157936, 'curr3', '电流3', 'A', 'A', NULL, NULL, '186610102211100519', 'MN001');
INSERT INTO `node_attr` VALUES (14929544691641386, 14929542544157936, 'volt1', '电压1', 'V', 'V', NULL, NULL, '186610102211100519', 'MN001');
INSERT INTO `node_attr` VALUES (14929544691641387, 14929542544157936, 'volt2', '电压2', 'V', 'V', NULL, NULL, '186610102211100519', 'MN001');
INSERT INTO `node_attr` VALUES (14929544691641388, 14929542544157936, 'volt3', '电压3', 'V', 'V', NULL, NULL, '186610102211100519', 'MN001');
INSERT INTO `node_attr` VALUES (14929544691641389, 14929542544157937, 'tem1', '温度1', '℃', '℃', NULL, NULL, '186610102211100519', 'RD001');
INSERT INTO `node_attr` VALUES (14929544691641390, 14929542544157937, 'tem2', '温度2', '℃', '℃', NULL, NULL, '186610102211100519', 'RD001');
INSERT INTO `node_attr` VALUES (14929544691641391, 14929542544157938, 'press', '压力', 'MPa', 'MPa', NULL, NULL, '186610102211100519', 'YL001');
INSERT INTO `node_attr` VALUES (14929544691641392, 14929542544157939, 'curr1', '电流1', 'A', 'A', NULL, NULL, '186610102211100520', 'MN001');
INSERT INTO `node_attr` VALUES (14929544691641393, 14929542544157939, 'curr2', '电流2', 'A', 'A', NULL, NULL, '186610102211100520', 'MN001');
INSERT INTO `node_attr` VALUES (14929544691641394, 14929542544157939, 'curr3', '电流3', 'A', 'A', NULL, NULL, '186610102211100520', 'MN001');
INSERT INTO `node_attr` VALUES (14929544691641395, 14929542544157939, 'volt1', '电压1', 'V', 'V', NULL, NULL, '186610102211100520', 'MN001');
INSERT INTO `node_attr` VALUES (14929544691641396, 14929542544157939, 'volt2', '电压2', 'V', 'V', NULL, NULL, '186610102211100520', 'MN001');
INSERT INTO `node_attr` VALUES (14929544691641397, 14929542544157939, 'volt3', '电压3', 'V', 'V', NULL, NULL, '186610102211100520', 'MN001');
INSERT INTO `node_attr` VALUES (14929544691641398, 14929542544157940, 'tem1', '温度1', '℃', '℃', NULL, NULL, '186610102211100520', 'RD001');
INSERT INTO `node_attr` VALUES (14929544691641399, 14929542544157940, 'tem2', '温度2', '℃', '℃', NULL, NULL, '186610102211100520', 'RD001');
INSERT INTO `node_attr` VALUES (14929544691641400, 14929542544157941, 'press', '压力', 'MPa', 'MPa', NULL, NULL, '186610102211100520', 'YL001');
INSERT INTO `node_attr` VALUES (14929544691641401, 14929542544157942, 'tem', '环境温度', '℃', '℃', NULL, NULL, '186610102211100521', 'WS001');
INSERT INTO `node_attr` VALUES (14929544691641402, 14929542544157942, 'hum', '湿度', 'g/m3', 'g/m3', NULL, NULL, '186610102211100521', 'WS001');
INSERT INTO `node_attr` VALUES (14929544691641403, 14929542544157943, 'curr1', '电流1', 'A', 'A', NULL, NULL, '186610102211100521', 'MN001');
INSERT INTO `node_attr` VALUES (14929544691641404, 14929542544157943, 'curr2', '电流2', 'A', 'A', NULL, NULL, '186610102211100521', 'MN001');
INSERT INTO `node_attr` VALUES (14929544691641405, 14929542544157943, 'curr3', '电流3', 'A', 'A', NULL, NULL, '186610102211100521', 'MN001');
INSERT INTO `node_attr` VALUES (14929544691641406, 14929542544157943, 'volt1', '电压1', 'V', 'V', NULL, NULL, '186610102211100521', 'MN001');
INSERT INTO `node_attr` VALUES (14929544691641407, 14929542544157943, 'volt2', '电压2', 'V', 'V', NULL, NULL, '186610102211100521', 'MN001');
INSERT INTO `node_attr` VALUES (14929544691641408, 14929542544157943, 'volt3', '电压3', 'V', 'V', NULL, NULL, '186610102211100521', 'MN001');
INSERT INTO `node_attr` VALUES (14929544691641409, 14929542544157944, 'tem1', '温度1', '℃', '℃', NULL, NULL, '186610102211100521', 'RD001');
INSERT INTO `node_attr` VALUES (14929544691641410, 14929542544157944, 'tem2', '温度2', '℃', '℃', NULL, NULL, '186610102211100521', 'RD001');
INSERT INTO `node_attr` VALUES (14929544691641411, 14929542544157945, 'press', '压力', 'MPa', 'MPa', NULL, NULL, '186610102211100521', 'YL001');
INSERT INTO `node_attr` VALUES (14929544691641412, 14929542544157946, 'tem', '环境温度', '℃', '℃', NULL, NULL, '186610102211100522', 'WS001');
INSERT INTO `node_attr` VALUES (14929544691641413, 14929542544157946, 'hum', '湿度', 'g/m3', 'g/m3', NULL, NULL, '186610102211100522', 'WS001');
INSERT INTO `node_attr` VALUES (14929544691641414, 14929542544157947, 'curr1', '电流1', 'A', 'A', NULL, NULL, '186610102211100522', 'MN001');
INSERT INTO `node_attr` VALUES (14929544691641415, 14929542544157947, 'curr2', '电流2', 'A', 'A', NULL, NULL, '186610102211100522', 'MN001');
INSERT INTO `node_attr` VALUES (14929544691641416, 14929542544157947, 'curr3', '电流3', 'A', 'A', NULL, NULL, '186610102211100522', 'MN001');
INSERT INTO `node_attr` VALUES (14929544691641417, 14929542544157947, 'volt1', '电压1', 'V', 'V', NULL, NULL, '186610102211100522', 'MN001');
INSERT INTO `node_attr` VALUES (14929544691641418, 14929542544157947, 'volt2', '电压2', 'V', 'V', NULL, NULL, '186610102211100522', 'MN001');
INSERT INTO `node_attr` VALUES (14929544691641419, 14929542544157947, 'volt3', '电压3', 'V', 'V', NULL, NULL, '186610102211100522', 'MN001');
INSERT INTO `node_attr` VALUES (14929544691641420, 14929542544157948, 'tem1', '温度1', '℃', '℃', NULL, NULL, '186610102211100522', 'RD001');
INSERT INTO `node_attr` VALUES (14929544691641421, 14929542544157948, 'tem2', '温度2', '℃', '℃', NULL, NULL, '186610102211100522', 'RD001');
INSERT INTO `node_attr` VALUES (14929544691641422, 14929542544157949, 'press', '压力', 'MPa', 'MPa', NULL, NULL, '186610102211100522', 'YL001');
INSERT INTO `node_attr` VALUES (14929544691641423, 14929542544157950, 'curr1', '电流1', 'A', 'A', NULL, NULL, '186610102211100523', 'MN001');
INSERT INTO `node_attr` VALUES (14929544691641424, 14929542544157950, 'curr2', '电流2', 'A', 'A', NULL, NULL, '186610102211100523', 'MN001');
INSERT INTO `node_attr` VALUES (14929544691641425, 14929542544157950, 'curr3', '电流3', 'A', 'A', NULL, NULL, '186610102211100523', 'MN001');
INSERT INTO `node_attr` VALUES (14929544691641426, 14929542544157950, 'volt1', '电压1', 'V', 'V', NULL, NULL, '186610102211100523', 'MN001');
INSERT INTO `node_attr` VALUES (14929544691641427, 14929542544157950, 'volt2', '电压2', 'V', 'V', NULL, NULL, '186610102211100523', 'MN001');
INSERT INTO `node_attr` VALUES (14929544691641428, 14929542544157950, 'volt3', '电压3', 'V', 'V', NULL, NULL, '186610102211100523', 'MN001');
INSERT INTO `node_attr` VALUES (14929544691641429, 14929542544157951, 'tem1', '温度1', '℃', '℃', NULL, NULL, '186610102211100523', 'RD001');
INSERT INTO `node_attr` VALUES (14929544691641430, 14929542544157951, 'tem2', '温度2', '℃', '℃', NULL, NULL, '186610102211100523', 'RD001');
INSERT INTO `node_attr` VALUES (14929544691641431, 14929542544157952, 'press', '压力', 'MPa', 'MPa', NULL, NULL, '186610102211100523', 'YL001');
INSERT INTO `node_attr` VALUES (14929544691641432, 14929542544157953, 'tem', '环境温度', '℃', '℃', NULL, NULL, '186610102211100537', 'WS001');
INSERT INTO `node_attr` VALUES (14929544691641433, 14929542544157953, 'hum', '湿度', 'g/m3', 'g/m3', NULL, NULL, '186610102211100537', 'WS001');
INSERT INTO `node_attr` VALUES (14929544691641434, 14929542544157954, 'curr1', '电流1', 'A', 'A', NULL, NULL, '186610102211100537', 'MN001');
INSERT INTO `node_attr` VALUES (14929544691641435, 14929542544157954, 'curr2', '电流2', 'A', 'A', NULL, NULL, '186610102211100537', 'MN001');
INSERT INTO `node_attr` VALUES (14929544691641436, 14929542544157954, 'curr3', '电流3', 'A', 'A', NULL, NULL, '186610102211100537', 'MN001');
INSERT INTO `node_attr` VALUES (14929544691641437, 14929542544157954, 'volt1', '电压1', 'V', 'V', NULL, NULL, '186610102211100537', 'MN001');
INSERT INTO `node_attr` VALUES (14929544691641438, 14929542544157954, 'volt2', '电压2', 'V', 'V', NULL, NULL, '186610102211100537', 'MN001');
INSERT INTO `node_attr` VALUES (14929544691641439, 14929542544157954, 'volt3', '电压3', 'V', 'V', NULL, NULL, '186610102211100537', 'MN001');
INSERT INTO `node_attr` VALUES (14929544691641440, 14929542544157955, 'tem1', '温度1', '℃', '℃', NULL, NULL, '186610102211100537', 'RD001');
INSERT INTO `node_attr` VALUES (14929544691641441, 14929542544157955, 'tem2', '温度2', '℃', '℃', NULL, NULL, '186610102211100537', 'RD001');
INSERT INTO `node_attr` VALUES (14929544691641442, 14929542544157956, 'press', '压力', 'MPa', 'MPa', NULL, NULL, '186610102211100537', 'YL001');
INSERT INTO `node_attr` VALUES (14929544691641443, 14929542544157957, 'tem', '环境温度', '℃', '℃', NULL, NULL, '186610102211100538', 'WS001');
INSERT INTO `node_attr` VALUES (14929544691641444, 14929542544157957, 'hum', '湿度', 'g/m3', 'g/m3', NULL, NULL, '186610102211100538', 'WS001');
INSERT INTO `node_attr` VALUES (14929544691641445, 14929542544157958, 'curr1', '电流1', 'A', 'A', NULL, NULL, '186610102211100538', 'MN001');
INSERT INTO `node_attr` VALUES (14929544691641446, 14929542544157958, 'curr2', '电流2', 'A', 'A', NULL, NULL, '186610102211100538', 'MN001');
INSERT INTO `node_attr` VALUES (14929544691641447, 14929542544157958, 'curr3', '电流3', 'A', 'A', NULL, NULL, '186610102211100538', 'MN001');
INSERT INTO `node_attr` VALUES (14929544691641448, 14929542544157958, 'volt1', '电压1', 'V', 'V', NULL, NULL, '186610102211100538', 'MN001');
INSERT INTO `node_attr` VALUES (14929544691641449, 14929542544157958, 'volt2', '电压2', 'V', 'V', NULL, NULL, '186610102211100538', 'MN001');
INSERT INTO `node_attr` VALUES (14929544691641450, 14929542544157958, 'volt3', '电压3', 'V', 'V', NULL, NULL, '186610102211100538', 'MN001');
INSERT INTO `node_attr` VALUES (14929544691641451, 14929542544157959, 'tem1', '温度1', '℃', '℃', NULL, NULL, '186610102211100538', 'RD001');
INSERT INTO `node_attr` VALUES (14929544691641452, 14929542544157959, 'tem2', '温度2', '℃', '℃', NULL, NULL, '186610102211100538', 'RD001');
INSERT INTO `node_attr` VALUES (14929544691641453, 14929542544157960, 'press', '压力', 'MPa', 'MPa', NULL, NULL, '186610102211100538', 'YL001');
INSERT INTO `node_attr` VALUES (14929544691641454, 14929542544157961, 'curr1', '电流1', 'A', 'A', NULL, NULL, '186610102211000332', 'MN001');
INSERT INTO `node_attr` VALUES (14929544691641455, 14929542544157961, 'curr2', '电流2', 'A', 'A', NULL, NULL, '186610102211000332', 'MN001');
INSERT INTO `node_attr` VALUES (14929544691641456, 14929542544157961, 'curr3', '电流3', 'A', 'A', NULL, NULL, '186610102211000332', 'MN001');
INSERT INTO `node_attr` VALUES (14929544691641457, 14929542544157961, 'volt1', '电压1', 'V', 'V', NULL, NULL, '186610102211000332', 'MN001');
INSERT INTO `node_attr` VALUES (14929544691641458, 14929542544157961, 'volt2', '电压2', 'V', 'V', NULL, NULL, '186610102211000332', 'MN001');
INSERT INTO `node_attr` VALUES (14929544691641459, 14929542544157961, 'volt3', '电压3', 'V', 'V', NULL, NULL, '186610102211000332', 'MN001');
INSERT INTO `node_attr` VALUES (14929544691641460, 14929542544157962, 'tem1', '温度1', '℃', '℃', NULL, NULL, '186610102211000332', 'RD001');
INSERT INTO `node_attr` VALUES (14929544691641461, 14929542544157962, 'tem2', '温度2', '℃', '℃', NULL, NULL, '186610102211000332', 'RD001');
INSERT INTO `node_attr` VALUES (14929544691641462, 14929542544157963, 'press', '压力', 'MPa', 'MPa', NULL, NULL, '186610102211000332', 'YL001');
INSERT INTO `node_attr` VALUES (14929544691641463, 14929542544157964, 'curr1', '电流1', 'A', 'A', NULL, NULL, '186610102211100544', 'MN001');
INSERT INTO `node_attr` VALUES (14929544691641464, 14929542544157964, 'curr2', '电流2', 'A', 'A', NULL, NULL, '186610102211100544', 'MN001');
INSERT INTO `node_attr` VALUES (14929544691641465, 14929542544157966, 'tem1', '温度1', '℃', '℃', NULL, NULL, '186610102211100546', 'RD001');
INSERT INTO `node_attr` VALUES (14929544691641466, 14929542544157966, 'tem2', '温度2', '℃', '℃', NULL, NULL, '186610102211100546', 'RD001');
INSERT INTO `node_attr` VALUES (14929544691641467, 14929542544157966, 'hum', '湿度', 'g/cm3', 'g/cm3', NULL, NULL, '186610102211100546', 'RD001');
INSERT INTO `node_attr` VALUES (14929544691641468, 14929542544157966, 'tem3', '温度3', '℃', '℃', NULL, NULL, '186610102211100546', 'RD001');
INSERT INTO `node_attr` VALUES (14929544691641469, 14929542544157966, 'tem4', '温度4', '℃', '℃', NULL, NULL, '186610102211100546', 'RD001');
INSERT INTO `node_attr` VALUES (14929544691641470, 14929542544157967, 'hum', '湿度', 'g/m3', 'g/m3', NULL, NULL, '186610102211100549', 'WS001');
INSERT INTO `node_attr` VALUES (14929544691641471, 14929542544157968, 'tem2', '温度2', '℃', '℃', NULL, NULL, '186610102211100549', 'RD001');
INSERT INTO `node_attr` VALUES (14929544691641472, 14929542544157968, 'tem4', '温度4', '℃', '℃', NULL, NULL, '186610102211100549', 'RD001');
INSERT INTO `node_attr` VALUES (14929544691641473, 14929542544157968, 'tem1', '温度1', '℃', '℃', NULL, NULL, '186610102211100549', 'RD001');
INSERT INTO `node_attr` VALUES (14929544691641474, 14929542544157968, 'tem3', '温度3', '℃', '℃', NULL, NULL, '186610102211100549', 'RD001');
INSERT INTO `node_attr` VALUES (14929544691641475, 14929542544157968, 'tem5', '温度5', '℃', '℃', NULL, NULL, '186610102211100549', 'RD001');
INSERT INTO `node_attr` VALUES (14929544691641476, 14929542544157969, 'press1', '压力1', 'MPa', 'MPa', NULL, NULL, '186610102211100549', 'YL001');
INSERT INTO `node_attr` VALUES (14929544691641477, 14929542544157969, 'press2', '压力2', 'MPa', 'MPa', NULL, NULL, '186610102211100549', 'YL001');
INSERT INTO `node_attr` VALUES (14929544691641478, 14929542544157969, 'press3', '压力3', 'MPa', 'MPa', NULL, NULL, '186610102211100549', 'YL001');
INSERT INTO `node_attr` VALUES (14929544691641479, 14929542544157969, 'press4', '压力4', 'MPa', 'MPa', NULL, NULL, '186610102211100549', 'YL001');
INSERT INTO `node_attr` VALUES (14929544691641480, 14929542544157969, 'press5', '压力5', 'MPa', 'MPa', NULL, NULL, '186610102211100549', 'YL001');
INSERT INTO `node_attr` VALUES (14929544691641481, 14929542544157970, 'tem2', '温度2', '℃', '℃', NULL, NULL, '186610102211100550', 'RD001');
INSERT INTO `node_attr` VALUES (14929544691641482, 14929542544157970, 'tem3', '温度3', '℃', '℃', NULL, NULL, '186610102211100550', 'RD001');
INSERT INTO `node_attr` VALUES (14929544691641483, 14929542544157970, 'tem4', '温度4', '℃', '℃', NULL, NULL, '186610102211100550', 'RD001');
INSERT INTO `node_attr` VALUES (14929544691641484, 14929542544157970, 'tem5', '温度5', '℃', '℃', NULL, NULL, '186610102211100550', 'RD001');
INSERT INTO `node_attr` VALUES (14929544691641485, 14929542544157971, 'press1', '压力1', 'MPa', 'MPa', NULL, NULL, '186610102211100550', 'YL001');
INSERT INTO `node_attr` VALUES (14929544691641486, 14929542544157971, 'press2', '压力2', 'MPa', 'MPa', NULL, NULL, '186610102211100550', 'YL001');
INSERT INTO `node_attr` VALUES (14929544691641487, 14929542544157971, 'press3', '压力3', 'MPa', 'MPa', NULL, NULL, '186610102211100550', 'YL001');
INSERT INTO `node_attr` VALUES (14929544691641488, 14929542544157971, 'press4', '压力4', 'MPa', 'MPa', NULL, NULL, '186610102211100550', 'YL001');
INSERT INTO `node_attr` VALUES (14929544691641489, 14929542544157971, 'press5', '压力5', 'MPa', 'MPa', NULL, NULL, '186610102211100550', 'YL001');
INSERT INTO `node_attr` VALUES (14929544691641490, 14929542544157972, 'curr1', '电流', 'A', 'A', NULL, NULL, '186610102211100551', 'RD001');
INSERT INTO `node_attr` VALUES (14929544691641491, 14929542544157973, 'tem1', '温度1', '℃', '℃', NULL, NULL, '186610102211100552', 'RD001');
INSERT INTO `node_attr` VALUES (14929544691641492, 14929542544157973, 'tem2', '温度2', '℃', '℃', NULL, NULL, '186610102211100552', 'RD001');
INSERT INTO `node_attr` VALUES (14929544691641493, 14929542544157973, 'tem3', '温度3', '℃', '℃', NULL, NULL, '186610102211100552', 'RD001');
INSERT INTO `node_attr` VALUES (14929544691641494, 14929542544157973, 'tem4', '温度4', '℃', '℃', NULL, NULL, '186610102211100552', 'RD001');
INSERT INTO `node_attr` VALUES (14929544691641495, 14929542544157973, 'hum', '湿度', 'g/m3', 'g/m3', NULL, NULL, '186610102211100552', 'RD001');
INSERT INTO `node_attr` VALUES (14929544691641496, 14929542544157974, 'tem', '环境温度', '℃', '℃', NULL, NULL, '186610102211100559', 'WS001');
INSERT INTO `node_attr` VALUES (14929544691641497, 14929542544157974, 'hum', '湿度', 'g/m3', 'g/m3', NULL, NULL, '186610102211100559', 'WS001');
INSERT INTO `node_attr` VALUES (14929544691641498, 14929542544157975, 'curr1', '电流1', 'A', 'A', NULL, NULL, '186610102211100559', 'MN001');
INSERT INTO `node_attr` VALUES (14929544691641499, 14929542544157975, 'curr2', '电流2', 'A', 'A', NULL, NULL, '186610102211100559', 'MN001');
INSERT INTO `node_attr` VALUES (14929544691641500, 14929542544157975, 'curr3', '电流3', 'A', 'A', NULL, NULL, '186610102211100559', 'MN001');
INSERT INTO `node_attr` VALUES (14929544691641501, 14929542544157975, 'volt1', '电压1', 'V', 'V', NULL, NULL, '186610102211100559', 'MN001');
INSERT INTO `node_attr` VALUES (14929544691641502, 14929542544157975, 'volt2', '电压2', 'V', 'V', NULL, NULL, '186610102211100559', 'MN001');
INSERT INTO `node_attr` VALUES (14929544691641503, 14929542544157975, 'volt3', '电压3', 'V', 'V', NULL, NULL, '186610102211100559', 'MN001');
INSERT INTO `node_attr` VALUES (14929544691641504, 14929542544157976, 'tem1', '温度1', '℃', '℃', NULL, NULL, '186610102211100559', 'RD001');
INSERT INTO `node_attr` VALUES (14929544691641505, 14929542544157976, 'tem2', '温度2', '℃', '℃', NULL, NULL, '186610102211100559', 'RD001');
INSERT INTO `node_attr` VALUES (14929544691641506, 14929542544157977, 'press', '压力', 'MPa', 'MPa', NULL, NULL, '186610102211100559', 'YL001');
INSERT INTO `node_attr` VALUES (14929544691641507, 14929542544157978, 'tem', '环境温度', '℃', '℃', NULL, NULL, '186610102211100560', 'WS001');
INSERT INTO `node_attr` VALUES (14929544691641508, 14929542544157978, 'hum', '湿度', 'g/m3', 'g/m3', NULL, NULL, '186610102211100560', 'WS001');
INSERT INTO `node_attr` VALUES (14929544691641509, 14929542544157979, 'curr1', '电流1', 'A', 'A', NULL, NULL, '186610102211100560', 'MN001');
INSERT INTO `node_attr` VALUES (14929544691641510, 14929542544157979, 'curr2', '电流2', 'A', 'A', NULL, NULL, '186610102211100560', 'MN001');
INSERT INTO `node_attr` VALUES (14929544691641511, 14929542544157979, 'curr3', '电流3', 'A', 'A', NULL, NULL, '186610102211100560', 'MN001');
INSERT INTO `node_attr` VALUES (14929544691641512, 14929542544157979, 'volt1', '电压1', 'V', 'V', NULL, NULL, '186610102211100560', 'MN001');
INSERT INTO `node_attr` VALUES (14929544691641513, 14929542544157979, 'volt2', '电压2', 'V', 'V', NULL, NULL, '186610102211100560', 'MN001');
INSERT INTO `node_attr` VALUES (14929544691641514, 14929542544157979, 'volt3', '电压3', 'V', 'V', NULL, NULL, '186610102211100560', 'MN001');
INSERT INTO `node_attr` VALUES (14929544691641515, 14929542544157980, 'tem1', '温度1', '℃', '℃', NULL, NULL, '186610102211100560', 'RD001');
INSERT INTO `node_attr` VALUES (14929544691641516, 14929542544157980, 'tem2', '温度2', '℃', '℃', NULL, NULL, '186610102211100560', 'RD001');
INSERT INTO `node_attr` VALUES (14929544691641517, 14929542544157981, 'press', '压力', 'MPa', 'MPa', NULL, NULL, '186610102211100560', 'YL001');
INSERT INTO `node_attr` VALUES (14929544691641518, 14929542544157982, 'curr1', '电流1', 'A', 'A', NULL, NULL, '186610102211100566', 'MN001');
INSERT INTO `node_attr` VALUES (14929544691641519, 14929542544157982, 'curr2', '电流2', 'A', 'A', NULL, NULL, '186610102211100566', 'MN001');
INSERT INTO `node_attr` VALUES (14929544691641520, 14929542544157982, 'curr3', '电流3', 'A', 'A', NULL, NULL, '186610102211100566', 'MN001');
INSERT INTO `node_attr` VALUES (14929544691641521, 14929542544157982, 'volt1', '电压1', 'V', 'V', NULL, NULL, '186610102211100566', 'MN001');
INSERT INTO `node_attr` VALUES (14929544691641522, 14929542544157982, 'volt2', '电压2', 'V', 'V', NULL, NULL, '186610102211100566', 'MN001');
INSERT INTO `node_attr` VALUES (14929544691641523, 14929542544157982, 'volt3', '电压3', 'V', 'V', NULL, NULL, '186610102211100566', 'MN001');
INSERT INTO `node_attr` VALUES (14929544691641524, 14929542544157983, 'tem1', '温度1', '℃', '℃', NULL, NULL, '186610102211100566', 'WD001');
INSERT INTO `node_attr` VALUES (14929544691641525, 14929542544157983, 'tem2', '温度2', '℃', '℃', NULL, NULL, '186610102211100566', 'WD001');
INSERT INTO `node_attr` VALUES (14929544691641526, 14929542544157983, 'tem3', '温度3', '℃', '℃', NULL, NULL, '186610102211100566', 'WD001');
INSERT INTO `node_attr` VALUES (14929544691641527, 14929542544157983, 'tem4', '温度4', '℃', '℃', NULL, NULL, '186610102211100566', 'WD001');
INSERT INTO `node_attr` VALUES (14929544691641528, 14929542544157983, 'tem5', '温度5', '℃', '℃', NULL, NULL, '186610102211100566', 'WD001');
INSERT INTO `node_attr` VALUES (14929544691641529, 14929542544157984, 'press1', '压力1', 'MPa', 'MPa', NULL, NULL, '186610102211100566', 'YL001');
INSERT INTO `node_attr` VALUES (14929544691641530, 14929542544157984, 'press2', '压力2', 'MPa', 'MPa', NULL, NULL, '186610102211100566', 'YL001');
INSERT INTO `node_attr` VALUES (14929544691641531, 14929542544157984, 'press3', '压力3', 'MPa', 'MPa', NULL, NULL, '186610102211100566', 'YL001');
INSERT INTO `node_attr` VALUES (14929544691641532, 14929542544157984, 'press4', '压力4', 'MPa', 'MPa', NULL, NULL, '186610102211100566', 'YL001');
INSERT INTO `node_attr` VALUES (14929544691641533, 14929542544157984, 'press5', '压力5', 'MPa', 'MPa', NULL, NULL, '186610102211100566', 'YL001');
INSERT INTO `node_attr` VALUES (14929544691641534, 14929542544157985, 'tem1', '温度1', '℃', '℃', NULL, NULL, '186610102211000563', 'WD001');
INSERT INTO `node_attr` VALUES (14929544691641535, 14929542544157985, 'tem2', '温度2', '℃', '℃', NULL, NULL, '186610102211000563', 'WD001');
INSERT INTO `node_attr` VALUES (14929544691641536, 14929542544157985, 'tem3', '温度3', '℃', '℃', NULL, NULL, '186610102211000563', 'WD001');
INSERT INTO `node_attr` VALUES (14929544691641537, 14929542544157985, 'tem4', '温度4', '℃', '℃', NULL, NULL, '186610102211000563', 'WD001');
INSERT INTO `node_attr` VALUES (14929544691641538, 14929542544157985, 'tem5', '温度5', '℃', '℃', NULL, NULL, '186610102211000563', 'WD001');
INSERT INTO `node_attr` VALUES (14929544691641539, 14929542544157986, 'press1', '压力1', 'MPa', 'MPa', NULL, NULL, '186610102211000563', 'YL001');
INSERT INTO `node_attr` VALUES (14929544691641540, 14929542544157986, 'press2', '压力2', 'MPa', 'MPa', NULL, NULL, '186610102211000563', 'YL001');
INSERT INTO `node_attr` VALUES (14929544691641541, 14929542544157986, 'press3', '压力3', 'MPa', 'MPa', NULL, NULL, '186610102211000563', 'YL001');
INSERT INTO `node_attr` VALUES (14929544691641542, 14929542544157986, 'press4', '压力4', 'MPa', 'MPa', NULL, NULL, '186610102211000563', 'YL001');
INSERT INTO `node_attr` VALUES (14929544691641543, 14929542544157986, 'press5', '压力5', 'MPa', 'MPa', NULL, NULL, '186610102211000563', 'YL001');
INSERT INTO `node_attr` VALUES (14929544691641544, 14929542544157987, 'curr1', '电流1', 'A', 'A', NULL, NULL, '186610102211000563', 'MN001');
INSERT INTO `node_attr` VALUES (14929544691641545, 14929542544157987, 'curr2', '电流2', 'A', 'A', NULL, NULL, '186610102211000563', 'MN001');
INSERT INTO `node_attr` VALUES (14929544691641546, 14929542544157987, 'curr3', '电流3', 'A', 'A', NULL, NULL, '186610102211000563', 'MN001');
INSERT INTO `node_attr` VALUES (14929544691641547, 14929542544157987, 'volt1', '电压1', 'V', 'V', NULL, NULL, '186610102211000563', 'MN001');
INSERT INTO `node_attr` VALUES (14929544691641548, 14929542544157987, 'volt2', '电压2', 'V', 'V', NULL, NULL, '186610102211000563', 'MN001');
INSERT INTO `node_attr` VALUES (14929544691641549, 14929542544157987, 'volt3', '电压3', 'V', 'V', NULL, NULL, '186610102211000563', 'MN001');
INSERT INTO `node_attr` VALUES (14929544691641550, 14929542544157988, 'press', '压力', 'MPa', 'MPa', NULL, NULL, '186610102211000563', 'YL002');
INSERT INTO `node_attr` VALUES (14929544691641551, 14929542544157989, 'curr1', '电流1', 'A', 'A', NULL, NULL, '186610102211100361', 'MN001');
INSERT INTO `node_attr` VALUES (14929544691641552, 14929542544157989, 'curr2', '电流2', 'A', 'A', NULL, NULL, '186610102211100361', 'MN001');
INSERT INTO `node_attr` VALUES (14929544691641553, 14929542544157989, 'curr3', '电流3', 'A', 'A', NULL, NULL, '186610102211100361', 'MN001');
INSERT INTO `node_attr` VALUES (14929544691641554, 14929542544157989, 'volt1', '电压1', 'V', 'V', NULL, NULL, '186610102211100361', 'MN001');
INSERT INTO `node_attr` VALUES (14929544691641555, 14929542544157989, 'volt2', '电压2', 'V', 'V', NULL, NULL, '186610102211100361', 'MN001');
INSERT INTO `node_attr` VALUES (14929544691641556, 14929542544157989, 'volt3', '电压3', 'V', 'V', NULL, NULL, '186610102211100361', 'MN001');
INSERT INTO `node_attr` VALUES (14929544691641557, 14929542544157990, 'tem1', '温度1', '℃', '℃', NULL, NULL, '186610102211100361', 'WD001');
INSERT INTO `node_attr` VALUES (14929544691641558, 14929542544157990, 'tem2', '温度2', '℃', '℃', NULL, NULL, '186610102211100361', 'WD001');
INSERT INTO `node_attr` VALUES (14929544691641559, 14929542544157990, 'tem3', '温度3', '℃', '℃', NULL, NULL, '186610102211100361', 'WD001');
INSERT INTO `node_attr` VALUES (14929544691641560, 14929542544157990, 'tem4', '温度4', '℃', '℃', NULL, NULL, '186610102211100361', 'WD001');
INSERT INTO `node_attr` VALUES (14929544691641561, 14929542544157990, 'tem5', '温度5', '℃', '℃', NULL, NULL, '186610102211100361', 'WD001');
INSERT INTO `node_attr` VALUES (14929544691641562, 14929542544157991, 'press1', '压力1', 'MPa', 'MPa', NULL, NULL, '186610102211100361', 'YL001');
INSERT INTO `node_attr` VALUES (14929544691641563, 14929542544157991, 'press2', '压力2', 'MPa', 'MPa', NULL, NULL, '186610102211100361', 'YL001');
INSERT INTO `node_attr` VALUES (14929544691641564, 14929542544157991, 'press3', '压力3', 'MPa', 'MPa', NULL, NULL, '186610102211100361', 'YL001');
INSERT INTO `node_attr` VALUES (14929544691641565, 14929542544157991, 'press4', '压力4', 'MPa', 'MPa', NULL, NULL, '186610102211100361', 'YL001');
INSERT INTO `node_attr` VALUES (14929544691641566, 14929542544157991, 'press5', '压力5', 'MPa', 'MPa', NULL, NULL, '186610102211100361', 'YL001');
INSERT INTO `node_attr` VALUES (14929544691641567, 14929542544157992, 'curr1', '电流1', 'A', 'A', NULL, NULL, '186610102211100567', 'MN001');
INSERT INTO `node_attr` VALUES (14929544691641568, 14929542544157992, 'curr2', '电流2', 'A', 'A', NULL, NULL, '186610102211100567', 'MN001');
INSERT INTO `node_attr` VALUES (14929544691641569, 14929542544157992, 'curr3', '电流3', 'A', 'A', NULL, NULL, '186610102211100567', 'MN001');
INSERT INTO `node_attr` VALUES (14929544691641570, 14929542544157992, 'volt1', '电压1', 'V', 'V', NULL, NULL, '186610102211100567', 'MN001');
INSERT INTO `node_attr` VALUES (14929544691641571, 14929542544157992, 'volt2', '电压2', 'V', 'V', NULL, NULL, '186610102211100567', 'MN001');
INSERT INTO `node_attr` VALUES (14929544691641572, 14929542544157992, 'volt3', '电压3', 'V', 'V', NULL, NULL, '186610102211100567', 'MN001');
INSERT INTO `node_attr` VALUES (14929544691641573, 14929542544157993, 'tem1', '温度1', '℃', '℃', NULL, NULL, '186610102211100567', 'RD001');
INSERT INTO `node_attr` VALUES (14929544691641574, 14929542544157993, 'tem2', '温度2', '℃', '℃', NULL, NULL, '186610102211100567', 'RD001');
INSERT INTO `node_attr` VALUES (14929544691641575, 14929542544157993, 'tem3', '温度3', '℃', '℃', NULL, NULL, '186610102211100567', 'RD001');
INSERT INTO `node_attr` VALUES (14929544691641576, 14929542544157993, 'tem4', '温度4', '℃', '℃', NULL, NULL, '186610102211100567', 'RD001');
INSERT INTO `node_attr` VALUES (14929544691641577, 14929542544157993, 'tem5', '温度5', '℃', '℃', NULL, NULL, '186610102211100567', 'RD001');
INSERT INTO `node_attr` VALUES (14929544691641578, 14929542544157994, 'press1', '压力1', 'MPa', 'MPa', NULL, NULL, '186610102211100567', 'YL001');
INSERT INTO `node_attr` VALUES (14929544691641579, 14929542544157994, 'press2', '压力2', 'MPa', 'MPa', NULL, NULL, '186610102211100567', 'YL001');
INSERT INTO `node_attr` VALUES (14929544691641580, 14929542544157994, 'press3', '压力3', 'MPa', 'MPa', NULL, NULL, '186610102211100567', 'YL001');
INSERT INTO `node_attr` VALUES (14929544691641581, 14929542544157994, 'press4', '压力4', 'MPa', 'MPa', NULL, NULL, '186610102211100567', 'YL001');
INSERT INTO `node_attr` VALUES (14929544691641582, 14929542544157994, 'press5', '压力5', 'MPa', 'MPa', NULL, NULL, '186610102211100567', 'YL001');
INSERT INTO `node_attr` VALUES (14929544691641583, 14929542544157995, 'tem', '采集卡温度', '℃', '℃', NULL, NULL, '186610102211100567', 'RD002');
INSERT INTO `node_attr` VALUES (14929544691641584, 14929542544157995, 'tem1', '采集卡温度1', '℃', '℃', NULL, NULL, '186610102211100567', 'RD002');
INSERT INTO `node_attr` VALUES (14929544691641585, 14929542544157995, 'tem2', '采集卡温度2', '℃', '℃', NULL, NULL, '186610102211100567', 'RD002');
INSERT INTO `node_attr` VALUES (14929544691641586, 14929542544157996, 'curr1', '电流1', 'A', 'A', NULL, NULL, '186610102211100574', 'MN001');
INSERT INTO `node_attr` VALUES (14929544691641587, 14929542544157996, 'curr2', '电流2', 'A', 'A', NULL, NULL, '186610102211100574', 'MN001');
INSERT INTO `node_attr` VALUES (14929544691641588, 14929542544157996, 'curr3', '电流3', 'A', 'A', NULL, NULL, '186610102211100574', 'MN001');
INSERT INTO `node_attr` VALUES (14929544691641589, 14929542544157996, 'volt1', '电压1', 'V', 'V', NULL, NULL, '186610102211100574', 'MN001');
INSERT INTO `node_attr` VALUES (14929544691641590, 14929542544157996, 'volt2', '电压2', 'V', 'V', NULL, NULL, '186610102211100574', 'MN001');
INSERT INTO `node_attr` VALUES (14929544691641591, 14929542544157996, 'volt3', '电压3', 'V', 'V', NULL, NULL, '186610102211100574', 'MN001');
INSERT INTO `node_attr` VALUES (14929544691641592, 14929542544157997, 'tem1', '温度1', '℃', '℃', NULL, NULL, '186610102211100574', 'RD001');
INSERT INTO `node_attr` VALUES (14929544691641593, 14929542544157997, 'tem2', '温度2', '℃', '℃', NULL, NULL, '186610102211100574', 'RD001');
INSERT INTO `node_attr` VALUES (14929544691641594, 14929542544157997, 'tem3', '温度3', '℃', '℃', NULL, NULL, '186610102211100574', 'RD001');
INSERT INTO `node_attr` VALUES (14929544691641595, 14929542544157997, 'tem4', '温度4', '℃', '℃', NULL, NULL, '186610102211100574', 'RD001');
INSERT INTO `node_attr` VALUES (14929544691641596, 14929542544157997, 'tem5', '温度5', '℃', '℃', NULL, NULL, '186610102211100574', 'RD001');
INSERT INTO `node_attr` VALUES (14929544691641597, 14929542544157998, 'press1', '压力1', 'MPa', 'MPa', NULL, NULL, '186610102211100574', 'YL001');
INSERT INTO `node_attr` VALUES (14929544691641598, 14929542544157998, 'press2', '压力2', 'MPa', 'MPa', NULL, NULL, '186610102211100574', 'YL001');
INSERT INTO `node_attr` VALUES (14929544691641599, 14929542544157998, 'press3', '压力3', 'MPa', 'MPa', NULL, NULL, '186610102211100574', 'YL001');
INSERT INTO `node_attr` VALUES (14929544691641600, 14929542544157998, 'press4', '压力4', 'MPa', 'MPa', NULL, NULL, '186610102211100574', 'YL001');
INSERT INTO `node_attr` VALUES (14929544691641601, 14929542544157998, 'press5', '压力5', 'MPa', 'MPa', NULL, NULL, '186610102211100574', 'YL001');
INSERT INTO `node_attr` VALUES (14929544691641602, 14929542544157999, 'hum', '湿度', 'g/cm3', 'g/cm3', NULL, NULL, '186610102211100574', 'HG001');
INSERT INTO `node_attr` VALUES (14929544691641603, 14929542544157999, 'tem1', '烘干机温度1', '℃', '℃', NULL, NULL, '186610102211100574', 'HG001');
INSERT INTO `node_attr` VALUES (14929544691641604, 14929542544157999, 'tem2', '烘干机温度2', '℃', '℃', NULL, NULL, '186610102211100574', 'HG001');
INSERT INTO `node_attr` VALUES (14929544691641605, 14929542544157999, 'tem3', '烘干机温度3', '℃', '℃', NULL, NULL, '186610102211100574', 'HG001');
INSERT INTO `node_attr` VALUES (14929544691641606, 14929542544157999, 'tem4', '烘干机温度4', '℃', '℃', NULL, NULL, '186610102211100574', 'HG001');
INSERT INTO `node_attr` VALUES (14929544691641607, 14929542544158000, 'tem1', '温度1', '℃', '℃', NULL, NULL, '186610102211100575', 'RD001');
INSERT INTO `node_attr` VALUES (14929544691641608, 14929542544158000, 'tem2', '温度2', '℃', '℃', NULL, NULL, '186610102211100575', 'RD001');
INSERT INTO `node_attr` VALUES (14929544691641609, 14929542544158000, 'tem3', '温度3', '℃', '℃', NULL, NULL, '186610102211100575', 'RD001');
INSERT INTO `node_attr` VALUES (14929544691641610, 14929542544158000, 'tem4', '温度4', '℃', '℃', NULL, NULL, '186610102211100575', 'RD001');
INSERT INTO `node_attr` VALUES (14929544691641611, 14929542544158000, 'hum', '湿度', 'g/m3', 'g/m3', NULL, NULL, '186610102211100575', 'RD001');
INSERT INTO `node_attr` VALUES (14929544691641612, 14929542544158001, 'tem1', '温度1', '℃', '℃', NULL, NULL, '186610102211100576', 'RD001');
INSERT INTO `node_attr` VALUES (14929544691641613, 14929542544158001, 'tem2', '温度2', '℃', '℃', NULL, NULL, '186610102211100576', 'RD001');
INSERT INTO `node_attr` VALUES (14929544691641614, 14929542544158001, 'tem3', '温度3', '℃', '℃', NULL, NULL, '186610102211100576', 'RD001');
INSERT INTO `node_attr` VALUES (14929544691641615, 14929542544158001, 'tem4', '温度4', '℃', '℃', NULL, NULL, '186610102211100576', 'RD001');
INSERT INTO `node_attr` VALUES (14929544691641616, 14929542544158001, 'hum', '湿度', 'g/cm3', 'g/cm3', NULL, NULL, '186610102211100576', 'RD001');
INSERT INTO `node_attr` VALUES (14929544691641617, 14929542544158002, 'curr1', '电流1', 'A', 'A', NULL, NULL, '186610102211100577', 'MN001');
INSERT INTO `node_attr` VALUES (14929544691641618, 14929542544158002, 'curr2', '电流2', 'A', 'A', NULL, NULL, '186610102211100577', 'MN001');
INSERT INTO `node_attr` VALUES (14929544691641619, 14929542544158002, 'curr3', '电流3', 'A', 'A', NULL, NULL, '186610102211100577', 'MN001');
INSERT INTO `node_attr` VALUES (14929544691641620, 14929542544158002, 'volt1', '电压1', 'V', 'V', NULL, NULL, '186610102211100577', 'MN001');
INSERT INTO `node_attr` VALUES (14929544691641621, 14929542544158002, 'volt2', '电压2', 'V', 'V', NULL, NULL, '186610102211100577', 'MN001');
INSERT INTO `node_attr` VALUES (14929544691641622, 14929542544158002, 'volt3', '电压3', 'V', 'V', NULL, NULL, '186610102211100577', 'MN001');
INSERT INTO `node_attr` VALUES (14929544691641623, 14929542544158003, 'tem1', '温度1', '℃', '℃', NULL, NULL, '186610102211100577', 'RD001');
INSERT INTO `node_attr` VALUES (14929544691641624, 14929542544158003, 'tem2', '温度2', '℃', '℃', NULL, NULL, '186610102211100577', 'RD001');
INSERT INTO `node_attr` VALUES (14929544691641625, 14929542544158003, 'tem3', '温度3', '℃', '℃', NULL, NULL, '186610102211100577', 'RD001');
INSERT INTO `node_attr` VALUES (14929544691641626, 14929542544158003, 'tem4', '温度4', '℃', '℃', NULL, NULL, '186610102211100577', 'RD001');
INSERT INTO `node_attr` VALUES (14929544691641627, 14929542544158003, 'tem5', '温度5', '℃', '℃', NULL, NULL, '186610102211100577', 'RD001');
INSERT INTO `node_attr` VALUES (14929544691641628, 14929542544158004, 'press1', '压力1', 'MPa', 'MPa', NULL, NULL, '186610102211100577', 'YL001');
INSERT INTO `node_attr` VALUES (14929544691641629, 14929542544158004, 'press2', '压力2', 'MPa', 'MPa', NULL, NULL, '186610102211100577', 'YL001');
INSERT INTO `node_attr` VALUES (14929544691641630, 14929542544158004, 'press3', '压力3', 'MPa', 'MPa', NULL, NULL, '186610102211100577', 'YL001');
INSERT INTO `node_attr` VALUES (14929544691641631, 14929542544158004, 'press4', '压力4', 'MPa', 'MPa', NULL, NULL, '186610102211100577', 'YL001');
INSERT INTO `node_attr` VALUES (14929544691641632, 14929542544158004, 'press5', '压力5', 'MPa', 'MPa', NULL, NULL, '186610102211100577', 'YL001');
INSERT INTO `node_attr` VALUES (14929544691641633, 14929542544158005, 'curr1', '电流1', 'A', 'A', NULL, NULL, '186610102211100578', 'MN001');
INSERT INTO `node_attr` VALUES (14929544691641634, 14929542544158005, 'curr2', '电流2', 'A', 'A', NULL, NULL, '186610102211100578', 'MN001');
INSERT INTO `node_attr` VALUES (14929544691641635, 14929542544158005, 'curr3', '电流3', 'A', 'A', NULL, NULL, '186610102211100578', 'MN001');
INSERT INTO `node_attr` VALUES (14929544691641636, 14929542544158005, 'volt1', '电压1', 'V', 'V', NULL, NULL, '186610102211100578', 'MN001');
INSERT INTO `node_attr` VALUES (14929544691641637, 14929542544158005, 'volt2', '电压2', 'V', 'V', NULL, NULL, '186610102211100578', 'MN001');
INSERT INTO `node_attr` VALUES (14929544691641638, 14929542544158005, 'volt3', '电压3', 'V', 'V', NULL, NULL, '186610102211100578', 'MN001');
INSERT INTO `node_attr` VALUES (14929544691641639, 14929542544158006, 'tem1', '温度1', '℃', '℃', NULL, NULL, '186610102211100578', 'RD001');
INSERT INTO `node_attr` VALUES (14929544691641640, 14929542544158006, 'tem2', '温度2', '℃', '℃', NULL, NULL, '186610102211100578', 'RD001');
INSERT INTO `node_attr` VALUES (14929544691641641, 14929542544158006, 'tem3', '温度3', '℃', '℃', NULL, NULL, '186610102211100578', 'RD001');
INSERT INTO `node_attr` VALUES (14929544691641642, 14929542544158006, 'tem4', '温度4', '℃', '℃', NULL, NULL, '186610102211100578', 'RD001');
INSERT INTO `node_attr` VALUES (14929544691641643, 14929542544158006, 'tem5', '温度5', '℃', '℃', NULL, NULL, '186610102211100578', 'RD001');
INSERT INTO `node_attr` VALUES (14929544691641644, 14929542544158007, 'press1', '压力1', 'MPa', 'MPa', NULL, NULL, '186610102211100578', 'YL001');
INSERT INTO `node_attr` VALUES (14929544691641645, 14929542544158007, 'press2', '压力2', 'MPa', 'MPa', NULL, NULL, '186610102211100578', 'YL001');
INSERT INTO `node_attr` VALUES (14929544691641646, 14929542544158007, 'press3', '压力3', 'MPa', 'MPa', NULL, NULL, '186610102211100578', 'YL001');
INSERT INTO `node_attr` VALUES (14929544691641647, 14929542544158007, 'press4', '压力4', 'MPa', 'MPa', NULL, NULL, '186610102211100578', 'YL001');
INSERT INTO `node_attr` VALUES (14929544691641648, 14929542544158007, 'press5', '压力5', 'MPa', 'MPa', NULL, NULL, '186610102211100578', 'YL001');
INSERT INTO `node_attr` VALUES (14929544691641649, 14929542544158008, 'curr1', '电流1', 'A', '电流1', NULL, NULL, '186610102211100579', 'MN001');
INSERT INTO `node_attr` VALUES (14929544691641650, 14929542544158008, 'curr2', '电流2', 'A', '电流2', NULL, NULL, '186610102211100579', 'MN001');
INSERT INTO `node_attr` VALUES (14929544691641651, 14929542544158008, 'curr3', '电流3', 'A', '电流3', NULL, NULL, '186610102211100579', 'MN001');
INSERT INTO `node_attr` VALUES (14929544691641652, 14929542544158008, 'volt1', '电压1', 'V', '电压1', NULL, NULL, '186610102211100579', 'MN001');
INSERT INTO `node_attr` VALUES (14929544691641653, 14929542544158008, 'volt2', '电压2', 'V', '电压2', NULL, NULL, '186610102211100579', 'MN001');
INSERT INTO `node_attr` VALUES (14929544691641654, 14929542544158008, 'volt3', '电压3', 'V', '电压3', NULL, NULL, '186610102211100579', 'MN001');
INSERT INTO `node_attr` VALUES (14929544691641655, 14929542544158009, 'tem1', '温度1', '℃', '℃', NULL, NULL, '186610102211100579', 'RD001');
INSERT INTO `node_attr` VALUES (14929544691641656, 14929542544158009, 'tem2', '温度2', '℃', '℃', NULL, NULL, '186610102211100579', 'RD001');
INSERT INTO `node_attr` VALUES (14929544691641657, 14929542544158009, 'tem3', '温度3', '℃', '℃', NULL, NULL, '186610102211100579', 'RD001');
INSERT INTO `node_attr` VALUES (14929544691641658, 14929542544158009, 'tem4', '温度4', '℃', '℃', NULL, NULL, '186610102211100579', 'RD001');
INSERT INTO `node_attr` VALUES (14929544691641659, 14929542544158009, 'tem5', '温度5', '℃', '℃', NULL, NULL, '186610102211100579', 'RD001');
INSERT INTO `node_attr` VALUES (14929544691641660, 14929542544158010, 'press1', '压力1', 'MPa', 'MPa', NULL, NULL, '186610102211100579', 'YL001');
INSERT INTO `node_attr` VALUES (14929544691641661, 14929542544158010, 'press2', '压力2', 'MPa', 'MPa', NULL, NULL, '186610102211100579', 'YL001');
INSERT INTO `node_attr` VALUES (14929544691641662, 14929542544158010, 'press3', '压力3', 'MPa', 'MPa', NULL, NULL, '186610102211100579', 'YL001');
INSERT INTO `node_attr` VALUES (14929544691641663, 14929542544158010, 'press4', '压力4', 'MPa', 'MPa', NULL, NULL, '186610102211100579', 'YL001');
INSERT INTO `node_attr` VALUES (14929544691641664, 14929542544158010, 'press5', '压力5', 'MPa', 'MPa', NULL, NULL, '186610102211100579', 'YL001');
INSERT INTO `node_attr` VALUES (14929544691641665, 14929542544158011, 'curr1', '电流1', 'A', 'A', NULL, NULL, '186610102211100580', 'MN001');
INSERT INTO `node_attr` VALUES (14929544691641666, 14929542544158011, 'curr2', '电流2', 'A', 'A', NULL, NULL, '186610102211100580', 'MN001');
INSERT INTO `node_attr` VALUES (14929544691641667, 14929542544158011, 'curr3', '电流3', 'A', 'A', NULL, NULL, '186610102211100580', 'MN001');
INSERT INTO `node_attr` VALUES (14929544691641668, 14929542544158011, 'volt1', '电压1', 'V', 'V', NULL, NULL, '186610102211100580', 'MN001');
INSERT INTO `node_attr` VALUES (14929544691641669, 14929542544158011, 'volt2', '电压2', 'V', 'V', NULL, NULL, '186610102211100580', 'MN001');
INSERT INTO `node_attr` VALUES (14929544691641670, 14929542544158011, 'volt3', '电压3', 'V', 'V', NULL, NULL, '186610102211100580', 'MN001');
INSERT INTO `node_attr` VALUES (14929544691641671, 14929542544158012, 'tem1', '温度1', '℃', '℃', NULL, NULL, '186610102211100580', 'RD001');
INSERT INTO `node_attr` VALUES (14929544691641672, 14929542544158012, 'tem2', '温度2', '℃', '℃', NULL, NULL, '186610102211100580', 'RD001');
INSERT INTO `node_attr` VALUES (14929544691641673, 14929542544158012, 'tem3', '温度3', '℃', '℃', NULL, NULL, '186610102211100580', 'RD001');
INSERT INTO `node_attr` VALUES (14929544691641674, 14929542544158012, 'tem4', '温度4', '℃', '℃', NULL, NULL, '186610102211100580', 'RD001');
INSERT INTO `node_attr` VALUES (14929544691641675, 14929542544158012, 'tem5', '温度5', '℃', '℃', NULL, NULL, '186610102211100580', 'RD001');
INSERT INTO `node_attr` VALUES (14929544691641676, 14929542544158013, 'press1', '压力1', 'MPa', 'MPa', NULL, NULL, '186610102211100580', 'YL001');
INSERT INTO `node_attr` VALUES (14929544691641677, 14929542544158013, 'press2', '压力2', 'MPa', 'MPa', NULL, NULL, '186610102211100580', 'YL001');
INSERT INTO `node_attr` VALUES (14929544691641678, 14929542544158013, 'press3', '压力3', 'MPa', 'MPa', NULL, NULL, '186610102211100580', 'YL001');
INSERT INTO `node_attr` VALUES (14929544691641679, 14929542544158013, 'press4', '压力4', 'MPa', 'MPa', NULL, NULL, '186610102211100580', 'YL001');
INSERT INTO `node_attr` VALUES (14929544691641680, 14929542544158013, 'press5', '压力5', 'MPa', 'MPa', NULL, NULL, '186610102211100580', 'YL001');
INSERT INTO `node_attr` VALUES (14929544691641681, 14929542544158014, 'curr1', '电流1', 'A', 'A', NULL, NULL, '186610102211100581', 'MN001');
INSERT INTO `node_attr` VALUES (14929544691641682, 14929542544158014, 'curr2', '电流2', 'A', 'A', NULL, NULL, '186610102211100581', 'MN001');
INSERT INTO `node_attr` VALUES (14929544691641683, 14929542544158014, 'curr3', '电流3', 'A', 'A', NULL, NULL, '186610102211100581', 'MN001');
INSERT INTO `node_attr` VALUES (14929544691641684, 14929542544158014, 'volt1', '电压1', 'V', 'V', NULL, NULL, '186610102211100581', 'MN001');
INSERT INTO `node_attr` VALUES (14929544691641685, 14929542544158014, 'volt2', '电压2', 'V', 'V', NULL, NULL, '186610102211100581', 'MN001');
INSERT INTO `node_attr` VALUES (14929544691641686, 14929542544158014, 'volt3', '电压3', 'V', 'V', NULL, NULL, '186610102211100581', 'MN001');
INSERT INTO `node_attr` VALUES (14929544691641687, 14929542544158015, 'tem1', '温度1', '℃', '℃', NULL, NULL, '186610102211100581', 'RD001');
INSERT INTO `node_attr` VALUES (14929544691641688, 14929542544158015, 'tem2', '温度2', '℃', '℃', NULL, NULL, '186610102211100581', 'RD001');
INSERT INTO `node_attr` VALUES (14929544691641689, 14929542544158015, 'tem3', '温度3', '℃', '℃', NULL, NULL, '186610102211100581', 'RD001');
INSERT INTO `node_attr` VALUES (14929544691641690, 14929542544158015, 'tem4', '温度4', '℃', '℃', NULL, NULL, '186610102211100581', 'RD001');
INSERT INTO `node_attr` VALUES (14929544691641691, 14929542544158015, 'tem5', '温度5', '℃', '℃', NULL, NULL, '186610102211100581', 'RD001');
INSERT INTO `node_attr` VALUES (14929544691641692, 14929542544158016, 'press1', '压力1', 'MPa', 'MPa', NULL, NULL, '186610102211100581', 'YL001');
INSERT INTO `node_attr` VALUES (14929544691641693, 14929542544158016, 'press2', '压力2', 'MPa', 'MPa', NULL, NULL, '186610102211100581', 'YL001');
INSERT INTO `node_attr` VALUES (14929544691641694, 14929542544158016, 'press3', '压力3', 'MPa', 'MPa', NULL, NULL, '186610102211100581', 'YL001');
INSERT INTO `node_attr` VALUES (14929544691641695, 14929542544158016, 'press4', '压力4', 'MPa', 'MPa', NULL, NULL, '186610102211100581', 'YL001');
INSERT INTO `node_attr` VALUES (14929544691641696, 14929542544158016, 'press5', '压力5', 'MPa', 'MPa', NULL, NULL, '186610102211100581', 'YL001');
INSERT INTO `node_attr` VALUES (14929544691641697, 14929542544158017, 'curr1', '电流1', 'A', 'A', NULL, NULL, '186610102211100584', 'MN001');
INSERT INTO `node_attr` VALUES (14929544691641698, 14929542544158017, 'curr2', '电流2', 'A', 'A', NULL, NULL, '186610102211100584', 'MN001');
INSERT INTO `node_attr` VALUES (14929544691641699, 14929542544158017, 'curr3', '电流3', 'A', 'A', NULL, NULL, '186610102211100584', 'MN001');
INSERT INTO `node_attr` VALUES (14929544691641700, 14929542544158017, 'volt1', '电压1', 'V', 'V', NULL, NULL, '186610102211100584', 'MN001');
INSERT INTO `node_attr` VALUES (14929544691641701, 14929542544158017, 'volt2', '电压2', 'V', 'V', NULL, NULL, '186610102211100584', 'MN001');
INSERT INTO `node_attr` VALUES (14929544691641702, 14929542544158017, 'volt3', '电压3', 'V', 'V', NULL, NULL, '186610102211100584', 'MN001');
INSERT INTO `node_attr` VALUES (14929544691641703, 14929542544158018, 'tem1', '温度1', '℃', '℃', NULL, NULL, '186610102211100584', 'RD001');
INSERT INTO `node_attr` VALUES (14929544691641704, 14929542544158018, 'tem2', '温度2', '℃', '℃', NULL, NULL, '186610102211100584', 'RD001');
INSERT INTO `node_attr` VALUES (14929544691641705, 14929542544158018, 'tem3', '温度3', '℃', '℃', NULL, NULL, '186610102211100584', 'RD001');
INSERT INTO `node_attr` VALUES (14929544691641706, 14929542544158018, 'tem4', '温度4', '℃', '℃', NULL, NULL, '186610102211100584', 'RD001');
INSERT INTO `node_attr` VALUES (14929544691641707, 14929542544158018, 'tem5', '温度5', '℃', '℃', NULL, NULL, '186610102211100584', 'RD001');
INSERT INTO `node_attr` VALUES (14929544691641708, 14929542544158019, 'press1', '压力1', 'MPa', 'MPa', NULL, NULL, '186610102211100584', 'YL001');
INSERT INTO `node_attr` VALUES (14929544691641709, 14929542544158019, 'press2', '压力2', 'MPa', 'MPa', NULL, NULL, '186610102211100584', 'YL001');
INSERT INTO `node_attr` VALUES (14929544691641710, 14929542544158019, 'press3', '压力3', 'MPa', 'MPa', NULL, NULL, '186610102211100584', 'YL001');
INSERT INTO `node_attr` VALUES (14929544691641711, 14929542544158019, 'press4', '压力4', 'MPa', 'MPa', NULL, NULL, '186610102211100584', 'YL001');
INSERT INTO `node_attr` VALUES (14929544691641712, 14929542544158019, 'press5', '压力5', 'MPa', 'MPa', NULL, NULL, '186610102211100584', 'YL001');
INSERT INTO `node_attr` VALUES (14929544691641729, 14929542544158023, 'curr1', '电流1', 'A', 'A', NULL, NULL, '186610102211100588', 'MN001');
INSERT INTO `node_attr` VALUES (14929544691641730, 14929542544158023, 'curr2', '电流2', 'A', 'A', NULL, NULL, '186610102211100588', 'MN001');
INSERT INTO `node_attr` VALUES (14929544691641731, 14929542544158023, 'curr3', '电流3', 'A', 'A', NULL, NULL, '186610102211100588', 'MN001');
INSERT INTO `node_attr` VALUES (14929544691641732, 14929542544158023, 'volt1', '电压1', 'V', 'V', NULL, NULL, '186610102211100588', 'MN001');
INSERT INTO `node_attr` VALUES (14929544691641733, 14929542544158023, 'volt2', '电压2', 'V', 'V', NULL, NULL, '186610102211100588', 'MN001');
INSERT INTO `node_attr` VALUES (14929544691641734, 14929542544158023, 'volt3', '电压3', 'V', 'V', NULL, NULL, '186610102211100588', 'MN001');
INSERT INTO `node_attr` VALUES (14929544691641735, 14929542544158024, 'tem1', '温度1', '℃', '℃', NULL, NULL, '186610102211100588', 'RD001');
INSERT INTO `node_attr` VALUES (14929544691641736, 14929542544158024, 'tem2', '温度2', '℃', '℃', NULL, NULL, '186610102211100588', 'RD001');
INSERT INTO `node_attr` VALUES (14929544691641737, 14929542544158024, 'tem3', '温度3', '℃', '℃', NULL, NULL, '186610102211100588', 'RD001');
INSERT INTO `node_attr` VALUES (14929544691641738, 14929542544158024, 'tem4', '温度4', '℃', '℃', NULL, NULL, '186610102211100588', 'RD001');
INSERT INTO `node_attr` VALUES (14929544691641739, 14929542544158024, 'tem5', '温度5', '℃', '℃', NULL, NULL, '186610102211100588', 'RD001');
INSERT INTO `node_attr` VALUES (14929544691641740, 14929542544158025, 'press1', '压力1', 'MPa', 'MPa', NULL, NULL, '186610102211100588', 'YL001');
INSERT INTO `node_attr` VALUES (14929544691641741, 14929542544158025, 'press2', '压力2', 'MPa', 'MPa', NULL, NULL, '186610102211100588', 'YL001');
INSERT INTO `node_attr` VALUES (14929544691641742, 14929542544158025, 'press3', '压力3', 'MPa', 'MPa', NULL, NULL, '186610102211100588', 'YL001');
INSERT INTO `node_attr` VALUES (14929544691641743, 14929542544158025, 'press4', '压力4', 'MPa', 'MPa', NULL, NULL, '186610102211100588', 'YL001');
INSERT INTO `node_attr` VALUES (14929544691641744, 14929542544158025, 'press5', '压力5', 'MPa', 'MPa', NULL, NULL, '186610102211100588', 'YL001');
INSERT INTO `node_attr` VALUES (14929544691641745, 14929542544158026, 'curr1', '电流1', 'A', 'A', NULL, NULL, '186610102211100589', 'MN001');
INSERT INTO `node_attr` VALUES (14929544691641746, 14929542544158026, 'curr2', '电流2', 'A', 'A', NULL, NULL, '186610102211100589', 'MN001');
INSERT INTO `node_attr` VALUES (14929544691641747, 14929542544158026, 'curr3', '电流3', 'A', 'A', NULL, NULL, '186610102211100589', 'MN001');
INSERT INTO `node_attr` VALUES (14929544691641748, 14929542544158026, 'volt1', '电压1', 'V', 'V', NULL, NULL, '186610102211100589', 'MN001');
INSERT INTO `node_attr` VALUES (14929544691641749, 14929542544158026, 'volt2', '电压2', 'V', 'V', NULL, NULL, '186610102211100589', 'MN001');
INSERT INTO `node_attr` VALUES (14929544691641750, 14929542544158026, 'volt3', '电压3', 'V', 'V', NULL, NULL, '186610102211100589', 'MN001');
INSERT INTO `node_attr` VALUES (14929544691641751, 14929542544158027, 'tem1', '温度1', '℃', '℃', NULL, NULL, '186610102211100589', 'RD001');
INSERT INTO `node_attr` VALUES (14929544691641752, 14929542544158027, 'tem2', '温度2', '℃', '℃', NULL, NULL, '186610102211100589', 'RD001');
INSERT INTO `node_attr` VALUES (14929544691641753, 14929542544158027, 'tem3', '温度3', '℃', '℃', NULL, NULL, '186610102211100589', 'RD001');
INSERT INTO `node_attr` VALUES (14929544691641754, 14929542544158027, 'tem4', '温度4', '℃', '℃', NULL, NULL, '186610102211100589', 'RD001');
INSERT INTO `node_attr` VALUES (14929544691641755, 14929542544158027, 'tem5', '温度5', '℃', '℃', NULL, NULL, '186610102211100589', 'RD001');
INSERT INTO `node_attr` VALUES (14929544691641756, 14929542544158028, 'press1', '压力1', 'MPa', 'MPa', NULL, NULL, '186610102211100589', 'YL001');
INSERT INTO `node_attr` VALUES (14929544691641757, 14929542544158028, 'press2', '压力2', 'MPa', 'MPa', NULL, NULL, '186610102211100589', 'YL001');
INSERT INTO `node_attr` VALUES (14929544691641758, 14929542544158028, 'press3', '压力3', 'MPa', 'MPa', NULL, NULL, '186610102211100589', 'YL001');
INSERT INTO `node_attr` VALUES (14929544691641759, 14929542544158028, 'press4', '压力4', 'MPa', 'MPa', NULL, NULL, '186610102211100589', 'YL001');
INSERT INTO `node_attr` VALUES (14929544691641760, 14929542544158028, 'press5', '压力5', 'MPa', 'MPa', NULL, NULL, '186610102211100589', 'YL001');
INSERT INTO `node_attr` VALUES (15338225862244887, 15338225862244886, 'curr1', '电流1', 'A', 'A', NULL, NULL, '186610102211100591', 'MN001');
INSERT INTO `node_attr` VALUES (15338225862244888, 15338225862244886, 'curr2', '电流2', 'A', 'A', NULL, NULL, '186610102211100591', 'MN001');
INSERT INTO `node_attr` VALUES (15338225862244889, 15338225862244886, 'curr3', '电流3', 'A', 'A', NULL, NULL, '186610102211100591', 'MN001');
INSERT INTO `node_attr` VALUES (15338225862244890, 15338225862244886, 'volt1', '电压1', 'V', 'V', NULL, NULL, '186610102211100591', 'MN001');
INSERT INTO `node_attr` VALUES (15338225862244891, 15338225862244886, 'volt2', '电压2', 'V', 'V', NULL, NULL, '186610102211100591', 'MN001');
INSERT INTO `node_attr` VALUES (15338225862244892, 15338225862244886, 'volt3', '电压3', 'V', 'V', NULL, NULL, '186610102211100591', 'MN001');
INSERT INTO `node_attr` VALUES (15338225862244894, 15338225862244893, 'tem1', '温度1', '℃', '℃', NULL, NULL, '186610102211100591', 'RD001');
INSERT INTO `node_attr` VALUES (15338225862244895, 15338225862244893, 'tem2', '温度2', '℃', '℃', NULL, NULL, '186610102211100591', 'RD001');
INSERT INTO `node_attr` VALUES (15338225862244896, 15338225862244893, 'tem3', '温度3', '℃', '℃', NULL, NULL, '186610102211100591', 'RD001');
INSERT INTO `node_attr` VALUES (15338225862244897, 15338225862244893, 'tem4', '温度4', '℃', '℃', NULL, NULL, '186610102211100591', 'RD001');
INSERT INTO `node_attr` VALUES (15338225862244898, 15338225862244893, 'tem5', '温度5', '℃', '℃', NULL, NULL, '186610102211100591', 'RD001');
INSERT INTO `node_attr` VALUES (15338225862244900, 15338225862244899, 'press1', '压力1', 'MPa', 'MPa', NULL, NULL, '186610102211100591', 'YL001');
INSERT INTO `node_attr` VALUES (15338225862244901, 15338225862244899, 'press2', '压力2', 'MPa', 'MPa', NULL, NULL, '186610102211100591', 'YL001');
INSERT INTO `node_attr` VALUES (15338225862244902, 15338225862244899, 'press3', '压力3', 'MPa', 'MPa', NULL, NULL, '186610102211100591', 'YL001');
INSERT INTO `node_attr` VALUES (15338225862244903, 15338225862244899, 'press4', '压力4', 'MPa', 'MPa', NULL, NULL, '186610102211100591', 'YL001');
INSERT INTO `node_attr` VALUES (15338225862244904, 15338225862244899, 'press5', '压力5', 'MPa', 'MPa', NULL, NULL, '186610102211100591', 'YL001');
INSERT INTO `node_attr` VALUES (15338225862244906, 15338225862244905, 'curr1', '电流1', 'A', 'A', NULL, NULL, '186610102211100590', 'MN001');
INSERT INTO `node_attr` VALUES (15338225862244907, 15338225862244905, 'curr2', '电流2', 'A', 'A', NULL, NULL, '186610102211100590', 'MN001');
INSERT INTO `node_attr` VALUES (15338225862244908, 15338225862244905, 'curr3', '电流3', 'A', 'A', NULL, NULL, '186610102211100590', 'MN001');
INSERT INTO `node_attr` VALUES (15338225862244909, 15338225862244905, 'volt1', '电压1', 'V', 'V', NULL, NULL, '186610102211100590', 'MN001');
INSERT INTO `node_attr` VALUES (15338225862244910, 15338225862244905, 'volt2', '电压2', 'V', 'V', NULL, NULL, '186610102211100590', 'MN001');
INSERT INTO `node_attr` VALUES (15338225862244911, 15338225862244905, 'volt3', '电压3', 'V', 'V', NULL, NULL, '186610102211100590', 'MN001');
INSERT INTO `node_attr` VALUES (15338225862244913, 15338225862244912, 'tem1', '温度1', '℃', '℃', NULL, NULL, '186610102211100590', 'RD001');
INSERT INTO `node_attr` VALUES (15338225862244914, 15338225862244912, 'tem2', '温度2', '℃', '℃', NULL, NULL, '186610102211100590', 'RD001');
INSERT INTO `node_attr` VALUES (15338225862244915, 15338225862244912, 'tem3', '温度3', '℃', '℃', NULL, NULL, '186610102211100590', 'RD001');
INSERT INTO `node_attr` VALUES (15338225862244916, 15338225862244912, 'tem4', '温度4', '℃', '℃', NULL, NULL, '186610102211100590', 'RD001');
INSERT INTO `node_attr` VALUES (15338225862244917, 15338225862244912, 'tem5', '温度5', '℃', '℃', NULL, NULL, '186610102211100590', 'RD001');
INSERT INTO `node_attr` VALUES (15338225862244919, 15338225862244918, 'press1', '压力1', 'MPa', 'MPa', NULL, NULL, '186610102211100590', 'YL001');
INSERT INTO `node_attr` VALUES (15338225862244920, 15338225862244918, 'press2', '压力2', 'MPa', 'MPa', NULL, NULL, '186610102211100590', 'YL001');
INSERT INTO `node_attr` VALUES (15338225862244921, 15338225862244918, 'press3', '压力3', 'MPa', 'MPa', NULL, NULL, '186610102211100590', 'YL001');
INSERT INTO `node_attr` VALUES (15338225862244922, 15338225862244918, 'press4', '压力4', 'MPa', 'MPa', NULL, NULL, '186610102211100590', 'YL001');
INSERT INTO `node_attr` VALUES (15338225862244923, 15338225862244918, 'press5', '压力5', 'MPa', 'MPa', NULL, NULL, '186610102211100590', 'YL001');
INSERT INTO `node_attr` VALUES (16042860344311810, 16042860344311809, 'curr1', '电流1', 'A', 'A', NULL, NULL, '186610102211100592', 'MN001');
INSERT INTO `node_attr` VALUES (16042860344311811, 16042860344311809, 'curr2', '电流2', 'A', 'A', NULL, NULL, '186610102211100592', 'MN001');
INSERT INTO `node_attr` VALUES (16042860344311812, 16042860344311809, 'curr3', '电流3', 'A', 'A', NULL, NULL, '186610102211100592', 'MN001');
INSERT INTO `node_attr` VALUES (16042860344311813, 16042860344311809, 'volt1', '电压1', 'V', 'V', NULL, NULL, '186610102211100592', 'MN001');
INSERT INTO `node_attr` VALUES (16042860344311814, 16042860344311809, 'volt2', '电压2', 'V', 'V', NULL, NULL, '186610102211100592', 'MN001');
INSERT INTO `node_attr` VALUES (16042860344311815, 16042860344311809, 'volt3', '电压3', 'V', 'V', NULL, NULL, '186610102211100592', 'MN001');
INSERT INTO `node_attr` VALUES (16042860344311817, 16042860344311816, 'tem1', '温度1', '℃', '℃', NULL, NULL, '186610102211100592', 'RD001');
INSERT INTO `node_attr` VALUES (16042860344311818, 16042860344311816, 'tem2', '温度2', '℃', '℃', NULL, NULL, '186610102211100592', 'RD001');
INSERT INTO `node_attr` VALUES (16042860344311819, 16042860344311816, 'tem3', '温度3', '℃', '℃', NULL, NULL, '186610102211100592', 'RD001');
INSERT INTO `node_attr` VALUES (16042860344311820, 16042860344311816, 'tem4', '温度4', '℃', '℃', NULL, NULL, '186610102211100592', 'RD001');
INSERT INTO `node_attr` VALUES (16042860344311821, 16042860344311816, 'tem5', '温度5', '℃', '℃', NULL, NULL, '186610102211100592', 'RD001');
INSERT INTO `node_attr` VALUES (16042860344311823, 16042860344311822, 'press1', '压力1', 'MPa', 'MPa', NULL, NULL, '186610102211100592', 'YL001');
INSERT INTO `node_attr` VALUES (16042860344311824, 16042860344311822, 'press2', '压力2', 'MPa', 'MPa', NULL, NULL, '186610102211100592', 'YL001');
INSERT INTO `node_attr` VALUES (16042860344311825, 16042860344311822, 'press3', '压力3', 'MPa', 'MPa', NULL, NULL, '186610102211100592', 'YL001');
INSERT INTO `node_attr` VALUES (16042860344311826, 16042860344311822, 'press4', '压力4', 'MPa', 'MPa', NULL, NULL, '186610102211100592', 'YL001');
INSERT INTO `node_attr` VALUES (16042860344311827, 16042860344311822, 'press5', '压力5', 'MPa', 'MPa', NULL, NULL, '186610102211100592', 'YL001');
INSERT INTO `node_attr` VALUES (16042860344311830, 16042860344311829, 'curr1', '电流1', 'A', 'A', NULL, NULL, '186610102211100593', 'MN001');
INSERT INTO `node_attr` VALUES (16042860344311831, 16042860344311829, 'curr2', '电流2', 'A', 'A', NULL, NULL, '186610102211100593', 'MN001');
INSERT INTO `node_attr` VALUES (16042860344311832, 16042860344311829, 'curr3', '电流3', 'A', 'A', NULL, NULL, '186610102211100593', 'MN001');
INSERT INTO `node_attr` VALUES (16042860344311833, 16042860344311829, 'volt1', '电压1', 'V', 'V', NULL, NULL, '186610102211100593', 'MN001');
INSERT INTO `node_attr` VALUES (16042860344311834, 16042860344311829, 'volt2', '电压2', 'V', 'V', NULL, NULL, '186610102211100593', 'MN001');
INSERT INTO `node_attr` VALUES (16042860344311835, 16042860344311829, 'volt3', '电压3', 'V', 'V', NULL, NULL, '186610102211100593', 'MN001');
INSERT INTO `node_attr` VALUES (16042860344311837, 16042860344311836, 'tem1', '温度1', '℃', '℃', NULL, NULL, '186610102211100593', 'RD001');
INSERT INTO `node_attr` VALUES (16042860344311838, 16042860344311836, 'tem2', '温度2', '℃', '℃', NULL, NULL, '186610102211100593', 'RD001');
INSERT INTO `node_attr` VALUES (16042860344311839, 16042860344311836, 'tem3', '温度3', '℃', '℃', NULL, NULL, '186610102211100593', 'RD001');
INSERT INTO `node_attr` VALUES (16042860344311840, 16042860344311836, 'tem4', '温度4', '℃', '℃', NULL, NULL, '186610102211100593', 'RD001');
INSERT INTO `node_attr` VALUES (16042860344311841, 16042860344311836, 'tem5', '温度5', '℃', '℃', NULL, NULL, '186610102211100593', 'RD001');
INSERT INTO `node_attr` VALUES (16042860344311843, 16042860344311842, 'press1', '压力1', 'MPa', 'MPa', NULL, NULL, '186610102211100593', 'YL001');
INSERT INTO `node_attr` VALUES (16042860344311844, 16042860344311842, 'press2', '压力2', 'MPa', 'MPa', NULL, NULL, '186610102211100593', 'YL001');
INSERT INTO `node_attr` VALUES (16042860344311845, 16042860344311842, 'press3', '压力3', 'MPa', 'MPa', NULL, NULL, '186610102211100593', 'YL001');
INSERT INTO `node_attr` VALUES (16042860344311846, 16042860344311842, 'press4', '压力4', 'MPa', 'MPa', NULL, NULL, '186610102211100593', 'YL001');
INSERT INTO `node_attr` VALUES (16042860344311847, 16042860344311842, 'press5', '压力5', 'MPa', 'MPa', NULL, NULL, '186610102211100593', 'YL001');
INSERT INTO `node_attr` VALUES (19429626740802562, 19429626740802561, 'curr1', '电流1', 'A', 'A', NULL, NULL, '186610102211100594', 'MN001');
INSERT INTO `node_attr` VALUES (19429626740802563, 19429626740802561, 'curr2', '电流2', 'A', 'A', NULL, NULL, '186610102211100594', 'MN001');
INSERT INTO `node_attr` VALUES (19429626740802564, 19429626740802561, 'curr3', '电流3', 'A', 'A', NULL, NULL, '186610102211100594', 'MN001');
INSERT INTO `node_attr` VALUES (19429626740802565, 19429626740802561, 'volt1', '电压1', 'V', 'V', NULL, NULL, '186610102211100594', 'MN001');
INSERT INTO `node_attr` VALUES (19429626740802566, 19429626740802561, 'volt2', '电压2', 'V', 'V', NULL, NULL, '186610102211100594', 'MN001');
INSERT INTO `node_attr` VALUES (19429626740802567, 19429626740802561, 'volt3', '电压3', 'V', 'V', NULL, NULL, '186610102211100594', 'MN001');
INSERT INTO `node_attr` VALUES (19429626740802569, 19429626740802568, 'tem1', '温度1', '℃', '℃', NULL, NULL, '186610102211100594', 'RD001');
INSERT INTO `node_attr` VALUES (19429626740802570, 19429626740802568, 'tem2', '温度2', '℃', '℃', NULL, NULL, '186610102211100594', 'RD001');
INSERT INTO `node_attr` VALUES (19429626740802571, 19429626740802568, 'tem3', '温度3', '℃', '℃', NULL, NULL, '186610102211100594', 'RD001');
INSERT INTO `node_attr` VALUES (19429626740802572, 19429626740802568, 'tem4', '温度4', '℃', '℃', NULL, NULL, '186610102211100594', 'RD001');
INSERT INTO `node_attr` VALUES (19429626740802573, 19429626740802568, 'tem5', '温度5', '℃', '℃', NULL, NULL, '186610102211100594', 'RD001');
INSERT INTO `node_attr` VALUES (19429626740802575, 19429626740802574, 'press1', '压力1', 'MPa', '压力1', NULL, NULL, '186610102211100594', 'YL001');
INSERT INTO `node_attr` VALUES (19429626740802576, 19429626740802574, 'press2', '压力2', 'MPa', 'MPa', NULL, NULL, '186610102211100594', 'YL001');
INSERT INTO `node_attr` VALUES (19429626740802577, 19429626740802574, 'press3', '压力3', 'MPa', 'MPa', NULL, NULL, '186610102211100594', 'YL001');
INSERT INTO `node_attr` VALUES (19429626740802578, 19429626740802574, 'press4', '压力4', 'MPa', 'MPa', NULL, NULL, '186610102211100594', 'YL001');
INSERT INTO `node_attr` VALUES (19429626740802579, 19429626740802574, 'press5', '压力5', 'MPa', 'MPa', NULL, NULL, '186610102211100594', 'YL001');
INSERT INTO `node_attr` VALUES (19429626740802582, 19429626740802581, 'curr1', '电流1', 'A', 'A', NULL, NULL, '186610102211100595', 'MN001');
INSERT INTO `node_attr` VALUES (19429626740802583, 19429626740802581, 'curr2', '电流2', 'A', 'A', NULL, NULL, '186610102211100595', 'MN001');
INSERT INTO `node_attr` VALUES (19429626740802584, 19429626740802581, 'curr3', '电流3', 'A', 'A', NULL, NULL, '186610102211100595', 'MN001');
INSERT INTO `node_attr` VALUES (19429626740802585, 19429626740802581, 'volt1', '电压1', 'V', 'V', NULL, NULL, '186610102211100595', 'MN001');
INSERT INTO `node_attr` VALUES (19429626740802586, 19429626740802581, 'volt2', '电压2', 'V', 'V', NULL, NULL, '186610102211100595', 'MN001');
INSERT INTO `node_attr` VALUES (19429626740802587, 19429626740802581, 'volt3', '电压3', 'V', 'V', NULL, NULL, '186610102211100595', 'MN001');
INSERT INTO `node_attr` VALUES (19429626740802589, 19429626740802588, 'tem1', '温度1', '℃', '℃', NULL, NULL, '186610102211100595', 'RD001');
INSERT INTO `node_attr` VALUES (19429626740802590, 19429626740802588, 'tem2', '温度2', '℃', '℃', NULL, NULL, '186610102211100595', 'RD001');
INSERT INTO `node_attr` VALUES (19429626740802591, 19429626740802588, 'tem3', '温度3', '℃', '℃', NULL, NULL, '186610102211100595', 'RD001');
INSERT INTO `node_attr` VALUES (19429626740802592, 19429626740802588, 'tem4', '温度4', '℃', '℃', NULL, NULL, '186610102211100595', 'RD001');
INSERT INTO `node_attr` VALUES (19429626740802593, 19429626740802588, 'tem5', '温度5', '℃', '℃', NULL, NULL, '186610102211100595', 'RD001');
INSERT INTO `node_attr` VALUES (19429626740802595, 19429626740802594, 'press1', '压力1', 'MPa', 'MPa', NULL, NULL, '186610102211100595', 'YL001');
INSERT INTO `node_attr` VALUES (19429626740802596, 19429626740802594, 'press2', '压力2', 'MPa', 'MPa', NULL, NULL, '186610102211100595', 'YL001');
INSERT INTO `node_attr` VALUES (19429626740802597, 19429626740802594, 'press3', '压力3', 'MPa', 'MPa', NULL, NULL, '186610102211100595', 'YL001');
INSERT INTO `node_attr` VALUES (19429626740802598, 19429626740802594, 'press4', '压力4', 'MPa', 'MPa', NULL, NULL, '186610102211100595', 'YL001');
INSERT INTO `node_attr` VALUES (19429626740802599, 19429626740802594, 'press5', '压力5', 'MPa', 'MPa', NULL, NULL, '186610102211100595', 'YL001');
INSERT INTO `node_attr` VALUES (19429626740802604, 19429626740802601, 'tem1', '采集温度1', '℃', '℃', NULL, NULL, '186610102211100594', 'TC001');
INSERT INTO `node_attr` VALUES (19429626740802605, 19429626740802601, 'tem2', '采集温度2', '℃', '℃', NULL, NULL, '186610102211100594', 'TC001');
INSERT INTO `node_attr` VALUES (19429626740802608, 19429626740802607, 'curr1', '电流1', 'A', 'A', NULL, NULL, '186610102211100597', 'MN001');
INSERT INTO `node_attr` VALUES (19429626740802609, 19429626740802607, 'curr2', '电流2', 'A', 'A', NULL, NULL, '186610102211100597', 'MN001');
INSERT INTO `node_attr` VALUES (19429626740802610, 19429626740802607, 'curr3', '电流3', 'A', 'A', NULL, NULL, '186610102211100597', 'MN001');
INSERT INTO `node_attr` VALUES (19429626740802611, 19429626740802607, 'volt1', '电压1', 'V', 'V', NULL, NULL, '186610102211100597', 'MN001');
INSERT INTO `node_attr` VALUES (19429626740802612, 19429626740802607, 'volt2', '电压2', 'V', 'V', NULL, NULL, '186610102211100597', 'MN001');
INSERT INTO `node_attr` VALUES (19429626740802613, 19429626740802607, 'volt3', '电压3', 'V', 'V', NULL, NULL, '186610102211100597', 'MN001');
INSERT INTO `node_attr` VALUES (19429626740802615, 19429626740802614, 'tem1', '温度1', '℃', '℃', NULL, NULL, '186610102211100597', 'RD001');
INSERT INTO `node_attr` VALUES (19429626740802616, 19429626740802614, 'tem2', '温度2', '℃', '℃', NULL, NULL, '186610102211100597', 'RD001');
INSERT INTO `node_attr` VALUES (19429626740802617, 19429626740802614, 'tem3', '温度3', '℃', '℃', NULL, NULL, '186610102211100597', 'RD001');
INSERT INTO `node_attr` VALUES (19429626740802618, 19429626740802614, 'tem4', '温度4', '℃', '℃', NULL, NULL, '186610102211100597', 'RD001');
INSERT INTO `node_attr` VALUES (19429626740802619, 19429626740802614, 'tem5', '温度5', '℃', '℃', NULL, NULL, '186610102211100597', 'RD001');
INSERT INTO `node_attr` VALUES (19429626740802621, 19429626740802620, 'press1', '压力1', 'MPa', 'MPa', NULL, NULL, '186610102211100597', 'YL001');
INSERT INTO `node_attr` VALUES (19429626740802622, 19429626740802620, 'press2', '压力2', 'MPa', 'MPa', NULL, NULL, '186610102211100597', 'YL001');
INSERT INTO `node_attr` VALUES (19429626740802623, 19429626740802620, 'press3', '压力3', 'MPa', 'MPa', NULL, NULL, '186610102211100597', 'YL001');
INSERT INTO `node_attr` VALUES (19429626740802624, 19429626740802620, 'press4', '压力4', 'MPa', 'MPa', NULL, NULL, '186610102211100597', 'YL001');
INSERT INTO `node_attr` VALUES (19429626740802625, 19429626740802620, 'press5', '压力5', 'MPa', 'MPa', NULL, NULL, '186610102211100597', 'YL001');
INSERT INTO `node_attr` VALUES (19429626740802628, 19429626740802627, 'curr1', '电流1', 'A', 'A', NULL, NULL, '186610102211100598', 'MN001');
INSERT INTO `node_attr` VALUES (19429626740802629, 19429626740802627, 'curr2', '电流2', 'A', 'A', NULL, NULL, '186610102211100598', 'MN001');
INSERT INTO `node_attr` VALUES (19429626740802630, 19429626740802627, 'curr3', '电流3', 'A', 'A', NULL, NULL, '186610102211100598', 'MN001');
INSERT INTO `node_attr` VALUES (19429626740802631, 19429626740802627, 'volt1', '电压1', 'V', 'V', NULL, NULL, '186610102211100598', 'MN001');
INSERT INTO `node_attr` VALUES (19429626740802632, 19429626740802627, 'volt2', '电压2', 'V', 'V', NULL, NULL, '186610102211100598', 'MN001');
INSERT INTO `node_attr` VALUES (19429626740802633, 19429626740802627, 'volt3', '电压3', 'V', 'V', NULL, NULL, '186610102211100598', 'MN001');
INSERT INTO `node_attr` VALUES (19429626740802635, 19429626740802634, 'tem1', '温度1', '℃', '℃', NULL, NULL, '186610102211100598', 'RD001');
INSERT INTO `node_attr` VALUES (19429626740802636, 19429626740802634, 'tem2', '温度2', '℃', '℃', NULL, NULL, '186610102211100598', 'RD001');
INSERT INTO `node_attr` VALUES (19429626740802637, 19429626740802634, 'tem3', '温度3', '℃', '℃', NULL, NULL, '186610102211100598', 'RD001');
INSERT INTO `node_attr` VALUES (19429626740802638, 19429626740802634, 'tem4', '温度4', '℃', '℃', NULL, NULL, '186610102211100598', 'RD001');
INSERT INTO `node_attr` VALUES (19429626740802639, 19429626740802634, 'tem5', '温度5', '℃', '℃', NULL, NULL, '186610102211100598', 'RD001');
INSERT INTO `node_attr` VALUES (19429626740802641, 19429626740802640, 'press1', '压力1', 'MPa', 'MPa', NULL, NULL, '186610102211100598', 'YL001');
INSERT INTO `node_attr` VALUES (19429626740802642, 19429626740802640, 'press2', '压力2', 'MPa', 'MPa', NULL, NULL, '186610102211100598', 'YL001');
INSERT INTO `node_attr` VALUES (19429626740802643, 19429626740802640, 'press3', '压力3', 'MPa', 'MPa', NULL, NULL, '186610102211100598', 'YL001');
INSERT INTO `node_attr` VALUES (19429626740802644, 19429626740802640, 'press4', '压力4', 'MPa', 'MPa', NULL, NULL, '186610102211100598', 'YL001');
INSERT INTO `node_attr` VALUES (19429626740802645, 19429626740802640, 'press5', '压力5', 'MPa', 'MPa', NULL, NULL, '186610102211100598', 'YL001');
INSERT INTO `node_attr` VALUES (24841210371843586, 24841210371843585, 'string', 'bool', 'string', 'string', NULL, NULL, '186610102211100599', 'S7200');
INSERT INTO `node_attr` VALUES (24841210371843588, 19429626740802601, 'press', '重量', 'MPa', 'MPa', NULL, NULL, '186610102211100594', 'TC001');
INSERT INTO `node_attr` VALUES (24841210371843605, 24841210371843604, 'curr1', '电流1', 'A', 'A', NULL, NULL, '186610102211100600', 'MN001');
INSERT INTO `node_attr` VALUES (24841210371843606, 24841210371843604, 'curr2', '电流2', 'A', 'A', NULL, NULL, '186610102211100600', 'MN001');
INSERT INTO `node_attr` VALUES (24841210371843607, 24841210371843604, 'curr3', '电流3', 'A', 'A', NULL, NULL, '186610102211100600', 'MN001');
INSERT INTO `node_attr` VALUES (24841210371843608, 24841210371843604, 'volt1', '电压1', 'V', '电压1', NULL, NULL, '186610102211100600', 'MN001');
INSERT INTO `node_attr` VALUES (24841210371843609, 24841210371843604, 'volt2', '电压2', 'V', '电压2', NULL, NULL, '186610102211100600', 'MN001');
INSERT INTO `node_attr` VALUES (24841210371843610, 24841210371843604, 'volt3', '电压3', 'V', '电压3', NULL, NULL, '186610102211100600', 'MN001');
INSERT INTO `node_attr` VALUES (24841210371843612, 24841210371843611, 'tem1', '温度1', '℃', '℃', NULL, NULL, '186610102211100600', 'RD001');
INSERT INTO `node_attr` VALUES (24841210371843613, 24841210371843611, 'tem2', '温度2', '℃', '℃', NULL, NULL, '186610102211100600', 'RD001');
INSERT INTO `node_attr` VALUES (24841210371843614, 24841210371843611, 'tem3', '温度3', '℃', '℃', NULL, NULL, '186610102211100600', 'RD001');
INSERT INTO `node_attr` VALUES (24841210371843615, 24841210371843611, 'tem4', '温度4', '℃', '℃', NULL, NULL, '186610102211100600', 'RD001');
INSERT INTO `node_attr` VALUES (24841210371843616, 24841210371843611, 'tem5', '温度5', '℃', '℃', NULL, NULL, '186610102211100600', 'RD001');
INSERT INTO `node_attr` VALUES (24841210371843618, 24841210371843617, 'press1', '压力1', 'MPa', 'MPa', NULL, NULL, '186610102211100600', 'YL001');
INSERT INTO `node_attr` VALUES (24841210371843619, 24841210371843617, 'press2', '压力2', 'MPa', 'MPa', NULL, NULL, '186610102211100600', 'YL001');
INSERT INTO `node_attr` VALUES (24841210371843620, 24841210371843617, 'press3', '压力3', 'MPa', 'MPa', NULL, NULL, '186610102211100600', 'YL001');
INSERT INTO `node_attr` VALUES (24841210371843621, 24841210371843617, 'press4', '压力4', 'MPa', 'MPa', NULL, NULL, '186610102211100600', 'YL001');
INSERT INTO `node_attr` VALUES (24841210371843622, 24841210371843617, 'press5', '压力5', 'MPa', 'MPa', NULL, NULL, '186610102211100600', 'YL001');
INSERT INTO `node_attr` VALUES (24841210371843624, 24841210371843623, 'xianzhi', '重量', '吨', '重量', NULL, NULL, '186610102211100600', 'ZL001');
INSERT INTO `node_attr` VALUES (24841210371843627, 24841210371843626, 'curr1', '电流1', 'A', 'A', NULL, NULL, '186610102211100601', 'MN001');
INSERT INTO `node_attr` VALUES (24841210371843628, 24841210371843626, 'curr2', '电流2', 'A', 'A', NULL, NULL, '186610102211100601', 'MN001');
INSERT INTO `node_attr` VALUES (27734019022080522, 27734019022080521, 'curr1', '电流1', 'A', 'A', NULL, NULL, '186610102211100603', 'MN001');
INSERT INTO `node_attr` VALUES (27734019022080523, 27734019022080521, 'curr2', '电流2', 'A', 'A', NULL, NULL, '186610102211100603', 'MN001');
INSERT INTO `node_attr` VALUES (27734019022080524, 27734019022080521, 'curr3', '电流3', 'A', 'A', NULL, NULL, '186610102211100603', 'MN001');
INSERT INTO `node_attr` VALUES (27734019022080525, 27734019022080521, 'volt1', '电压1', 'V', 'V', NULL, NULL, '186610102211100603', 'MN001');
INSERT INTO `node_attr` VALUES (27734019022080526, 27734019022080521, 'volt2', '电压2', 'V', 'V', NULL, NULL, '186610102211100603', 'MN001');
INSERT INTO `node_attr` VALUES (27734019022080527, 27734019022080521, 'volt3', '电压3', 'V', 'V', NULL, NULL, '186610102211100603', 'MN001');
INSERT INTO `node_attr` VALUES (27734019022080529, 27734019022080528, 'tem1', '温度1', '℃', '℃', NULL, NULL, '186610102211100603', 'RD001');
INSERT INTO `node_attr` VALUES (27734019022080530, 27734019022080528, 'tem2', '温度2', '℃', '℃', NULL, NULL, '186610102211100603', 'RD001');
INSERT INTO `node_attr` VALUES (27734019022080531, 27734019022080528, 'tem3', '温度3', '℃', '℃', NULL, NULL, '186610102211100603', 'RD001');
INSERT INTO `node_attr` VALUES (27734019022080532, 27734019022080528, 'tem4', '温度4', '℃', '℃', NULL, NULL, '186610102211100603', 'RD001');
INSERT INTO `node_attr` VALUES (27734019022080533, 27734019022080528, 'tem5', '温度5', '℃', '℃', NULL, NULL, '186610102211100603', 'RD001');
INSERT INTO `node_attr` VALUES (27734019022080535, 27734019022080534, 'press1', '压力1', 'MPa', 'MPa', NULL, NULL, '186610102211100603', 'YL001');
INSERT INTO `node_attr` VALUES (27734019022080536, 27734019022080534, 'press2', '压力2', 'MPa', 'MPa', NULL, NULL, '186610102211100603', 'YL001');
INSERT INTO `node_attr` VALUES (27734019022080537, 27734019022080534, 'press3', '压力3', 'MPa', 'MPa', NULL, NULL, '186610102211100603', 'YL001');
INSERT INTO `node_attr` VALUES (27734019022080538, 27734019022080534, 'press4', '螺栓预警力', 'MPa', '螺栓预警力', NULL, NULL, '186610102211100603', 'YL001');
INSERT INTO `node_attr` VALUES (27734019022080539, 27734019022080534, 'press5', '压力5', 'MPa', 'MPa', NULL, NULL, '186610102211100603', 'YL001');
INSERT INTO `node_attr` VALUES (27734019022080541, 27734019022080540, 'curr1', '电流1', 'A', 'A', NULL, NULL, '186610102211100602', 'MN001');
INSERT INTO `node_attr` VALUES (27734019022080542, 27734019022080540, 'curr2', '电流2', 'A', 'A', NULL, NULL, '186610102211100602', 'MN001');
INSERT INTO `node_attr` VALUES (27734019022080543, 27734019022080540, 'curr3', '电流3', 'A', 'A', NULL, NULL, '186610102211100602', 'MN001');
INSERT INTO `node_attr` VALUES (27734019022080544, 27734019022080540, 'volt1', '电压1', 'V', 'V', NULL, NULL, '186610102211100602', 'MN001');
INSERT INTO `node_attr` VALUES (27734019022080545, 27734019022080540, 'volt2', '电压2', 'V', 'V', NULL, NULL, '186610102211100602', 'MN001');
INSERT INTO `node_attr` VALUES (27734019022080546, 27734019022080540, 'volt3', '电压3', 'V', 'V', NULL, NULL, '186610102211100602', 'MN001');
INSERT INTO `node_attr` VALUES (27734019022080548, 27734019022080547, 'tem1', '温度1', '℃', '℃', NULL, NULL, '186610102211100602', 'RD001');
INSERT INTO `node_attr` VALUES (27734019022080549, 27734019022080547, 'tem2', '温度2', '℃', '℃', NULL, NULL, '186610102211100602', 'RD001');
INSERT INTO `node_attr` VALUES (27734019022080550, 27734019022080547, 'tem3', '温度3', '℃', '℃', NULL, NULL, '186610102211100602', 'RD001');
INSERT INTO `node_attr` VALUES (27734019022080551, 27734019022080547, 'tem4', '温度4', '℃', '℃', NULL, NULL, '186610102211100602', 'RD001');
INSERT INTO `node_attr` VALUES (27734019022080552, 27734019022080547, 'tem5', '温度5', '℃', '℃', NULL, NULL, '186610102211100602', 'RD001');
INSERT INTO `node_attr` VALUES (27734019022080554, 27734019022080553, 'press1', '压力1', 'MPa', 'MPa', NULL, NULL, '186610102211100602', 'YL001');
INSERT INTO `node_attr` VALUES (27734019022080555, 27734019022080553, 'press2', '压力2', 'MPa', 'MPa', NULL, NULL, '186610102211100602', 'YL001');
INSERT INTO `node_attr` VALUES (27734019022080556, 27734019022080553, 'press3', '压力3', 'MPa', 'MPa', NULL, NULL, '186610102211100602', 'YL001');
INSERT INTO `node_attr` VALUES (27734019022080557, 27734019022080553, 'press4', '压力4', 'MPa', 'MPa', NULL, NULL, '186610102211100602', 'YL001');
INSERT INTO `node_attr` VALUES (27734019022080558, 27734019022080553, 'press5', '压力5', 'MPa', 'MPa', NULL, NULL, '186610102211100602', 'YL001');
INSERT INTO `node_attr` VALUES (27734019022080561, 27734019022080559, 'xianzhi', '重量', '吨', '吨', NULL, NULL, '186610102211100602', 'ZL001');
INSERT INTO `node_attr` VALUES (27734019022080563, 27734019022080562, 'xianzhi', '重量', '吨', '吨', NULL, NULL, '186610102211100603', 'ZL001');
INSERT INTO `node_attr` VALUES (27734019022080566, 27734019022080564, 'xianzhi', '重量', '吨', '重量', NULL, NULL, '186610102211100592', 'ZL001');
INSERT INTO `node_attr` VALUES (44692386005244418, 44692386005244417, 'xianzhi', '重量', '吨', '吨', NULL, NULL, '186610102211100590', 'ZL001');
COMMIT;

-- ----------------------------
-- Table structure for node_attr_std
-- ----------------------------
DROP TABLE IF EXISTS `node_attr_std`;
CREATE TABLE `node_attr_std` (
  `nas_id` bigint NOT NULL COMMENT '节点属性模版ID',
  `nas_key` varchar(200) CHARACTER SET utf8 COLLATE utf8_general_ci DEFAULT NULL COMMENT '主属性的归一化表示',
  `nas_desc` varchar(200) CHARACTER SET utf8 COLLATE utf8_general_ci DEFAULT NULL COMMENT '对主属性的描述',
  `nas_unit` varchar(200) CHARACTER SET utf8 COLLATE utf8_general_ci DEFAULT NULL COMMENT '主属性单位',
  `nas_sym` varchar(200) CHARACTER SET utf8 COLLATE utf8_general_ci DEFAULT NULL COMMENT '主属性符号',
  PRIMARY KEY (`nas_id`) USING BTREE
) ENGINE=InnoDB DEFAULT CHARSET=utf8 COMMENT='节点属性模版，记录了一类节点属性的元数据，比如记录了某节点属性的计数单位';

-- ----------------------------
-- Table structure for node_cmd
-- ----------------------------
DROP TABLE IF EXISTS `node_cmd`;
CREATE TABLE `node_cmd` (
  `nc_id` bigint NOT NULL COMMENT '节点命令ID',
  `node_id` bigint NOT NULL COMMENT '节点ID，一个节点命令对应一个节点，一个节点有多个命令',
  `nc_content` varchar(40) CHARACTER SET utf8 COLLATE utf8_general_ci NOT NULL COMMENT '命令内容',
  `nc_name` varchar(40) CHARACTER SET utf8 COLLATE utf8_general_ci DEFAULT NULL COMMENT '命令中文标题',
  `scene_sn` varchar(24) CHARACTER SET utf8 COLLATE utf8_general_ci NOT NULL COMMENT '场景SN',
  `node_sn` varchar(24) CHARACTER SET utf8 COLLATE utf8_general_ci NOT NULL COMMENT '节点SN',
  PRIMARY KEY (`nc_id`) USING BTREE,
  KEY `node_id` (`node_id`) USING BTREE
) ENGINE=InnoDB DEFAULT CHARSET=utf8 COMMENT='节点命令，节点命令的接收者是通信终端，一般通信终端会通过寻址机制将收到的命令作用于某个数据采集设备，命令可分为“收集数据“”调整参数”两类';

-- ----------------------------
-- Records of node_cmd
-- ----------------------------
BEGIN;
INSERT INTO `node_cmd` VALUES (24841210371843587, 24841210371843585, 'string', 'string', '186610102211100599', 'S7200');
COMMIT;

-- ----------------------------
-- Table structure for node_cmd_group
-- ----------------------------
DROP TABLE IF EXISTS `node_cmd_group`;
CREATE TABLE `node_cmd_group` (
  `ncg_id` bigint NOT NULL COMMENT '节点命令组ID',
  `node_id` bigint NOT NULL COMMENT '节点ID，一个命令组对应一个节点，具体关系待商榷',
  `ncg_name` varchar(40) CHARACTER SET utf8 COLLATE utf8_general_ci DEFAULT NULL COMMENT '节点命令组名称',
  `ncg_key` varchar(40) CHARACTER SET utf8 COLLATE utf8_general_ci DEFAULT NULL COMMENT '节点命令组key',
  PRIMARY KEY (`ncg_id`) USING BTREE,
  KEY `key_unique` (`node_id`,`ncg_key`) USING BTREE
) ENGINE=InnoDB DEFAULT CHARSET=utf8 COMMENT='节点命令组，发不同类型的控制命令时，会对应不同的的处理方式，该表对控制命令进行了分类，比如“视频”“转动““频率“等不同类别的动作；一个命令对应到一个命令组，一个命令组可包含多条命令';

-- ----------------------------
-- Table structure for node_cmd_group_std
-- ----------------------------
DROP TABLE IF EXISTS `node_cmd_group_std`;
CREATE TABLE `node_cmd_group_std` (
  `ncgs_id` bigint NOT NULL COMMENT '命令组模版ID',
  `ncgs_name` varchar(200) CHARACTER SET utf8 COLLATE utf8_general_ci NOT NULL COMMENT '命令组名称',
  `ncgs_key` varchar(200) CHARACTER SET utf8 COLLATE utf8_general_ci NOT NULL COMMENT '命令组属性',
  PRIMARY KEY (`ncgs_id`) USING BTREE
) ENGINE=InnoDB DEFAULT CHARSET=utf8 COMMENT='节点命令组名称模版，node_cmd_group_std.ncgs_name对应node_cmd_group.ncg_name，供添加命令组选择“命令组名称“';

-- ----------------------------
-- Table structure for node_cmd_prot
-- ----------------------------
DROP TABLE IF EXISTS `node_cmd_prot`;
CREATE TABLE `node_cmd_prot` (
  `ncp_id` bigint NOT NULL COMMENT '节点命令协议ID',
  `node_id` bigint NOT NULL COMMENT '节点ID，一个节点命令协议对应一个节点，一个节点一般有两个节点命令协议：数据上传协议、命令下发协议',
  `ncp_type` varchar(10) CHARACTER SET utf8 COLLATE utf8_general_ci NOT NULL COMMENT '与此节点通信(虽然通信的基本单位是scene，但是scene会通过寻址机制定位到某一节点，所以下发的命令最终作用于节点，上传的数据也是以节点为数据单元；scene每次上传的数据的格式应该是：以数据单元为元素的数组，再附加一些scene、node本身的信息)采用的协议类型',
  `ncp_down` varchar(200) CHARACTER SET utf8 COLLATE utf8_general_ci NOT NULL COMMENT '数据上传格式',
  `ncp_up` varchar(200) CHARACTER SET utf8 COLLATE utf8_general_ci NOT NULL COMMENT '命令下发格式',
  PRIMARY KEY (`ncp_id`) USING BTREE,
  KEY `node_id` (`node_id`) USING BTREE
) ENGINE=InnoDB DEFAULT CHARSET=utf8 COMMENT='节点通信协议，一个节点可以对应一个数据上传协议，和一个命令下发协议';

-- ----------------------------
-- Table structure for node_cmd_std
-- ----------------------------
DROP TABLE IF EXISTS `node_cmd_std`;
CREATE TABLE `node_cmd_std` (
  `ncs_id` bigint NOT NULL COMMENT '节点命令模版ID',
  `ncs_key` varchar(200) CHARACTER SET utf8 COLLATE utf8_general_ci NOT NULL COMMENT '命令属性',
  `ncs_name` varchar(200) CHARACTER SET utf8 COLLATE utf8_general_ci NOT NULL COMMENT '命令属性名称',
  PRIMARY KEY (`ncs_id`) USING BTREE
) ENGINE=InnoDB DEFAULT CHARSET=utf8 COMMENT='节点命令名称模版，node_cmd_std.ncs_name字段对应node_cmd.nc_name，供添加命令选择“控制名称”';

-- ----------------------------
-- Table structure for node_cond
-- ----------------------------
DROP TABLE IF EXISTS `node_cond`;
CREATE TABLE `node_cond` (
  `nc_id` bigint NOT NULL COMMENT '节点触发器触发条件ID',
  `na_id` bigint NOT NULL COMMENT '节点属性ID，一个条件对应一个节点属性，一个节点属性有多个条件，条件的作用(判断)对象是节点属性',
  `nt_id` bigint NOT NULL COMMENT '节点触发器ID，一个条件对应一个节点触发器，一个节点触发器有多个条件',
  `nc_op` tinyint NOT NULL COMMENT '操作符1>2>=3<4<=5==6新值7冻结8复活',
  `nc_val` varchar(60) CHARACTER SET utf8 COLLATE utf8_general_ci DEFAULT NULL COMMENT '条件满足的数值',
  `node_sn` varchar(24) CHARACTER SET utf8 COLLATE utf8_general_ci DEFAULT NULL COMMENT '节点SN',
  `scene_sn` varchar(24) CHARACTER SET utf8 COLLATE utf8_general_ci DEFAULT NULL COMMENT '场景SN',
  `nc_fit_time` int DEFAULT '1' COMMENT '满足条件几次才算条件匹配成功',
  PRIMARY KEY (`nc_id`) USING BTREE,
  KEY `na_id` (`na_id`) USING BTREE,
  KEY `nt_id` (`nt_id`) USING BTREE
) ENGINE=InnoDB DEFAULT CHARSET=utf8 COMMENT='节点触发器条件，一个节点可配置多个条件，一个条件对应一个触发器；一次“添加关联”操作可添加多个条件以及生成一个触发器(这些条件可能对应到不同节点，甚至不同场景下的不同节点)';

-- ----------------------------
-- Records of node_cond
-- ----------------------------
BEGIN;
INSERT INTO `node_cond` VALUES (27734019022080572, 14929544691641429, 27734019022080570, 1, '10', 'RD001', '186610102211100523', 100);
INSERT INTO `node_cond` VALUES (27734019022080575, 14929544691641490, 27734019022080573, 1, '10', 'RD001', '186610102211100551', 1);
INSERT INTO `node_cond` VALUES (27734019022080578, 14929544691641512, 27734019022080576, 3, '100', 'MN001', '186610102211100560', 1);
INSERT INTO `node_cond` VALUES (27734019022080581, 14929544691641518, 27734019022080579, 1, '100', 'MN001', '186610102211100566', 2);
INSERT INTO `node_cond` VALUES (27734019022080585, 14929544691641509, 27734019022080583, 1, '100', 'MN001', '186610102211100560', 2);
INSERT INTO `node_cond` VALUES (27734019022080588, 14929544691641508, 27734019022080586, 1, '100', 'WS001', '186610102211100560', 2);
INSERT INTO `node_cond` VALUES (38681242119545859, 27734019022080541, 38681242119545857, 1, '45', 'MN001', '186610102211100602', 102);
INSERT INTO `node_cond` VALUES (38681242119545860, 27734019022080555, 38681242119545857, 2, '200', 'YL001', '186610102211100602', 54);
INSERT INTO `node_cond` VALUES (44692386005244416, 27734019022080542, 38681242119545857, 2, '20', 'MN001', '186610102211100602', 20);
INSERT INTO `node_cond` VALUES (48240449898756100, 14929544691641424, 48240449898756098, 1, '1', 'MN001', '186610102211100523', 1);
INSERT INTO `node_cond` VALUES (48300875793644035, 14929544691641424, 48300875793644032, 1, '1', 'MN001', '186610102211100523', 1);
INSERT INTO `node_cond` VALUES (48303671817354257, 14929544691641429, 27734019022080570, 2, '20', 'RD001', '186610102211100523', 200);
INSERT INTO `node_cond` VALUES (49094785465930243, 14929544691641429, 49094785465930241, 2, '10', 'RD001', '186610102211100523', 20);
INSERT INTO `node_cond` VALUES (49296021863623170, 14929544691641424, 49296021863623168, 2, '100', 'MN001', '186610102211100523', 200);
INSERT INTO `node_cond` VALUES (49296021863623177, 14929544691641424, 49296021863623175, 2, '10', 'MN001', '186610102211100523', 20);
INSERT INTO `node_cond` VALUES (49296021863623178, 27734019022080556, 49296021863623175, 1, '20', 'YL001', '186610102211100602', 30);
INSERT INTO `node_cond` VALUES (49296021863623179, 14929544691641510, 49296021863623175, 2, '30', 'MN001', '186610102211100560', 40);
INSERT INTO `node_cond` VALUES (49296021863623186, 14929544691641430, 49296021863623184, 3, '10', 'RD001', '186610102211100523', 20);
INSERT INTO `node_cond` VALUES (49296021863623187, 14929544691641424, 49296021863623184, 2, '10', 'MN001', '186610102211100523', 30);
INSERT INTO `node_cond` VALUES (49296021863623193, 14929544691641508, 49296021863623191, 2, '10', 'WS001', '186610102211100560', 20);
INSERT INTO `node_cond` VALUES (49296021863623197, 14929544691641424, 49296021863623195, 3, '10', 'MN001', '186610102211100523', 20);
INSERT INTO `node_cond` VALUES (49296021863623198, 14929544691641430, 27734019022080570, 5, '20', 'RD001', '186610102211100523', 30);
INSERT INTO `node_cond` VALUES (49296021863623207, 14929544691641424, 27734019022080570, 2, '10', 'MN001', '186610102211100523', 22);
INSERT INTO `node_cond` VALUES (49296021863623208, 14929544691641430, 27734019022080570, 1, '20', 'RD001', '186610102211100523', 30);
INSERT INTO `node_cond` VALUES (49296021863623209, 14929544691641430, 27734019022080570, 3, '20', 'RD001', '186610102211100523', 30);
INSERT INTO `node_cond` VALUES (49489943932008962, 27734019022080522, 49489943932008960, 1, '78', 'MN001', '186610102211100603', 2);
INSERT INTO `node_cond` VALUES (50739541044485122, 27734019022080545, 50739541044485120, 1, '12', 'MN001', '186610102211100602', 2);
INSERT INTO `node_cond` VALUES (50739541044485123, 27734019022080546, 50739541044485120, 2, '13', 'MN001', '186610102211100602', 3);
INSERT INTO `node_cond` VALUES (50775285909809154, 27734019022080522, 50775285909809152, 1, '2', 'MN001', '186610102211100603', 2);
INSERT INTO `node_cond` VALUES (50807502459498498, 24841210371843609, 50807502459498496, 3, '2', 'MN001', '186610102211100600', 12);
INSERT INTO `node_cond` VALUES (50807502459498501, 27734019022080542, 50807502459498499, 1, '1', 'MN001', '186610102211100602', 12);
COMMIT;

-- ----------------------------
-- Table structure for node_trig
-- ----------------------------
DROP TABLE IF EXISTS `node_trig`;
CREATE TABLE `node_trig` (
  `nt_id` bigint NOT NULL COMMENT '节点触发器ID',
  `nt_name` varchar(60) CHARACTER SET utf8 COLLATE utf8_general_ci DEFAULT NULL COMMENT '节点触发器名称',
  `nt_desc` varchar(200) CHARACTER SET utf8 COLLATE utf8_general_ci DEFAULT NULL COMMENT '节点触发器描述',
  `nt_invl` int DEFAULT '0' COMMENT '间隔时间，单位为秒',
  `nt_rept` tinyint DEFAULT '0' COMMENT '是否重复执行 0重复 1不重复',
  `nt_exec` tinyint DEFAULT '0' COMMENT '是否执行 0执行 1不执行',
  `nt_expr` datetime DEFAULT '9999-12-31 23:59:59' COMMENT '失效时间',
  PRIMARY KEY (`nt_id`) USING BTREE
) ENGINE=InnoDB DEFAULT CHARSET=utf8 COMMENT='节点触发器，一个节点可配置多个触发器，一个触发器也可对应多个节点，甚至不同场景下的节点；一个触发器下的全部条件都满足时才会触发';

-- ----------------------------
-- Records of node_trig
-- ----------------------------
BEGIN;
INSERT INTO `node_trig` VALUES (27734019022080570, '规则名称1', '', 12, 1, 1, '2021-06-05 12:46:45');
INSERT INTO `node_trig` VALUES (27734019022080573, '规则名称', '', 0, 1, 0, '2021-05-20 11:05:50');
INSERT INTO `node_trig` VALUES (27734019022080576, '规则名称', '', 0, 0, 0, NULL);
INSERT INTO `node_trig` VALUES (27734019022080579, '规则名称', '', 0, 1, 0, NULL);
INSERT INTO `node_trig` VALUES (27734019022080583, '规则名称', 'jjj', 0, 1, 0, NULL);
INSERT INTO `node_trig` VALUES (27734019022080586, '规则名称', '', 0, 1, 0, NULL);
INSERT INTO `node_trig` VALUES (38681242119545857, '规则名称1', '', 0, 1, 0, NULL);
INSERT INTO `node_trig` VALUES (48240449898756098, '规则名称123', '哈哈哈哈', 0, 1, 1, NULL);
INSERT INTO `node_trig` VALUES (48300875793644032, '规则名称12352', '哈哈哈哈', 0, 1, 1, NULL);
INSERT INTO `node_trig` VALUES (49094785465930241, 'myname', '', 1, 1, 0, NULL);
INSERT INTO `node_trig` VALUES (49296021863623168, 'yj', NULL, 10, 1, 0, NULL);
INSERT INTO `node_trig` VALUES (49296021863623175, 'yj', NULL, 10, 0, 0, '2021-07-10 09:10:19');
INSERT INTO `node_trig` VALUES (49296021863623184, '12', NULL, 1, 1, 0, '2021-06-05 10:45:01');
INSERT INTO `node_trig` VALUES (49296021863623191, '2', NULL, 2, 0, 0, '2021-06-05 11:52:27');
INSERT INTO `node_trig` VALUES (49296021863623195, '2', NULL, 2, 0, 0, NULL);
INSERT INTO `node_trig` VALUES (49489943932008960, '规则名称', '', 0, 1, 0, NULL);
INSERT INTO `node_trig` VALUES (50739541044485120, '规则名称', '', 0, 1, 0, NULL);
INSERT INTO `node_trig` VALUES (50775285909809152, '规则名称', '', 0, 1, 0, NULL);
INSERT INTO `node_trig` VALUES (50807502459498496, 'test', 'test', 0, 1, 0, NULL);
INSERT INTO `node_trig` VALUES (50807502459498499, '规则名称', '', 0, 1, 0, NULL);
COMMIT;

-- ----------------------------
-- Table structure for scene
-- ----------------------------
DROP TABLE IF EXISTS `scene`;
CREATE TABLE `scene` (
  `scene_id` bigint NOT NULL COMMENT '场景ID',
  `scene_sn` char(20) CHARACTER SET utf8 COLLATE utf8_general_ci NOT NULL COMMENT '场景网关号',
  `scene_name` varchar(40) CHARACTER SET utf8 COLLATE utf8_general_ci NOT NULL COMMENT '场景名称',
  `scene_loc` varchar(60) CHARACTER SET utf8 COLLATE utf8_general_ci DEFAULT NULL COMMENT '地点名称',
  `scene_lng` double DEFAULT NULL COMMENT '经度',
  `scene_lat` double DEFAULT NULL COMMENT '纬度',
  `scene_el` double DEFAULT NULL COMMENT '海拔',
  `scene_desc` varchar(200) CHARACTER SET utf8 COLLATE utf8_general_ci DEFAULT NULL COMMENT '描述',
  `create_time` datetime DEFAULT NULL COMMENT '创建时间',
  `scene_identifier` varchar(50) CHARACTER SET utf8 COLLATE utf8_general_ci DEFAULT NULL COMMENT '网关身份标识（选填）',
  `scene_attrname` varchar(255) DEFAULT NULL,
  `scene_map` varchar(60) DEFAULT NULL,
  PRIMARY KEY (`scene_id`) USING BTREE,
  KEY `idx_scene_sn_value` (`scene_sn`) USING BTREE
) ENGINE=InnoDB DEFAULT CHARSET=utf8 COMMENT='场景表，场景是数据上传与命令下发的最基本单位。逻辑上可看作管理着多个数据单元的交互窗口；物理上可看作通信终端，比如dtu';

-- ----------------------------
-- Records of scene
-- ----------------------------
BEGIN;
INSERT INTO `scene` VALUES (14929542544157697, '186610102211100358', '撕碎机', NULL, 0, 0, NULL, NULL, '2020-11-20 11:19:40', NULL, NULL, NULL);
INSERT INTO `scene` VALUES (14929542544157698, '186610102211100363', '生物质颗粒机', NULL, 0, 0, NULL, NULL, '2020-11-20 11:19:40', NULL, NULL, NULL);
INSERT INTO `scene` VALUES (14929542544157699, '186610102211100364', '砌块制砖机', NULL, 0, 0, NULL, NULL, '2020-11-20 11:19:40', NULL, NULL, NULL);
INSERT INTO `scene` VALUES (14929542544157700, '186610102211100365', '破碎机', NULL, 0, 0, NULL, NULL, '2020-11-20 11:19:40', NULL, NULL, NULL);
INSERT INTO `scene` VALUES (14929542544157701, '186610102211100366', '榨油机', NULL, 0, 0, NULL, NULL, '2020-11-20 11:19:40', NULL, NULL, NULL);
INSERT INTO `scene` VALUES (14929542544157702, '186610102211100367', '精炼油设备', NULL, 0, 0, NULL, NULL, '2020-11-20 11:19:40', NULL, NULL, NULL);
INSERT INTO `scene` VALUES (14929542544157703, '186610102211100356', '烘干机.', NULL, 0, 0, NULL, NULL, '2020-11-20 11:19:40', NULL, NULL, NULL);
INSERT INTO `scene` VALUES (14929542544157704, '186610102211100374', '压球机', NULL, 0, 0, NULL, NULL, '2020-11-20 11:19:40', NULL, NULL, NULL);
INSERT INTO `scene` VALUES (14929542544157705, '186610102211100375', '双级无筛底粉碎机', NULL, 0, 0, NULL, NULL, '2020-11-20 11:19:40', NULL, NULL, NULL);
INSERT INTO `scene` VALUES (14929542544157706, '186610102211100376', '木材粉碎机', NULL, 0, 0, NULL, NULL, '2020-11-20 11:19:40', NULL, NULL, NULL);
INSERT INTO `scene` VALUES (14929542544157707, '186610102211100377', '磁选机', NULL, 0, 0, NULL, NULL, '2020-11-20 11:19:40', NULL, NULL, NULL);
INSERT INTO `scene` VALUES (14929542544157708, '186610102211100378', '锂电池破碎回收设备', NULL, 0, 0, NULL, NULL, '2020-11-20 11:19:40', NULL, NULL, NULL);
INSERT INTO `scene` VALUES (14929542544157709, '186610102211100381', '烘干房', NULL, 0, 0, NULL, NULL, '2020-11-20 11:19:40', NULL, NULL, NULL);
INSERT INTO `scene` VALUES (14929542544157710, '186610102211100384', '木炭机', NULL, 0, 0, NULL, NULL, '2020-11-20 11:19:40', NULL, NULL, NULL);
INSERT INTO `scene` VALUES (14929542544157711, '186610102211100385', '生物质颗粒机', NULL, 0, 0, NULL, NULL, '2020-11-20 11:19:40', NULL, NULL, NULL);
INSERT INTO `scene` VALUES (14929542544157712, '186610102211100391', '移动破碎机', NULL, 0, 0, NULL, NULL, '2020-11-20 11:19:40', NULL, NULL, NULL);
INSERT INTO `scene` VALUES (14929542544157713, '186610102211100392', '破碎机设备', NULL, 0, 0, NULL, NULL, '2020-11-20 11:19:40', NULL, NULL, NULL);
INSERT INTO `scene` VALUES (14929542544157714, '186610102211100393', '双轴撕碎机', NULL, 0, 0, NULL, NULL, '2020-11-20 11:19:40', NULL, NULL, NULL);
INSERT INTO `scene` VALUES (14929542544157715, '186610102211100394', '石棉瓦设备', NULL, 0, 0, NULL, NULL, '2020-11-20 11:19:40', NULL, NULL, NULL);
INSERT INTO `scene` VALUES (14929542544157716, '186610102211100395', '榨油机', NULL, 0, 0, NULL, NULL, '2020-11-20 11:19:40', NULL, NULL, NULL);
INSERT INTO `scene` VALUES (14929542544157717, '186610102211100396', '金属撕碎机', NULL, 0, 0, NULL, NULL, '2020-11-20 11:19:40', NULL, NULL, NULL);
INSERT INTO `scene` VALUES (14929542544157718, '186610102211100397', '垃圾分拣机', NULL, 0, 0, NULL, NULL, '2020-11-20 11:19:40', NULL, NULL, NULL);
INSERT INTO `scene` VALUES (14929542544157719, '186610102211100399', '双螺旋榨油机', NULL, 0, 0, NULL, NULL, '2020-11-20 11:19:40', NULL, NULL, NULL);
INSERT INTO `scene` VALUES (14929542544157720, '186610102211100400', '生物质颗粒机', NULL, 0, 0, NULL, NULL, '2020-11-20 11:19:40', NULL, NULL, NULL);
INSERT INTO `scene` VALUES (14929542544157721, '186610102211100403', '双轴撕碎机', NULL, 0, 0, NULL, NULL, '2020-11-20 11:19:40', NULL, NULL, NULL);
INSERT INTO `scene` VALUES (14929542544157722, '186610102211100404', '双轴撕碎机', NULL, 0, 0, NULL, NULL, '2020-11-20 11:19:40', NULL, NULL, NULL);
INSERT INTO `scene` VALUES (14929542544157723, '186610102211100405', '木材粉碎机设备', NULL, 0, 0, NULL, NULL, '2020-11-20 11:19:40', NULL, NULL, NULL);
INSERT INTO `scene` VALUES (14929542544157724, '186610102211100406', '跳汰机', NULL, 0, 0, NULL, NULL, '2020-11-20 11:19:40', NULL, NULL, NULL);
INSERT INTO `scene` VALUES (14929542544157725, '186610102211100408', '测试23', NULL, 0, 0, NULL, NULL, '2020-11-20 11:19:40', NULL, NULL, NULL);
INSERT INTO `scene` VALUES (14929542544157726, '186610102211100409', '榨油机', NULL, 0, 0, NULL, NULL, '2020-11-20 11:19:40', NULL, NULL, NULL);
INSERT INTO `scene` VALUES (14929542544157727, '186610102211100410', '木头破碎机', NULL, 0, 0, NULL, NULL, '2020-11-20 11:19:40', NULL, NULL, NULL);
INSERT INTO `scene` VALUES (14929542544157728, '186610102211100411', '金属破碎机', NULL, 0, 0, NULL, NULL, '2020-11-20 11:19:40', NULL, NULL, NULL);
INSERT INTO `scene` VALUES (14929542544157729, '186610102211100412', '秸秆木材粉碎机', NULL, 0, 0, NULL, NULL, '2020-11-20 11:19:40', NULL, NULL, NULL);
INSERT INTO `scene` VALUES (14929542544157730, '186610102211100413', '烘干机', NULL, 0, 0, NULL, NULL, '2020-11-20 11:19:40', NULL, NULL, NULL);
INSERT INTO `scene` VALUES (14929542544157731, '186610102211100414', '炭化炉', NULL, 0, 0, NULL, NULL, '2020-11-20 11:19:40', NULL, NULL, NULL);
INSERT INTO `scene` VALUES (14929542544157732, '186610102211100415', '扒皮玉米收割机', NULL, 0, 0, NULL, NULL, '2020-11-20 11:19:40', NULL, NULL, NULL);
INSERT INTO `scene` VALUES (14929542544157733, '186610102211100416', '破碎设备', NULL, 0, 0, NULL, NULL, '2020-11-20 11:19:40', NULL, NULL, NULL);
INSERT INTO `scene` VALUES (14929542544157734, '186610102211100417', '康百万破碎机', NULL, 0, 0, NULL, NULL, '2020-11-20 11:19:40', NULL, NULL, NULL);
INSERT INTO `scene` VALUES (14929542544157735, '186610102211100418', '矿山制砂机', NULL, 0, 0, NULL, NULL, '2020-11-20 11:19:40', NULL, NULL, NULL);
INSERT INTO `scene` VALUES (14929542544157736, '186610102211100419', '全自动榨油机', NULL, 0, 0, NULL, NULL, '2020-11-20 11:19:40', NULL, NULL, NULL);
INSERT INTO `scene` VALUES (14929542544157737, '186610102211100420', '破碎机', NULL, 0, 0, NULL, NULL, '2020-11-20 11:19:40', NULL, NULL, NULL);
INSERT INTO `scene` VALUES (14929542544157738, '186610102211100421', '多功能撕碎机', NULL, 0, 0, NULL, NULL, '2020-11-20 11:19:40', NULL, NULL, NULL);
INSERT INTO `scene` VALUES (14929542544157739, '186610102211100422', '金属破碎机', NULL, 0, 0, NULL, NULL, '2020-11-20 11:19:40', NULL, NULL, NULL);
INSERT INTO `scene` VALUES (14929542544157740, '186610102211100423', '生物质颗粒机', NULL, 0, 0, NULL, NULL, '2020-11-20 11:19:40', NULL, NULL, NULL);
INSERT INTO `scene` VALUES (14929542544157741, '186610102211100424', '全自动制砖机', NULL, 0, 0, NULL, NULL, '2020-11-20 11:19:40', NULL, NULL, NULL);
INSERT INTO `scene` VALUES (14929542544157742, '186610102211100425', '生物质颗粒机', NULL, 0, 0, NULL, NULL, '2020-11-20 11:19:40', NULL, NULL, NULL);
INSERT INTO `scene` VALUES (14929542544157743, '186610102211100426', '金属破碎设备', NULL, 0, 0, NULL, NULL, '2020-11-20 11:19:40', NULL, NULL, NULL);
INSERT INTO `scene` VALUES (14929542544157744, '186610102211100427', '制砂设备', NULL, 0, 0, NULL, NULL, '2020-11-20 11:19:40', NULL, NULL, NULL);
INSERT INTO `scene` VALUES (14929542544157745, '186610102211100428', '机制砂设备', NULL, 0, 0, NULL, NULL, '2020-11-20 11:19:40', NULL, NULL, NULL);
INSERT INTO `scene` VALUES (14929542544157746, '186610102211100429', '气力输送设备', NULL, 0, 0, NULL, NULL, '2020-11-20 11:19:40', NULL, NULL, NULL);
INSERT INTO `scene` VALUES (14929542544157747, '186610102211100430', '炭化机', NULL, 0, 0, NULL, NULL, '2020-11-20 11:19:40', NULL, NULL, NULL);
INSERT INTO `scene` VALUES (14929542544157748, '186610102211100431', '木炭机', NULL, 0, 0, NULL, NULL, '2020-11-20 11:19:41', NULL, NULL, NULL);
INSERT INTO `scene` VALUES (14929542544157749, '186610102211100432', '制砂机', NULL, 0, 0, NULL, NULL, '2020-11-20 11:19:41', NULL, NULL, NULL);
INSERT INTO `scene` VALUES (14929542544157750, '186610102211100433', '双轴撕碎机', NULL, 0, 0, NULL, NULL, '2020-11-20 11:19:41', NULL, NULL, NULL);
INSERT INTO `scene` VALUES (14929542544157751, '186610102211100434', '撕碎机设备', NULL, 0, 0, NULL, NULL, '2020-11-20 11:19:41', NULL, NULL, NULL);
INSERT INTO `scene` VALUES (14929542544157752, '186610102211100435', '制砖机', NULL, 0, 0, NULL, NULL, '2020-11-20 11:19:41', NULL, NULL, NULL);
INSERT INTO `scene` VALUES (14929542544157753, '186610102211100436', '撕碎机设备', NULL, 0, 0, NULL, NULL, '2020-11-20 11:19:41', NULL, NULL, NULL);
INSERT INTO `scene` VALUES (14929542544157754, '186610102211100437', '制砂破碎设备', NULL, 0, 0, NULL, NULL, '2020-11-20 11:19:41', NULL, NULL, NULL);
INSERT INTO `scene` VALUES (14929542544157755, '186610102211100438', '多功能榨油机', NULL, 0, 0, NULL, NULL, '2020-11-20 11:19:41', NULL, NULL, NULL);
INSERT INTO `scene` VALUES (14929542544157756, '186610102211100439', '烘干机设备', NULL, 0, 0, NULL, NULL, '2020-11-20 11:19:41', NULL, NULL, NULL);
INSERT INTO `scene` VALUES (14929542544157757, '186610102211100440', '重锤式破碎机', NULL, 0, 0, NULL, NULL, '2020-11-20 11:19:41', NULL, NULL, NULL);
INSERT INTO `scene` VALUES (14929542544157758, '186610102211100441', '撕碎机', NULL, 0, 0, NULL, NULL, '2020-11-20 11:19:41', NULL, NULL, NULL);
INSERT INTO `scene` VALUES (14929542544157759, '186610102211100442', '压球机', NULL, 0, 0, NULL, NULL, '2020-11-20 11:19:41', NULL, NULL, NULL);
INSERT INTO `scene` VALUES (14929542544157760, '186610102211100443', '锤式破碎机', NULL, 0, 0, NULL, NULL, '2020-11-20 11:19:41', NULL, NULL, NULL);
INSERT INTO `scene` VALUES (14929542544157761, '186610102211100444', '炭化设备', NULL, 0, 0, NULL, NULL, '2020-11-20 11:19:41', NULL, NULL, NULL);
INSERT INTO `scene` VALUES (14929542544157762, '186610102211100445', '网带式烘干机设备', NULL, 0, 0, NULL, NULL, '2020-11-20 11:19:41', NULL, NULL, NULL);
INSERT INTO `scene` VALUES (14929542544157763, '186610102211100446', '生物质颗粒机', NULL, 0, 0, NULL, NULL, '2020-11-20 11:19:41', NULL, NULL, NULL);
INSERT INTO `scene` VALUES (14929542544157764, '186610102211100447', '撕碎机', NULL, 0, 0, NULL, NULL, '2020-11-20 11:19:41', NULL, NULL, NULL);
INSERT INTO `scene` VALUES (14929542544157765, '186610102211100448', '撕碎机', NULL, 0, 0, NULL, NULL, '2020-11-20 11:19:41', NULL, NULL, NULL);
INSERT INTO `scene` VALUES (14929542544157766, '186610102211100449', '气力输送设备', NULL, 0, 0, NULL, NULL, '2020-11-20 11:19:41', NULL, NULL, NULL);
INSERT INTO `scene` VALUES (14929542544157767, '186610102211100450', '制砖机', NULL, 0, 0, NULL, NULL, '2020-11-20 11:19:41', NULL, NULL, NULL);
INSERT INTO `scene` VALUES (14929542544157768, '186610102211100451', '输送设备', NULL, 0, 0, NULL, NULL, '2020-11-20 11:19:41', NULL, NULL, NULL);
INSERT INTO `scene` VALUES (14929542544157769, '186610102211100452', '反击式破碎机', NULL, 0, 0, NULL, NULL, '2020-11-20 11:19:41', NULL, NULL, NULL);
INSERT INTO `scene` VALUES (14929542544157770, '186610102211100453', '圆锥式破碎机', NULL, 0, 0, NULL, NULL, '2020-11-20 11:19:41', NULL, NULL, NULL);
INSERT INTO `scene` VALUES (14929542544157771, '186610102211100454', '金属破碎机', NULL, 0, 0, NULL, NULL, '2020-11-20 11:19:41', NULL, NULL, NULL);
INSERT INTO `scene` VALUES (14929542544157772, '186610102211100455', '树枝木材粉碎设备', NULL, 0, 0, NULL, NULL, '2020-11-20 11:19:41', NULL, NULL, NULL);
INSERT INTO `scene` VALUES (14929542544157773, '186610102211100456', '破碎机设备', NULL, 0, 0, NULL, NULL, '2020-11-20 11:19:41', NULL, NULL, NULL);
INSERT INTO `scene` VALUES (14929542544157774, '186610102211100457', '脱水设备', NULL, 0, 0, NULL, NULL, '2020-11-20 11:19:41', NULL, NULL, NULL);
INSERT INTO `scene` VALUES (14929542544157775, '186610102211100458', '木工带锯机', NULL, 0, 0, NULL, NULL, '2020-11-20 11:19:41', NULL, NULL, NULL);
INSERT INTO `scene` VALUES (14929542544157776, '186610102211100460', '锤式破碎机', NULL, 0, 0, NULL, NULL, '2020-11-20 11:19:41', NULL, NULL, NULL);
INSERT INTO `scene` VALUES (14929542544157777, '186610102211100461', '全自动砌块机', NULL, 0, 0, NULL, NULL, '2020-11-20 11:19:41', NULL, NULL, NULL);
INSERT INTO `scene` VALUES (14929542544157778, '186610102211100462', '制砖机设备', NULL, 0, 0, NULL, NULL, '2020-11-20 11:19:41', NULL, NULL, NULL);
INSERT INTO `scene` VALUES (14929542544157779, '186610102211100463', '移动破碎站', NULL, 0, 0, NULL, NULL, '2020-11-20 11:19:41', NULL, NULL, NULL);
INSERT INTO `scene` VALUES (14929542544157780, '186610102211100464', '双轴撕碎机', NULL, 0, 0, NULL, NULL, '2020-11-20 11:19:41', NULL, NULL, NULL);
INSERT INTO `scene` VALUES (14929542544157781, '186610102211100465', '颚式破碎机', NULL, 0, 0, NULL, NULL, '2020-11-20 11:19:41', NULL, NULL, NULL);
INSERT INTO `scene` VALUES (14929542544157782, '186610102211100466', '榨油机设备', NULL, 0, 0, NULL, NULL, '2020-11-20 11:19:41', NULL, NULL, NULL);
INSERT INTO `scene` VALUES (14929542544157783, '186610102211100467', '压球机', NULL, 0, 0, NULL, NULL, '2020-11-20 11:19:41', NULL, NULL, NULL);
INSERT INTO `scene` VALUES (14929542544157784, '186610102211100468', '双级无筛底粉碎机', NULL, 0, 0, NULL, NULL, '2020-11-20 11:19:41', NULL, NULL, NULL);
INSERT INTO `scene` VALUES (14929542544157785, '186610102211100469', '易拉罐粉碎机', NULL, 0, 0, NULL, NULL, '2020-11-20 11:19:41', NULL, NULL, NULL);
INSERT INTO `scene` VALUES (14929542544157786, '186610102211100470', '木炭机设备', NULL, 0, 0, NULL, NULL, '2020-11-20 11:19:41', NULL, NULL, NULL);
INSERT INTO `scene` VALUES (14929542544157787, '186610102211100471', '木材粉碎机设备', NULL, 0, 0, NULL, NULL, '2020-11-20 11:19:41', NULL, NULL, NULL);
INSERT INTO `scene` VALUES (14929542544157788, '186610102211100472', '烘干房设备', NULL, 0, 0, NULL, NULL, '2020-11-20 11:19:41', NULL, NULL, NULL);
INSERT INTO `scene` VALUES (14929542544157789, '186610102211100473', '网带式烘干机', NULL, 0, 0, NULL, NULL, '2020-11-20 11:19:41', NULL, NULL, NULL);
INSERT INTO `scene` VALUES (14929542544157790, '186610102211100474', '制砖机设备', NULL, 0, 0, NULL, NULL, '2020-11-20 11:19:41', NULL, NULL, NULL);
INSERT INTO `scene` VALUES (14929542544157791, '186610102211100475', '水泥砖机设备', NULL, 0, 0, NULL, NULL, '2020-11-20 11:19:41', NULL, NULL, NULL);
INSERT INTO `scene` VALUES (14929542544157792, '186610102211100476', '编织袋撕碎机', NULL, 0, 0, NULL, NULL, '2020-11-20 11:19:41', NULL, NULL, NULL);
INSERT INTO `scene` VALUES (14929542544157793, '186610102211100477', '金属破碎机', NULL, 0, 0, NULL, NULL, '2020-11-20 11:19:41', NULL, NULL, NULL);
INSERT INTO `scene` VALUES (14929542544157794, '186610102211100478', '多功能撕碎机', NULL, 0, 0, NULL, NULL, '2020-11-20 11:19:41', NULL, NULL, NULL);
INSERT INTO `scene` VALUES (14929542544157795, '186610102211100479', '金属撕碎机设备', NULL, 0, 0, NULL, NULL, '2020-11-20 11:19:41', NULL, NULL, NULL);
INSERT INTO `scene` VALUES (14929542544157796, '186610102211100480', '塑料橡胶撕碎机', NULL, 0, 0, NULL, NULL, '2020-11-20 11:19:41', NULL, NULL, NULL);
INSERT INTO `scene` VALUES (14929542544157797, '186610102211100483', '铜米机设备', NULL, 0, 0, NULL, NULL, '2020-11-20 11:19:41', NULL, NULL, NULL);
INSERT INTO `scene` VALUES (14929542544157798, '186610102211100484', '静电分选机', NULL, 0, 0, NULL, NULL, '2020-11-20 11:19:41', NULL, NULL, NULL);
INSERT INTO `scene` VALUES (14929542544157799, '186610102211100487', '磁选机', NULL, 0, 0, NULL, NULL, '2020-11-20 11:19:41', NULL, NULL, NULL);
INSERT INTO `scene` VALUES (14929542544157800, '186610102211100488', '破碎机', NULL, 0, 0, NULL, NULL, '2020-11-20 11:19:41', NULL, NULL, NULL);
INSERT INTO `scene` VALUES (14929542544157801, '186610102211100489', '离心机', NULL, 0, 0, NULL, NULL, '2020-11-20 11:19:41', NULL, NULL, NULL);
INSERT INTO `scene` VALUES (14929542544157802, '186610102211100490', '撕碎机', NULL, 0, 0, NULL, NULL, '2020-11-20 11:19:41', NULL, NULL, NULL);
INSERT INTO `scene` VALUES (14929542544157803, '186610102211100491', '铁屑粉碎机', NULL, 0, 0, NULL, NULL, '2020-11-20 11:19:41', NULL, NULL, NULL);
INSERT INTO `scene` VALUES (14929542544157804, '186610102211100492', '金属破碎机', NULL, 0, 0, NULL, NULL, '2020-11-20 11:19:41', NULL, NULL, NULL);
INSERT INTO `scene` VALUES (14929542544157805, '186610102211100494', '生物质颗粒机', NULL, 0, 0, NULL, NULL, '2020-11-20 11:19:41', NULL, NULL, NULL);
INSERT INTO `scene` VALUES (14929542544157806, '186610102211100495', '木材粉碎机', NULL, 0, 0, NULL, NULL, '2020-11-20 11:19:41', NULL, NULL, NULL);
INSERT INTO `scene` VALUES (14929542544157807, '186610102211100496', '制砖机', NULL, 0, 0, NULL, NULL, '2020-11-20 11:19:41', NULL, NULL, NULL);
INSERT INTO `scene` VALUES (14929542544157808, '186610102211100497', '屑饼机', NULL, 0, 0, NULL, NULL, '2020-11-20 11:19:41', NULL, NULL, NULL);
INSERT INTO `scene` VALUES (14929542544157809, '186610102211100498', '颚式破碎机', NULL, 0, 0, NULL, NULL, '2020-11-20 11:19:41', NULL, NULL, NULL);
INSERT INTO `scene` VALUES (14929542544157810, '186610102211100499', '双轴撕碎机', NULL, 0, 0, NULL, NULL, '2020-11-20 11:19:41', NULL, NULL, NULL);
INSERT INTO `scene` VALUES (14929542544157811, '186610102211100500', '破碎机', NULL, 0, 0, NULL, NULL, '2020-11-20 11:19:41', NULL, NULL, NULL);
INSERT INTO `scene` VALUES (14929542544157812, '186610102211100501', '金属撕碎机', NULL, 0, 0, NULL, NULL, '2020-11-20 11:19:41', NULL, NULL, NULL);
INSERT INTO `scene` VALUES (14929542544157813, '186610102211100502', '金属破碎机', NULL, 0, 0, NULL, NULL, '2020-11-20 11:19:41', NULL, NULL, NULL);
INSERT INTO `scene` VALUES (14929542544157814, '186610102211100503', '反击式破碎机', NULL, 0, 0, NULL, NULL, '2020-11-20 11:19:41', NULL, NULL, NULL);
INSERT INTO `scene` VALUES (14929542544157815, '186610102211100504', '对辊破碎机', NULL, 0, 0, NULL, NULL, '2020-11-20 11:19:41', NULL, NULL, NULL);
INSERT INTO `scene` VALUES (14929542544157816, '186610102211100505', '液压香油榨油机', NULL, 0, 0, NULL, NULL, '2020-11-20 11:19:41', NULL, NULL, NULL);
INSERT INTO `scene` VALUES (14929542544157817, '186610102211100506', '冲击式制砂机', NULL, 0, 0, NULL, NULL, '2020-11-20 11:19:41', NULL, NULL, NULL);
INSERT INTO `scene` VALUES (14929542544157818, '186610102211100507', '立轴复合破碎机', NULL, 0, 0, NULL, NULL, '2020-11-20 11:19:41', NULL, NULL, NULL);
INSERT INTO `scene` VALUES (14929542544157819, '186610102211100508', '木材粉碎机', NULL, 0, 0, NULL, NULL, '2020-11-20 11:19:41', NULL, NULL, NULL);
INSERT INTO `scene` VALUES (14929542544157820, '186610102211100509', '捶式制砂机', NULL, 0, 0, NULL, NULL, '2020-11-20 11:19:41', NULL, NULL, NULL);
INSERT INTO `scene` VALUES (14929542544157821, '186610102211100510', '烘干机', NULL, 0, 0, NULL, NULL, '2020-11-20 11:19:41', NULL, NULL, NULL);
INSERT INTO `scene` VALUES (14929542544157822, '186610102211100511', '撕碎机', NULL, 0, 0, NULL, NULL, '2020-11-20 11:19:41', NULL, NULL, NULL);
INSERT INTO `scene` VALUES (14929542544157823, '186610102211100512', '磁选机', NULL, 0, 0, NULL, NULL, '2020-11-20 11:19:41', NULL, NULL, NULL);
INSERT INTO `scene` VALUES (14929542544157824, '186610102211100513', '破碎机', NULL, 0, 0, NULL, NULL, '2020-11-20 11:19:41', NULL, NULL, NULL);
INSERT INTO `scene` VALUES (14929542544157825, '186610102211100514', '烘干机', NULL, 0, 0, NULL, NULL, '2020-11-20 11:19:41', NULL, NULL, NULL);
INSERT INTO `scene` VALUES (14929542544157826, '186610102211100515', '磁选机', NULL, 0, 0, NULL, NULL, '2020-11-20 11:19:41', NULL, NULL, NULL);
INSERT INTO `scene` VALUES (14929542544157827, '186610102211100518', '干式磁选机', NULL, 0, 0, NULL, NULL, '2020-11-20 11:19:41', NULL, NULL, NULL);
INSERT INTO `scene` VALUES (14929542544157828, '186610102211100519', '回转滚筒式烘干机', NULL, 0, 0, NULL, NULL, '2020-11-20 11:19:41', NULL, NULL, NULL);
INSERT INTO `scene` VALUES (14929542544157829, '186610102211100520', '立式复合破碎机', NULL, 0, 0, NULL, NULL, '2020-11-20 11:19:41', NULL, NULL, NULL);
INSERT INTO `scene` VALUES (14929542544157830, '186610102211100521', '颚式破碎机', NULL, 0, 0, NULL, NULL, '2020-11-20 11:19:41', NULL, NULL, NULL);
INSERT INTO `scene` VALUES (14929542544157831, '186610102211100522', '对辊式破碎机', NULL, 0, 0, NULL, NULL, '2020-11-20 11:19:41', NULL, NULL, NULL);
INSERT INTO `scene` VALUES (14929542544157832, '186610102211100523', '剪切机', NULL, 0, 0, NULL, NULL, '2020-11-20 11:19:41', NULL, NULL, NULL);
INSERT INTO `scene` VALUES (14929542544157833, '186610102211100537', '剪切机', NULL, 0, 0, NULL, NULL, '2020-11-20 11:19:41', NULL, NULL, NULL);
INSERT INTO `scene` VALUES (14929542544157834, '186610102211100538', '榨油机', NULL, 0, 0, NULL, NULL, '2020-11-20 11:19:41', NULL, NULL, NULL);
INSERT INTO `scene` VALUES (14929542544157835, '186610102211000332', '测试设备1', NULL, 0, 0, NULL, NULL, '2020-11-20 11:19:41', NULL, NULL, NULL);
INSERT INTO `scene` VALUES (14929542544157836, '186610102211100544', '主机186610102211100544', NULL, 0, 0, NULL, NULL, '2020-11-20 11:19:41', NULL, NULL, NULL);
INSERT INTO `scene` VALUES (14929542544157837, '186610102211100546', '烘干机', NULL, 0, 0, NULL, NULL, '2020-11-20 11:19:41', NULL, NULL, NULL);
INSERT INTO `scene` VALUES (14929542544157838, '186610102211100549', '主机186610102211100549', NULL, 0, 0, NULL, NULL, '2020-11-20 11:19:41', NULL, NULL, NULL);
INSERT INTO `scene` VALUES (14929542544157839, '186610102211100550', '主机186610102211100550', NULL, 0, 0, NULL, NULL, '2020-11-20 11:19:41', NULL, NULL, NULL);
INSERT INTO `scene` VALUES (14929542544157840, '186610102211100551', '外地设备1', NULL, 0, 0, NULL, NULL, '2020-11-20 11:19:41', NULL, NULL, NULL);
INSERT INTO `scene` VALUES (14929542544157841, '186610102211100552', '西区烘干机2', NULL, 0, 0, NULL, NULL, '2020-11-20 11:19:41', NULL, NULL, NULL);
INSERT INTO `scene` VALUES (14929542544157842, '186610102211100559', '主机186610102211100559', NULL, 0, 0, NULL, NULL, '2020-11-20 11:19:41', NULL, NULL, NULL);
INSERT INTO `scene` VALUES (14929542544157843, '186610102211100560', '追（d77155483）', NULL, 0, 0, NULL, NULL, '2020-11-20 11:19:41', NULL, NULL, NULL);
INSERT INTO `scene` VALUES (14929542544157844, '186610102211100566', 'PLC测试4', NULL, 0, 0, NULL, NULL, '2020-11-20 11:19:41', NULL, NULL, NULL);
INSERT INTO `scene` VALUES (14929542544157845, '186610102211000563', '展厅剪切机', NULL, 0, 0, NULL, NULL, '2020-11-20 11:19:41', NULL, NULL, NULL);
INSERT INTO `scene` VALUES (14929542544157846, '186610102211100361', 'PLC测试1', NULL, 0, 0, NULL, NULL, '2020-11-20 11:19:41', NULL, NULL, NULL);
INSERT INTO `scene` VALUES (14929542544157847, '186610102211100567', 'PLC测试5', NULL, 0, 0, NULL, NULL, '2020-11-20 11:19:41', NULL, NULL, NULL);
INSERT INTO `scene` VALUES (14929542544157848, '186610102211100574', '东区烘干机4', NULL, 0, 0, NULL, NULL, '2020-11-20 11:19:41', NULL, NULL, NULL);
INSERT INTO `scene` VALUES (14929542544157849, '186610102211100575', '西区烘干机1', NULL, 0, 0, NULL, NULL, '2020-11-20 11:19:41', NULL, NULL, NULL);
INSERT INTO `scene` VALUES (14929542544157850, '186610102211100576', '东区烘干机3', NULL, 0, 0, NULL, NULL, '2020-11-20 11:19:41', NULL, NULL, NULL);
INSERT INTO `scene` VALUES (14929542544157851, '186610102211100577', 'zt颗粒机', NULL, 0, 0, NULL, NULL, '2020-11-20 11:19:41', NULL, NULL, NULL);
INSERT INTO `scene` VALUES (14929542544157852, '186610102211100578', 'zt撕碎机设备', NULL, 0, 0, NULL, NULL, '2020-11-20 11:19:41', NULL, NULL, NULL);
INSERT INTO `scene` VALUES (14929542544157853, '186610102211100579', 'zt软启动柜', NULL, 0, 0, NULL, NULL, '2020-11-20 11:19:41', NULL, NULL, NULL);
INSERT INTO `scene` VALUES (14929542544157854, '186610102211100580', 'zt制砂机', NULL, 0, 0, NULL, NULL, '2020-11-20 11:19:41', NULL, NULL, NULL);
INSERT INTO `scene` VALUES (14929542544157855, '186610102211100581', '安远设备', NULL, 0, 0, NULL, NULL, '2020-11-20 11:19:41', NULL, NULL, NULL);
INSERT INTO `scene` VALUES (14929542544157856, '186610102211100584', 'zt制砖机', NULL, 0, 0, NULL, NULL, '2020-11-20 11:19:41', NULL, NULL, NULL);
INSERT INTO `scene` VALUES (14929542544157858, '186610102211100588', '制砂机', NULL, 0, 0, NULL, NULL, '2020-11-20 11:19:41', NULL, NULL, NULL);
INSERT INTO `scene` VALUES (14929542544157859, '186610102211100589', '远程升级测试1', NULL, 0, 0, NULL, NULL, '2020-11-20 11:19:41', NULL, NULL, NULL);
INSERT INTO `scene` VALUES (15338225862244884, '186610102211100590', '3代设备100000020201123001', NULL, 0, 0, NULL, '简介', '2020-11-24 10:43:31', NULL, NULL, NULL);
INSERT INTO `scene` VALUES (15338225862244885, '186610102211100591', '3代设备200000020201123002', NULL, 0, 0, NULL, '简介', '2020-11-24 10:45:01', NULL, NULL, NULL);
INSERT INTO `scene` VALUES (16042860344311808, '186610102211100592', '3代设备300000020201127001', NULL, 0, 0, NULL, '简介', '2020-11-28 08:34:05', NULL, NULL, NULL);
INSERT INTO `scene` VALUES (16042860344311828, '186610102211100593', '3代设备400000020201127002', NULL, 0, 0, NULL, '简介', '2020-11-28 08:37:11', NULL, NULL, NULL);
INSERT INTO `scene` VALUES (19429626740802560, '186610102211100594', '105展示设备00000220201227001', NULL, 0, 0, NULL, '简介', '2020-12-28 11:28:13', NULL, NULL, NULL);
INSERT INTO `scene` VALUES (19429626740802580, '186610102211100595', '未注册设备00000220201227002', NULL, 0, 0, NULL, '简介', '2020-12-28 11:40:56', NULL, NULL, NULL);
INSERT INTO `scene` VALUES (19429626740802600, '186610102211100596', '未配置视频设备00012120210105001', NULL, 0, 0, NULL, '简介', '2021-01-05 16:54:31', NULL, NULL, NULL);
INSERT INTO `scene` VALUES (19429626740802606, '186610102211100597', '室内行车00000220210109001', NULL, 0, 0, NULL, '简介', '2021-01-09 17:08:42', NULL, NULL, NULL);
INSERT INTO `scene` VALUES (19429626740802626, '186610102211100598', '室内行车200000220210110001', NULL, 0, 0, NULL, '简介', '2021-01-10 15:10:15', NULL, NULL, NULL);
INSERT INTO `scene` VALUES (24841210371843584, '186610102211100599', 'MQttTest', 'a', 0, 0, 0, 'test', '2021-01-19 21:23:33', 'FE9300614249', NULL, NULL);
INSERT INTO `scene` VALUES (24841210371843589, '186610102211100600', '黑大蒜00000020210121001', NULL, 0, 0, NULL, '简介', '2021-01-22 11:16:14', NULL, NULL, NULL);
INSERT INTO `scene` VALUES (24841210371843625, '186610102211100601', '展示00000020210125001', NULL, 0, 0, NULL, '简介', '2021-01-26 10:12:20', NULL, NULL, NULL);
INSERT INTO `scene` VALUES (27734019022080512, '186610102211100602', '测100000020210202001', NULL, 0, 0, NULL, '简介', '2021-02-03 08:59:22', NULL, NULL, NULL);
INSERT INTO `scene` VALUES (27734019022080518, '186610102211100603', '测200000020210202002', NULL, 0, 0, NULL, '简介', '2021-02-03 09:04:32', NULL, NULL, NULL);
INSERT INTO `scene` VALUES (51346218059971072, '186610102231100604', '1', '1', 2, 3, 1, '31', '2021-06-06 11:01:05', '2', '31', '2');
INSERT INTO `scene` VALUES (51346218059971073, '186610102232100605', '3', '2', 32, 342, 32, '2', '2021-06-06 11:01:54', '32', '3', '3');
INSERT INTO `scene` VALUES (51346218059971074, '186610102295100606', '63', '6', 45, 45, 45, '4', '2021-06-06 11:03:15', '54', '54', '54');
COMMIT;

-- ----------------------------
-- Table structure for site_letter
-- ----------------------------
DROP TABLE IF EXISTS `site_letter`;
CREATE TABLE `site_letter` (
  `sl_id` bigint NOT NULL,
  `is_read` smallint DEFAULT NULL COMMENT '是否已读、考虑后期做持久化',
  `create_time` datetime DEFAULT NULL COMMENT '创建的时间',
  `current_value` varchar(200) CHARACTER SET utf8mb4 COLLATE utf8mb4_unicode_ci DEFAULT NULL COMMENT '当前值，也就是发送的内容。',
  PRIMARY KEY (`sl_id`) USING BTREE
) ENGINE=InnoDB DEFAULT CHARSET=utf8mb4 COLLATE=utf8mb4_unicode_ci COMMENT='站内信、暂时未用到。站内信仅仅适用于单用户系统，兼容性不强所以考虑到兼容性暂时未用到并且站内信不算是警报的一种方式。';

-- ----------------------------
-- Records of site_letter
-- ----------------------------
BEGIN;
INSERT INTO `site_letter` VALUES (123, 123, '2020-12-14 21:52:19', '123');
COMMIT;

-- ----------------------------
-- Table structure for worker_node
-- ----------------------------
DROP TABLE IF EXISTS `worker_node`;
CREATE TABLE `worker_node` (
  `ID` bigint NOT NULL AUTO_INCREMENT COMMENT '自增的wordIdauto increment id',
  `HOST_NAME` varchar(64) CHARACTER SET utf8mb4 COLLATE utf8mb4_unicode_ci NOT NULL COMMENT '服务器节点ip地址host name',
  `PORT` varchar(64) CHARACTER SET utf8mb4 COLLATE utf8mb4_unicode_ci NOT NULL COMMENT '服务器节点端口port',
  `TYPE` int NOT NULL COMMENT '服务器节点类型、在docket容器中还是实际的机器node type: ACTUAL or CONTAINER',
  `LAUNCH_DATE` date NOT NULL COMMENT '登录时间',
  `MODIFIED` timestamp NOT NULL DEFAULT CURRENT_TIMESTAMP ON UPDATE CURRENT_TIMESTAMP COMMENT '修改时间',
  `CREATED` timestamp NOT NULL DEFAULT CURRENT_TIMESTAMP ON UPDATE CURRENT_TIMESTAMP COMMENT '创建时间',
  PRIMARY KEY (`ID`) USING BTREE
) ENGINE=InnoDB AUTO_INCREMENT=822 DEFAULT CHARSET=utf8mb4 COLLATE=utf8mb4_unicode_ci COMMENT='DB WorkerID Assigner for UID Generator';

-- ----------------------------
-- Records of worker_node
-- ----------------------------
BEGIN;
INSERT INTO `worker_node` VALUES (118, '192.168.100.98', '1605841709735-14027', 2, '2020-11-20', '2020-11-20 03:08:29', '2020-11-20 03:08:29');
INSERT INTO `worker_node` VALUES (119, '172.17.0.3', '1605927618724-8247', 2, '2020-11-21', '2020-11-21 03:00:18', '2020-11-21 03:00:18');
INSERT INTO `worker_node` VALUES (122, '172.17.0.3', '1606027054663-93755', 2, '2020-11-22', '2020-11-22 06:37:34', '2020-11-22 06:37:34');
INSERT INTO `worker_node` VALUES (125, '172.17.0.3', '1606032017238-95583', 2, '2020-11-22', '2020-11-22 08:00:17', '2020-11-22 08:00:17');
INSERT INTO `worker_node` VALUES (128, '172.17.0.3', '1606360138159-11481', 2, '2020-11-26', '2020-11-26 03:08:58', '2020-11-26 03:08:58');
INSERT INTO `worker_node` VALUES (131, '192.168.124.6', '1606364269099-37172', 2, '2020-11-26', '2020-11-26 12:17:34', '2020-11-26 12:17:34');
INSERT INTO `worker_node` VALUES (132, '192.168.16.51', '1606720786271-17697', 2, '2020-11-30', '2020-11-30 15:19:25', '2020-11-30 15:19:25');
INSERT INTO `worker_node` VALUES (133, '192.168.16.51', '1606720957281-3036', 2, '2020-11-30', '2020-11-30 15:22:16', '2020-11-30 15:22:16');
INSERT INTO `worker_node` VALUES (134, '192.168.16.51', '1606723352643-12018', 2, '2020-11-30', '2020-11-30 16:02:11', '2020-11-30 16:02:11');
INSERT INTO `worker_node` VALUES (135, '192.168.16.51', '1606723473121-43033', 2, '2020-11-30', '2020-11-30 16:04:12', '2020-11-30 16:04:12');
INSERT INTO `worker_node` VALUES (136, '192.168.16.51', '1606723554495-24120', 2, '2020-11-30', '2020-11-30 16:05:33', '2020-11-30 16:05:33');
INSERT INTO `worker_node` VALUES (137, '192.168.16.51', '1606723750179-43702', 2, '2020-11-30', '2020-11-30 16:08:49', '2020-11-30 16:08:49');
INSERT INTO `worker_node` VALUES (138, '192.168.16.51', '1606725663471-24499', 2, '2020-11-30', '2020-11-30 16:40:42', '2020-11-30 16:40:42');
INSERT INTO `worker_node` VALUES (139, '192.168.16.51', '1606725826575-80933', 2, '2020-11-30', '2020-11-30 16:43:25', '2020-11-30 16:43:25');
INSERT INTO `worker_node` VALUES (140, '192.168.16.51', '1606725848814-72418', 2, '2020-11-30', '2020-11-30 16:43:48', '2020-11-30 16:43:48');
INSERT INTO `worker_node` VALUES (141, '192.168.16.51', '1606727764653-30149', 2, '2020-11-30', '2020-11-30 17:15:43', '2020-11-30 17:15:43');
INSERT INTO `worker_node` VALUES (142, '192.168.16.51', '1606727792358-28480', 2, '2020-11-30', '2020-11-30 17:16:11', '2020-11-30 17:16:11');
INSERT INTO `worker_node` VALUES (143, '192.168.16.51', '1606741774397-52619', 2, '2020-11-30', '2020-11-30 21:09:13', '2020-11-30 21:09:13');
INSERT INTO `worker_node` VALUES (144, '192.168.16.51', '1606743231650-17144', 2, '2020-11-30', '2020-11-30 21:33:30', '2020-11-30 21:33:30');
INSERT INTO `worker_node` VALUES (145, '192.168.16.51', '1606909643148-77554', 2, '2020-12-02', '2020-12-02 19:46:59', '2020-12-02 19:46:59');
INSERT INTO `worker_node` VALUES (146, '192.168.16.51', '1606909770005-61430', 2, '2020-12-02', '2020-12-02 19:49:06', '2020-12-02 19:49:06');
INSERT INTO `worker_node` VALUES (147, '192.168.16.51', '1606998970488-40895', 2, '2020-12-03', '2020-12-03 20:35:45', '2020-12-03 20:35:45');
INSERT INTO `worker_node` VALUES (148, '192.168.16.51', '1607000355713-76904', 2, '2020-12-03', '2020-12-03 20:58:50', '2020-12-03 20:58:50');
INSERT INTO `worker_node` VALUES (149, '192.168.100.221', '1607481843186-26347', 2, '2020-12-09', '2020-12-09 10:43:29', '2020-12-09 10:43:29');
INSERT INTO `worker_node` VALUES (150, '192.168.100.221', '1607483198415-80226', 2, '2020-12-09', '2020-12-09 11:06:05', '2020-12-09 11:06:05');
INSERT INTO `worker_node` VALUES (151, '192.168.100.221', '1607484043103-61512', 2, '2020-12-09', '2020-12-09 11:20:09', '2020-12-09 11:20:09');
INSERT INTO `worker_node` VALUES (152, '192.168.100.221', '1607484763476-64202', 2, '2020-12-09', '2020-12-09 11:32:10', '2020-12-09 11:32:10');
INSERT INTO `worker_node` VALUES (153, '192.168.100.221', '1607485022444-59501', 2, '2020-12-09', '2020-12-09 11:36:29', '2020-12-09 11:36:29');
INSERT INTO `worker_node` VALUES (154, '192.168.10.21', '1607485840218-52469', 2, '2020-12-09', '2020-12-09 11:50:06', '2020-12-09 11:50:06');
INSERT INTO `worker_node` VALUES (155, '172.17.0.2', '1607657874700-74178', 2, '2020-12-11', '2020-12-11 11:37:18', '2020-12-11 11:37:18');
INSERT INTO `worker_node` VALUES (156, '172.17.0.2', '1607657937634-67330', 2, '2020-12-11', '2020-12-11 11:38:21', '2020-12-11 11:38:21');
INSERT INTO `worker_node` VALUES (157, '192.168.100.212', '1607658747368-87856', 2, '2020-12-11', '2020-12-11 11:51:51', '2020-12-11 11:51:51');
INSERT INTO `worker_node` VALUES (158, '192.168.137.1', '1607658802877-71968', 2, '2020-12-11', '2020-12-11 11:52:48', '2020-12-11 11:52:48');
INSERT INTO `worker_node` VALUES (159, '192.168.137.1', '1607659260429-18260', 2, '2020-12-11', '2020-12-11 12:00:26', '2020-12-11 12:00:26');
INSERT INTO `worker_node` VALUES (160, '192.168.137.1', '1607659467468-17020', 2, '2020-12-11', '2020-12-11 12:03:53', '2020-12-11 12:03:53');
INSERT INTO `worker_node` VALUES (161, '192.168.137.1', '1607849655572-20777', 2, '2020-12-13', '2020-12-13 16:53:35', '2020-12-13 16:53:35');
INSERT INTO `worker_node` VALUES (162, '192.168.137.1', '1607913021335-14239', 2, '2020-12-14', '2020-12-14 10:29:41', '2020-12-14 10:29:41');
INSERT INTO `worker_node` VALUES (163, '192.168.137.1', '1608012663423-2859', 2, '2020-12-15', '2020-12-15 14:10:22', '2020-12-15 14:10:22');
INSERT INTO `worker_node` VALUES (164, '192.168.10.81', '1608273449681-8679', 2, '2020-12-18', '2020-12-18 14:37:29', '2020-12-18 14:37:29');
INSERT INTO `worker_node` VALUES (165, '172.17.0.2', '1608274164503-28088', 2, '2020-12-18', '2020-12-18 14:49:24', '2020-12-18 14:49:24');
INSERT INTO `worker_node` VALUES (166, '172.17.0.2', '1608274390538-47009', 2, '2020-12-18', '2020-12-18 14:53:10', '2020-12-18 14:53:10');
INSERT INTO `worker_node` VALUES (167, '192.168.10.81', '1608285373635-11156', 2, '2020-12-18', '2020-12-18 17:56:13', '2020-12-18 17:56:13');
INSERT INTO `worker_node` VALUES (168, '192.168.10.81', '1608296607011-54264', 2, '2020-12-18', '2020-12-18 21:03:27', '2020-12-18 21:03:27');
INSERT INTO `worker_node` VALUES (169, '192.168.10.81', '1608300538045-64820', 2, '2020-12-18', '2020-12-18 22:08:58', '2020-12-18 22:08:58');
INSERT INTO `worker_node` VALUES (170, '192.168.10.112', '1608862309191-8806', 2, '2020-12-25', '2020-12-25 10:11:49', '2020-12-25 10:11:49');
INSERT INTO `worker_node` VALUES (171, '192.168.10.112', '1608972532158-22604', 2, '2020-12-26', '2020-12-26 16:48:52', '2020-12-26 16:48:52');
INSERT INTO `worker_node` VALUES (172, '192.168.10.112', '1608975056274-65263', 2, '2020-12-26', '2020-12-26 17:30:56', '2020-12-26 17:30:56');
INSERT INTO `worker_node` VALUES (173, '192.168.10.112', '1608975092690-29606', 2, '2020-12-26', '2020-12-26 17:31:32', '2020-12-26 17:31:32');
INSERT INTO `worker_node` VALUES (174, '192.168.10.112', '1609039304619-67817', 2, '2020-12-27', '2020-12-27 11:21:44', '2020-12-27 11:21:44');
INSERT INTO `worker_node` VALUES (175, '192.168.10.112', '1609042206158-8832', 2, '2020-12-27', '2020-12-27 12:10:06', '2020-12-27 12:10:06');
INSERT INTO `worker_node` VALUES (176, '192.168.16.49', '1610346801037-15726', 2, '2021-01-11', '2021-01-11 14:33:21', '2021-01-11 14:33:21');
INSERT INTO `worker_node` VALUES (177, '172.17.0.2', '1610416512820-91021', 2, '2021-01-12', '2021-01-12 09:55:12', '2021-01-12 09:55:12');
INSERT INTO `worker_node` VALUES (178, '192.168.0.124', '1610417892909-85300', 2, '2021-01-12', '2021-01-12 10:18:13', '2021-01-12 10:18:13');
INSERT INTO `worker_node` VALUES (179, '172.17.0.2', '1610417965330-28800', 2, '2021-01-12', '2021-01-12 10:19:25', '2021-01-12 10:19:25');
INSERT INTO `worker_node` VALUES (180, '192.168.0.124', '1610421926730-36989', 2, '2021-01-12', '2021-01-12 11:25:26', '2021-01-12 11:25:26');
INSERT INTO `worker_node` VALUES (181, '172.17.0.2', '1610533621165-49750', 2, '2021-01-13', '2021-01-13 18:27:01', '2021-01-13 18:27:01');
INSERT INTO `worker_node` VALUES (182, '172.17.0.2', '1610533645743-83226', 2, '2021-01-13', '2021-01-13 18:27:25', '2021-01-13 18:27:25');
INSERT INTO `worker_node` VALUES (183, '192.168.16.49', '1610783137823-18335', 2, '2021-01-16', '2021-01-16 15:45:37', '2021-01-16 15:45:37');
INSERT INTO `worker_node` VALUES (184, '192.168.16.49', '1610787261885-47546', 2, '2021-01-16', '2021-01-16 16:54:22', '2021-01-16 16:54:22');
INSERT INTO `worker_node` VALUES (185, '192.168.16.49', '1610788039237-76034', 2, '2021-01-16', '2021-01-16 17:07:19', '2021-01-16 17:07:19');
INSERT INTO `worker_node` VALUES (186, '192.168.16.49', '1610788129953-51405', 2, '2021-01-16', '2021-01-16 17:08:50', '2021-01-16 17:08:50');
INSERT INTO `worker_node` VALUES (187, '192.168.16.49', '1610788882138-58084', 2, '2021-01-16', '2021-01-16 17:21:22', '2021-01-16 17:21:22');
INSERT INTO `worker_node` VALUES (188, '192.168.16.49', '1610789555925-54957', 2, '2021-01-16', '2021-01-16 17:32:36', '2021-01-16 17:32:36');
INSERT INTO `worker_node` VALUES (189, '192.168.16.49', '1610789730868-1600', 2, '2021-01-16', '2021-01-16 17:35:30', '2021-01-16 17:35:30');
INSERT INTO `worker_node` VALUES (190, '192.168.16.49', '1610807585226-99845', 2, '2021-01-16', '2021-01-16 22:33:05', '2021-01-16 22:33:05');
INSERT INTO `worker_node` VALUES (191, '192.168.16.49', '1610808919663-18843', 2, '2021-01-16', '2021-01-16 22:55:19', '2021-01-16 22:55:19');
INSERT INTO `worker_node` VALUES (192, '192.168.0.100', '1610814975155-96949', 2, '2021-01-17', '2021-01-17 00:36:15', '2021-01-17 00:36:15');
INSERT INTO `worker_node` VALUES (193, '192.168.0.100', '1610815445726-53648', 2, '2021-01-17', '2021-01-17 00:44:05', '2021-01-17 00:44:05');
INSERT INTO `worker_node` VALUES (194, '192.168.0.100', '1610815710864-2747', 2, '2021-01-17', '2021-01-17 00:48:31', '2021-01-17 00:48:31');
INSERT INTO `worker_node` VALUES (195, '192.168.0.100', '1610816017675-15400', 2, '2021-01-17', '2021-01-17 00:53:37', '2021-01-17 00:53:37');
INSERT INTO `worker_node` VALUES (196, '192.168.0.100', '1610816077887-20236', 2, '2021-01-17', '2021-01-17 00:54:37', '2021-01-17 00:54:37');
INSERT INTO `worker_node` VALUES (197, '192.168.0.100', '1610816144722-28450', 2, '2021-01-17', '2021-01-17 00:55:44', '2021-01-17 00:55:44');
INSERT INTO `worker_node` VALUES (198, '192.168.0.100', '1610816237624-46802', 2, '2021-01-17', '2021-01-17 00:57:17', '2021-01-17 00:57:17');
INSERT INTO `worker_node` VALUES (199, '192.168.0.124', '1610846405205-19972', 2, '2021-01-17', '2021-01-17 09:20:05', '2021-01-17 09:20:05');
INSERT INTO `worker_node` VALUES (200, '192.168.0.124', '1610846561765-24440', 2, '2021-01-17', '2021-01-17 09:22:41', '2021-01-17 09:22:41');
INSERT INTO `worker_node` VALUES (201, '192.168.16.49', '1610848120287-35591', 2, '2021-01-17', '2021-01-17 09:48:40', '2021-01-17 09:48:40');
INSERT INTO `worker_node` VALUES (202, '192.168.16.49', '1610854740301-8526', 2, '2021-01-17', '2021-01-17 11:39:00', '2021-01-17 11:39:00');
INSERT INTO `worker_node` VALUES (203, '192.168.16.49', '1610864011549-26024', 2, '2021-01-17', '2021-01-17 14:13:31', '2021-01-17 14:13:31');
INSERT INTO `worker_node` VALUES (204, '192.168.16.49', '1610864458050-21872', 2, '2021-01-17', '2021-01-17 14:20:58', '2021-01-17 14:20:58');
INSERT INTO `worker_node` VALUES (205, '192.168.16.49', '1610864632908-33498', 2, '2021-01-17', '2021-01-17 14:23:53', '2021-01-17 14:23:53');
INSERT INTO `worker_node` VALUES (206, '192.168.16.49', '1610864839334-45640', 2, '2021-01-17', '2021-01-17 14:27:19', '2021-01-17 14:27:19');
INSERT INTO `worker_node` VALUES (207, '192.168.16.49', '1610867638880-8631', 2, '2021-01-17', '2021-01-17 15:13:59', '2021-01-17 15:13:59');
INSERT INTO `worker_node` VALUES (208, '192.168.16.49', '1610867676063-16849', 2, '2021-01-17', '2021-01-17 15:14:36', '2021-01-17 15:14:36');
INSERT INTO `worker_node` VALUES (209, '192.168.16.49', '1610868264928-96817', 2, '2021-01-17', '2021-01-17 15:24:25', '2021-01-17 15:24:25');
INSERT INTO `worker_node` VALUES (210, '192.168.16.49', '1610871054727-24664', 2, '2021-01-17', '2021-01-17 16:10:54', '2021-01-17 16:10:54');
INSERT INTO `worker_node` VALUES (211, '192.168.16.49', '1610871325608-52134', 2, '2021-01-17', '2021-01-17 16:15:25', '2021-01-17 16:15:25');
INSERT INTO `worker_node` VALUES (212, '192.168.16.49', '1610871436244-51901', 2, '2021-01-17', '2021-01-17 16:17:16', '2021-01-17 16:17:16');
INSERT INTO `worker_node` VALUES (213, '192.168.16.49', '1610871631406-4284', 2, '2021-01-17', '2021-01-17 16:20:31', '2021-01-17 16:20:31');
INSERT INTO `worker_node` VALUES (214, '192.168.16.49', '1610871799045-74397', 2, '2021-01-17', '2021-01-17 16:23:19', '2021-01-17 16:23:19');
INSERT INTO `worker_node` VALUES (215, '192.168.16.49', '1610872120233-43111', 2, '2021-01-17', '2021-01-17 16:28:40', '2021-01-17 16:28:40');
INSERT INTO `worker_node` VALUES (216, '192.168.16.49', '1610872161736-42507', 2, '2021-01-17', '2021-01-17 16:29:21', '2021-01-17 16:29:21');
INSERT INTO `worker_node` VALUES (217, '192.168.16.49', '1610873435040-24481', 2, '2021-01-17', '2021-01-17 16:50:35', '2021-01-17 16:50:35');
INSERT INTO `worker_node` VALUES (218, '192.168.16.49', '1610873514242-33949', 2, '2021-01-17', '2021-01-17 16:51:54', '2021-01-17 16:51:54');
INSERT INTO `worker_node` VALUES (219, '192.168.16.49', '1610873602785-41870', 2, '2021-01-17', '2021-01-17 16:53:22', '2021-01-17 16:53:22');
INSERT INTO `worker_node` VALUES (220, '192.168.16.49', '1610885016454-19711', 2, '2021-01-17', '2021-01-17 20:03:36', '2021-01-17 20:03:36');
INSERT INTO `worker_node` VALUES (221, '192.168.16.49', '1610885460696-26987', 2, '2021-01-17', '2021-01-17 20:11:00', '2021-01-17 20:11:00');
INSERT INTO `worker_node` VALUES (222, '192.168.16.49', '1610885601425-33708', 2, '2021-01-17', '2021-01-17 20:13:21', '2021-01-17 20:13:21');
INSERT INTO `worker_node` VALUES (223, '192.168.16.49', '1610885647781-34732', 2, '2021-01-17', '2021-01-17 20:14:07', '2021-01-17 20:14:07');
INSERT INTO `worker_node` VALUES (224, '192.168.16.49', '1610885801290-17669', 2, '2021-01-17', '2021-01-17 20:16:41', '2021-01-17 20:16:41');
INSERT INTO `worker_node` VALUES (225, '192.168.16.49', '1610886086887-81293', 2, '2021-01-17', '2021-01-17 20:21:26', '2021-01-17 20:21:26');
INSERT INTO `worker_node` VALUES (226, '192.168.16.49', '1610886147333-61008', 2, '2021-01-17', '2021-01-17 20:22:27', '2021-01-17 20:22:27');
INSERT INTO `worker_node` VALUES (227, '192.168.16.49', '1610888248686-28696', 2, '2021-01-17', '2021-01-17 20:57:28', '2021-01-17 20:57:28');
INSERT INTO `worker_node` VALUES (228, '192.168.16.49', '1610888628098-7096', 2, '2021-01-17', '2021-01-17 21:03:48', '2021-01-17 21:03:48');
INSERT INTO `worker_node` VALUES (229, '192.168.16.49', '1610890508373-63967', 2, '2021-01-17', '2021-01-17 21:35:08', '2021-01-17 21:35:08');
INSERT INTO `worker_node` VALUES (230, '172.17.0.2', '1610890740969-39460', 2, '2021-01-17', '2021-01-17 21:39:01', '2021-01-17 21:39:01');
INSERT INTO `worker_node` VALUES (231, '172.17.0.2', '1610890785026-13235', 2, '2021-01-17', '2021-01-17 21:39:45', '2021-01-17 21:39:45');
INSERT INTO `worker_node` VALUES (232, '172.17.0.2', '1610890820529-44271', 2, '2021-01-17', '2021-01-17 21:40:20', '2021-01-17 21:40:20');
INSERT INTO `worker_node` VALUES (233, '192.168.0.124', '1610935754415-16510', 2, '2021-01-18', '2021-01-18 10:09:14', '2021-01-18 10:09:14');
INSERT INTO `worker_node` VALUES (234, '192.168.0.124', '1610936089311-53994', 2, '2021-01-18', '2021-01-18 10:14:49', '2021-01-18 10:14:49');
INSERT INTO `worker_node` VALUES (235, '192.168.0.124', '1610937091955-888', 2, '2021-01-18', '2021-01-18 10:31:32', '2021-01-18 10:31:32');
INSERT INTO `worker_node` VALUES (236, '192.168.0.124', '1610938165111-35386', 2, '2021-01-18', '2021-01-18 10:49:37', '2021-01-18 10:49:37');
INSERT INTO `worker_node` VALUES (237, '192.168.0.124', '1610938249188-42865', 2, '2021-01-18', '2021-01-18 10:50:49', '2021-01-18 10:50:49');
INSERT INTO `worker_node` VALUES (238, '192.168.16.49', '1611044775115-45060', 2, '2021-01-19', '2021-01-19 16:26:15', '2021-01-19 16:26:15');
INSERT INTO `worker_node` VALUES (239, '192.168.16.49', '1611046250426-32620', 2, '2021-01-19', '2021-01-19 16:50:50', '2021-01-19 16:50:50');
INSERT INTO `worker_node` VALUES (240, '192.168.16.49', '1611046883310-86357', 2, '2021-01-19', '2021-01-19 17:01:23', '2021-01-19 17:01:23');
INSERT INTO `worker_node` VALUES (241, '192.168.16.49', '1611046911931-45300', 2, '2021-01-19', '2021-01-19 17:01:52', '2021-01-19 17:01:52');
INSERT INTO `worker_node` VALUES (242, '192.168.16.49', '1611047104724-69143', 2, '2021-01-19', '2021-01-19 17:05:04', '2021-01-19 17:05:04');
INSERT INTO `worker_node` VALUES (243, '192.168.16.49', '1611047428719-59993', 2, '2021-01-19', '2021-01-19 17:10:28', '2021-01-19 17:10:28');
INSERT INTO `worker_node` VALUES (244, '192.168.16.49', '1611048753596-80868', 2, '2021-01-19', '2021-01-19 17:32:33', '2021-01-19 17:32:33');
INSERT INTO `worker_node` VALUES (245, '192.168.16.49', '1611059285907-18802', 2, '2021-01-19', '2021-01-19 20:28:06', '2021-01-19 20:28:06');
INSERT INTO `worker_node` VALUES (246, '192.168.16.49', '1611061041496-48003', 2, '2021-01-19', '2021-01-19 20:57:21', '2021-01-19 20:57:21');
INSERT INTO `worker_node` VALUES (247, '192.168.16.49', '1611061081575-80943', 2, '2021-01-19', '2021-01-19 20:58:01', '2021-01-19 20:58:01');
INSERT INTO `worker_node` VALUES (248, '192.168.16.49', '1611061135204-57319', 2, '2021-01-19', '2021-01-19 20:58:55', '2021-01-19 20:58:55');
INSERT INTO `worker_node` VALUES (249, '192.168.16.49', '1611062114720-80452', 2, '2021-01-19', '2021-01-19 21:15:14', '2021-01-19 21:15:14');
INSERT INTO `worker_node` VALUES (250, '192.168.0.124', '1611106505521-47699', 2, '2021-01-20', '2021-01-20 09:35:05', '2021-01-20 09:35:05');
INSERT INTO `worker_node` VALUES (251, '192.168.0.124', '1611108556633-81258', 2, '2021-01-20', '2021-01-20 10:09:16', '2021-01-20 10:09:16');
INSERT INTO `worker_node` VALUES (252, '192.168.0.124', '1611108841088-3679', 2, '2021-01-20', '2021-01-20 10:14:01', '2021-01-20 10:14:01');
INSERT INTO `worker_node` VALUES (253, '192.168.0.124', '1611109364382-11346', 2, '2021-01-20', '2021-01-20 10:22:44', '2021-01-20 10:22:44');
INSERT INTO `worker_node` VALUES (254, '192.168.0.124', '1611109451776-43501', 2, '2021-01-20', '2021-01-20 10:24:11', '2021-01-20 10:24:11');
INSERT INTO `worker_node` VALUES (255, '192.168.0.124', '1611109587112-56843', 2, '2021-01-20', '2021-01-20 10:26:27', '2021-01-20 10:26:27');
INSERT INTO `worker_node` VALUES (256, '192.168.0.124', '1611110727142-63890', 2, '2021-01-20', '2021-01-20 10:45:27', '2021-01-20 10:45:27');
INSERT INTO `worker_node` VALUES (257, '192.168.0.124', '1611128707661-14485', 2, '2021-01-20', '2021-01-20 15:45:07', '2021-01-20 15:45:07');
INSERT INTO `worker_node` VALUES (258, '192.168.0.124', '1611128772181-61181', 2, '2021-01-20', '2021-01-20 15:46:12', '2021-01-20 15:46:12');
INSERT INTO `worker_node` VALUES (259, '192.168.0.124', '1611129246091-83760', 2, '2021-01-20', '2021-01-20 15:54:06', '2021-01-20 15:54:06');
INSERT INTO `worker_node` VALUES (260, '192.168.16.49', '1611151656811-92961', 2, '2021-01-20', '2021-01-20 22:07:36', '2021-01-20 22:07:36');
INSERT INTO `worker_node` VALUES (261, '192.168.16.49', '1611151917675-96200', 2, '2021-01-20', '2021-01-20 22:11:57', '2021-01-20 22:11:57');
INSERT INTO `worker_node` VALUES (262, '192.168.0.124', '1611196915814-1847', 2, '2021-01-21', '2021-01-21 10:41:55', '2021-01-21 10:41:55');
INSERT INTO `worker_node` VALUES (263, '192.168.0.124', '1611197010352-19364', 2, '2021-01-21', '2021-01-21 10:43:30', '2021-01-21 10:43:30');
INSERT INTO `worker_node` VALUES (264, '192.168.16.49', '1611212079360-41549', 2, '2021-01-21', '2021-01-21 14:54:39', '2021-01-21 14:54:39');
INSERT INTO `worker_node` VALUES (265, '192.168.16.49', '1611212173084-13711', 2, '2021-01-21', '2021-01-21 14:56:13', '2021-01-21 14:56:13');
INSERT INTO `worker_node` VALUES (266, '192.168.16.49', '1611212866238-35675', 2, '2021-01-21', '2021-01-21 15:07:46', '2021-01-21 15:07:46');
INSERT INTO `worker_node` VALUES (267, '192.168.137.1', '1611213603298-65688', 2, '2021-01-21', '2021-01-21 15:20:04', '2021-01-21 15:20:04');
INSERT INTO `worker_node` VALUES (268, '192.168.16.49', '1611214563673-60530', 2, '2021-01-21', '2021-01-21 15:36:03', '2021-01-21 15:36:03');
INSERT INTO `worker_node` VALUES (269, '192.168.100.64', '1611214738366-18114', 2, '2021-01-21', '2021-01-21 15:38:58', '2021-01-21 15:38:58');
INSERT INTO `worker_node` VALUES (270, '172.17.0.1', '1611215347233-95482', 2, '2021-01-21', '2021-01-21 15:49:07', '2021-01-21 15:49:07');
INSERT INTO `worker_node` VALUES (271, '192.168.16.49', '1611216162466-58771', 2, '2021-01-21', '2021-01-21 16:02:42', '2021-01-21 16:02:42');
INSERT INTO `worker_node` VALUES (272, '192.168.16.49', '1611216187876-51774', 2, '2021-01-21', '2021-01-21 16:03:08', '2021-01-21 16:03:08');
INSERT INTO `worker_node` VALUES (273, '192.168.16.49', '1611216372911-88317', 2, '2021-01-21', '2021-01-21 16:06:13', '2021-01-21 16:06:13');
INSERT INTO `worker_node` VALUES (274, '192.168.137.1', '1611886066611-98206', 2, '2021-01-29', '2021-01-29 10:07:46', '2021-01-29 10:07:46');
INSERT INTO `worker_node` VALUES (275, '192.168.137.1', '1611886293085-45864', 2, '2021-01-29', '2021-01-29 10:11:33', '2021-01-29 10:11:33');
INSERT INTO `worker_node` VALUES (276, '192.168.137.1', '1611886444958-95625', 2, '2021-01-29', '2021-01-29 10:14:05', '2021-01-29 10:14:05');
INSERT INTO `worker_node` VALUES (277, '240e:345:868b:6900:5ce8:2ede:7909:8b0a%en0', '1611905793218-99248', 2, '2021-01-29', '2021-01-29 15:36:33', '2021-01-29 15:36:33');
INSERT INTO `worker_node` VALUES (278, '172.17.0.2', '1614824664078-66335', 2, '2021-03-04', '2021-03-04 10:24:24', '2021-03-04 10:24:24');
INSERT INTO `worker_node` VALUES (279, '192.168.18.150', '1615185310539-5572', 2, '2021-03-08', '2021-03-08 14:35:10', '2021-03-08 14:35:10');
INSERT INTO `worker_node` VALUES (280, '240e:445:f04:831a:511f:da3a:d4f:d49e%en0', '1615187075633-7659', 2, '2021-03-08', '2021-03-08 15:04:35', '2021-03-08 15:04:35');
INSERT INTO `worker_node` VALUES (281, '192.168.100.163', '1616829133627-23766', 2, '2021-03-27', '2021-03-27 15:12:14', '2021-03-27 15:12:14');
INSERT INTO `worker_node` VALUES (282, '192.168.100.163', '1616829801459-17530', 2, '2021-03-27', '2021-03-27 15:23:22', '2021-03-27 15:23:22');
INSERT INTO `worker_node` VALUES (283, '192.168.100.163', '1616830245422-54950', 2, '2021-03-27', '2021-03-27 15:30:46', '2021-03-27 15:30:46');
INSERT INTO `worker_node` VALUES (284, '192.168.100.163', '1616831145633-74364', 2, '2021-03-27', '2021-03-27 15:45:46', '2021-03-27 15:45:46');
INSERT INTO `worker_node` VALUES (285, '172.20.10.2', '1616902730656-40701', 2, '2021-03-28', '2021-03-28 11:38:51', '2021-03-28 11:38:51');
INSERT INTO `worker_node` VALUES (286, '192.168.10.122', '1616914431846-40058', 2, '2021-03-28', '2021-03-28 14:53:51', '2021-03-28 14:53:51');
INSERT INTO `worker_node` VALUES (287, '192.168.19.9', '1616914471839-9780', 2, '2021-03-28', '2021-03-28 14:54:32', '2021-03-28 14:54:32');
INSERT INTO `worker_node` VALUES (288, '192.168.18.111', '1617017964950-87683', 2, '2021-03-29', '2021-03-29 19:39:26', '2021-03-29 19:39:26');
INSERT INTO `worker_node` VALUES (289, '192.168.10.134', '1617074006013-75132', 2, '2021-03-30', '2021-03-30 11:13:26', '2021-03-30 11:13:26');
INSERT INTO `worker_node` VALUES (290, '192.168.10.134', '1617074252367-93672', 2, '2021-03-30', '2021-03-30 11:17:32', '2021-03-30 11:17:32');
INSERT INTO `worker_node` VALUES (291, '192.168.10.134', '1617074344786-84559', 2, '2021-03-30', '2021-03-30 11:19:04', '2021-03-30 11:19:04');
INSERT INTO `worker_node` VALUES (292, '192.168.10.134', '1617076443863-77069', 2, '2021-03-30', '2021-03-30 11:54:03', '2021-03-30 11:54:03');
INSERT INTO `worker_node` VALUES (293, '192.168.18.111', '1617084225997-499', 2, '2021-03-30', '2021-03-30 14:03:46', '2021-03-30 14:03:46');
INSERT INTO `worker_node` VALUES (294, '192.168.10.134', '1617088664789-15180', 2, '2021-03-30', '2021-03-30 15:17:44', '2021-03-30 15:17:44');
INSERT INTO `worker_node` VALUES (295, '192.168.10.134', '1617088933532-8138', 2, '2021-03-30', '2021-03-30 15:22:13', '2021-03-30 15:22:13');
INSERT INTO `worker_node` VALUES (296, '192.168.10.134', '1617089123548-10339', 2, '2021-03-30', '2021-03-30 15:25:23', '2021-03-30 15:25:23');
INSERT INTO `worker_node` VALUES (297, '192.168.10.134', '1617089230333-62525', 2, '2021-03-30', '2021-03-30 15:27:10', '2021-03-30 15:27:10');
INSERT INTO `worker_node` VALUES (298, '192.168.18.111', '1617090302274-16666', 2, '2021-03-30', '2021-03-30 15:45:02', '2021-03-30 15:45:02');
INSERT INTO `worker_node` VALUES (299, '192.168.18.111', '1617090471921-7374', 2, '2021-03-30', '2021-03-30 15:47:52', '2021-03-30 15:47:52');
INSERT INTO `worker_node` VALUES (300, '192.168.10.134', '1617091653443-21461', 2, '2021-03-30', '2021-03-30 16:07:33', '2021-03-30 16:07:33');
INSERT INTO `worker_node` VALUES (301, '192.168.10.134', '1617091684954-34009', 2, '2021-03-30', '2021-03-30 16:08:05', '2021-03-30 16:08:05');
INSERT INTO `worker_node` VALUES (302, '192.168.10.134', '1617091995051-40933', 2, '2021-03-30', '2021-03-30 16:13:15', '2021-03-30 16:13:15');
INSERT INTO `worker_node` VALUES (303, '192.168.18.111', '1617096177195-13959', 2, '2021-03-30', '2021-03-30 17:22:57', '2021-03-30 17:22:57');
INSERT INTO `worker_node` VALUES (304, '192.168.18.111', '1617104746605-60206', 2, '2021-03-30', '2021-03-30 19:45:46', '2021-03-30 19:45:46');
INSERT INTO `worker_node` VALUES (305, '192.168.10.143', '1617161853198-24427', 2, '2021-03-31', '2021-03-31 11:37:33', '2021-03-31 11:37:33');
INSERT INTO `worker_node` VALUES (306, '192.168.18.111', '1617262974934-23336', 2, '2021-04-01', '2021-04-01 15:42:58', '2021-04-01 15:42:58');
INSERT INTO `worker_node` VALUES (307, '192.168.18.111', '1617265853050-32912', 2, '2021-04-01', '2021-04-01 16:30:56', '2021-04-01 16:30:56');
INSERT INTO `worker_node` VALUES (308, '192.168.18.111', '1617333236437-63555', 2, '2021-04-02', '2021-04-02 11:13:57', '2021-04-02 11:13:57');
INSERT INTO `worker_node` VALUES (309, '192.168.18.111', '1617334590800-45862', 2, '2021-04-02', '2021-04-02 11:36:31', '2021-04-02 11:36:31');
INSERT INTO `worker_node` VALUES (310, '192.168.18.111', '1617334793370-23033', 2, '2021-04-02', '2021-04-02 11:39:54', '2021-04-02 11:39:54');
INSERT INTO `worker_node` VALUES (311, '192.168.18.111', '1617334952318-70041', 2, '2021-04-02', '2021-04-02 11:42:33', '2021-04-02 11:42:33');
INSERT INTO `worker_node` VALUES (312, '192.168.18.111', '1617335145894-17775', 2, '2021-04-02', '2021-04-02 11:45:46', '2021-04-02 11:45:46');
INSERT INTO `worker_node` VALUES (313, '192.168.18.111', '1617335223031-97820', 2, '2021-04-02', '2021-04-02 11:47:04', '2021-04-02 11:47:04');
INSERT INTO `worker_node` VALUES (314, '192.168.18.111', '1617335260188-40620', 2, '2021-04-02', '2021-04-02 11:47:41', '2021-04-02 11:47:41');
INSERT INTO `worker_node` VALUES (315, '192.168.18.111', '1617336166085-35009', 2, '2021-04-02', '2021-04-02 12:02:47', '2021-04-02 12:02:47');
INSERT INTO `worker_node` VALUES (316, '192.168.18.111', '1617336284558-8628', 2, '2021-04-02', '2021-04-02 12:04:45', '2021-04-02 12:04:45');
INSERT INTO `worker_node` VALUES (317, '192.168.18.111', '1617336363205-14194', 2, '2021-04-02', '2021-04-02 12:06:04', '2021-04-02 12:06:04');
INSERT INTO `worker_node` VALUES (318, '192.168.18.111', '1617336460101-11393', 2, '2021-04-02', '2021-04-02 12:07:41', '2021-04-02 12:07:41');
INSERT INTO `worker_node` VALUES (319, '192.168.18.111', '1617343271654-91869', 2, '2021-04-02', '2021-04-02 14:01:12', '2021-04-02 14:01:12');
INSERT INTO `worker_node` VALUES (320, '192.168.18.111', '1617345113871-73934', 2, '2021-04-02', '2021-04-02 14:31:54', '2021-04-02 14:31:54');
INSERT INTO `worker_node` VALUES (321, '192.168.18.111', '1617354686364-43765', 2, '2021-04-02', '2021-04-02 17:11:27', '2021-04-02 17:11:27');
INSERT INTO `worker_node` VALUES (322, '192.168.18.111', '1617354763415-48098', 2, '2021-04-02', '2021-04-02 17:12:44', '2021-04-02 17:12:44');
INSERT INTO `worker_node` VALUES (323, '192.168.18.111', '1617354874725-23797', 2, '2021-04-02', '2021-04-02 17:14:35', '2021-04-02 17:14:35');
INSERT INTO `worker_node` VALUES (324, '192.168.18.111', '1617355616311-95011', 2, '2021-04-02', '2021-04-02 17:26:57', '2021-04-02 17:26:57');
INSERT INTO `worker_node` VALUES (325, '192.168.10.150', '1617356220968-2208', 2, '2021-04-02', '2021-04-02 17:37:01', '2021-04-02 17:37:01');
INSERT INTO `worker_node` VALUES (326, '192.168.10.150', '1617357219941-42217', 2, '2021-04-02', '2021-04-02 17:53:40', '2021-04-02 17:53:40');
INSERT INTO `worker_node` VALUES (327, '192.168.18.111', '1617359171771-4283', 2, '2021-04-02', '2021-04-02 18:26:12', '2021-04-02 18:26:12');
INSERT INTO `worker_node` VALUES (328, '192.168.10.150', '1617360269571-41781', 2, '2021-04-02', '2021-04-02 18:44:29', '2021-04-02 18:44:29');
INSERT INTO `worker_node` VALUES (329, '192.168.10.150', '1617360470835-94192', 2, '2021-04-02', '2021-04-02 18:47:50', '2021-04-02 18:47:50');
INSERT INTO `worker_node` VALUES (330, '192.168.18.111', '1617446878017-15721', 2, '2021-04-03', '2021-04-03 18:47:59', '2021-04-03 18:47:59');
INSERT INTO `worker_node` VALUES (331, '192.168.18.111', '1617449848443-2089', 2, '2021-04-03', '2021-04-03 19:37:29', '2021-04-03 19:37:29');
INSERT INTO `worker_node` VALUES (332, '192.168.18.111', '1617450226033-48966', 2, '2021-04-03', '2021-04-03 19:43:47', '2021-04-03 19:43:47');
INSERT INTO `worker_node` VALUES (333, '192.168.18.111', '1617450669654-90403', 2, '2021-04-03', '2021-04-03 19:51:11', '2021-04-03 19:51:11');
INSERT INTO `worker_node` VALUES (334, '192.168.18.111', '1617450804114-18555', 2, '2021-04-03', '2021-04-03 19:53:25', '2021-04-03 19:53:25');
INSERT INTO `worker_node` VALUES (335, '192.168.18.111', '1617451178633-19204', 2, '2021-04-03', '2021-04-03 19:59:40', '2021-04-03 19:59:40');
INSERT INTO `worker_node` VALUES (336, '192.168.18.111', '1617451526522-92122', 2, '2021-04-03', '2021-04-03 20:05:27', '2021-04-03 20:05:27');
INSERT INTO `worker_node` VALUES (337, '192.168.18.111', '1617451894556-63238', 2, '2021-04-03', '2021-04-03 20:11:36', '2021-04-03 20:11:36');
INSERT INTO `worker_node` VALUES (338, '192.168.18.111', '1617451978245-1726', 2, '2021-04-03', '2021-04-03 20:12:59', '2021-04-03 20:12:59');
INSERT INTO `worker_node` VALUES (339, '192.168.18.111', '1617502186189-42706', 2, '2021-04-04', '2021-04-04 10:09:49', '2021-04-04 10:09:49');
INSERT INTO `worker_node` VALUES (340, '192.168.18.111', '1617503994964-65867', 2, '2021-04-04', '2021-04-04 10:39:57', '2021-04-04 10:39:57');
INSERT INTO `worker_node` VALUES (341, '192.168.18.111', '1617512700087-44567', 2, '2021-04-04', '2021-04-04 13:05:03', '2021-04-04 13:05:03');
INSERT INTO `worker_node` VALUES (342, '192.168.18.111', '1617512945601-16840', 2, '2021-04-04', '2021-04-04 13:09:08', '2021-04-04 13:09:08');
INSERT INTO `worker_node` VALUES (343, '192.168.18.111', '1617513173160-96392', 2, '2021-04-04', '2021-04-04 13:12:55', '2021-04-04 13:12:55');
INSERT INTO `worker_node` VALUES (344, '192.168.18.111', '1617515161484-2590', 2, '2021-04-04', '2021-04-04 13:46:04', '2021-04-04 13:46:04');
INSERT INTO `worker_node` VALUES (345, '192.168.18.111', '1617515556619-66400', 2, '2021-04-04', '2021-04-04 13:52:39', '2021-04-04 13:52:39');
INSERT INTO `worker_node` VALUES (346, '192.168.18.111', '1617515941621-61221', 2, '2021-04-04', '2021-04-04 13:59:04', '2021-04-04 13:59:04');
INSERT INTO `worker_node` VALUES (347, '192.168.18.111', '1617516078045-67766', 2, '2021-04-04', '2021-04-04 14:01:20', '2021-04-04 14:01:20');
INSERT INTO `worker_node` VALUES (348, '192.168.18.111', '1617516265720-87023', 2, '2021-04-04', '2021-04-04 14:04:28', '2021-04-04 14:04:28');
INSERT INTO `worker_node` VALUES (349, '192.168.18.111', '1617517511994-22430', 2, '2021-04-04', '2021-04-04 14:25:14', '2021-04-04 14:25:14');
INSERT INTO `worker_node` VALUES (350, '192.168.18.111', '1617517888234-90402', 2, '2021-04-04', '2021-04-04 14:31:31', '2021-04-04 14:31:31');
INSERT INTO `worker_node` VALUES (351, '192.168.18.111', '1617521325422-11685', 2, '2021-04-04', '2021-04-04 15:28:45', '2021-04-04 15:28:45');
INSERT INTO `worker_node` VALUES (352, '192.168.18.111', '1617521325083-6722', 2, '2021-04-04', '2021-04-04 15:28:45', '2021-04-04 15:28:45');
INSERT INTO `worker_node` VALUES (353, '192.168.18.111', '1617521381228-20941', 2, '2021-04-04', '2021-04-04 15:29:41', '2021-04-04 15:29:41');
INSERT INTO `worker_node` VALUES (354, '192.168.18.111', '1617522100876-34641', 2, '2021-04-04', '2021-04-04 15:41:41', '2021-04-04 15:41:41');
INSERT INTO `worker_node` VALUES (355, '192.168.18.111', '1617522455238-29953', 2, '2021-04-04', '2021-04-04 15:47:35', '2021-04-04 15:47:35');
INSERT INTO `worker_node` VALUES (356, '192.168.18.111', '1617522999215-53547', 2, '2021-04-04', '2021-04-04 15:56:39', '2021-04-04 15:56:39');
INSERT INTO `worker_node` VALUES (357, '192.168.18.111', '1617523732674-18454', 2, '2021-04-04', '2021-04-04 16:08:53', '2021-04-04 16:08:53');
INSERT INTO `worker_node` VALUES (358, '192.168.18.111', '1617524236167-18977', 2, '2021-04-04', '2021-04-04 16:17:16', '2021-04-04 16:17:16');
INSERT INTO `worker_node` VALUES (359, '192.168.18.111', '1617524497807-12916', 2, '2021-04-04', '2021-04-04 16:21:37', '2021-04-04 16:21:37');
INSERT INTO `worker_node` VALUES (360, '192.168.18.111', '1617524675950-66158', 2, '2021-04-04', '2021-04-04 16:24:36', '2021-04-04 16:24:36');
INSERT INTO `worker_node` VALUES (361, '192.168.18.111', '1617524984161-4825', 2, '2021-04-04', '2021-04-04 16:29:44', '2021-04-04 16:29:44');
INSERT INTO `worker_node` VALUES (362, '192.168.18.111', '1617528445946-59375', 2, '2021-04-04', '2021-04-04 17:27:26', '2021-04-04 17:27:26');
INSERT INTO `worker_node` VALUES (363, '192.168.18.111', '1617530328134-6538', 2, '2021-04-04', '2021-04-04 17:58:48', '2021-04-04 17:58:48');
INSERT INTO `worker_node` VALUES (364, '192.168.18.111', '1617587587734-13080', 2, '2021-04-05', '2021-04-05 09:53:09', '2021-04-05 09:53:09');
INSERT INTO `worker_node` VALUES (365, '192.168.18.111', '1617589862324-17401', 2, '2021-04-05', '2021-04-05 10:31:04', '2021-04-05 10:31:04');
INSERT INTO `worker_node` VALUES (366, '192.168.18.111', '1617590083600-75208', 2, '2021-04-05', '2021-04-05 10:34:45', '2021-04-05 10:34:45');
INSERT INTO `worker_node` VALUES (367, '192.168.18.111', '1617592200692-21153', 2, '2021-04-05', '2021-04-05 11:10:02', '2021-04-05 11:10:02');
INSERT INTO `worker_node` VALUES (368, '192.168.18.111', '1617592499008-43320', 2, '2021-04-05', '2021-04-05 11:15:00', '2021-04-05 11:15:00');
INSERT INTO `worker_node` VALUES (369, '192.168.18.111', '1617592787208-59427', 2, '2021-04-05', '2021-04-05 11:19:48', '2021-04-05 11:19:48');
INSERT INTO `worker_node` VALUES (370, '192.168.10.221', '1617877722357-47303', 2, '2021-04-08', '2021-04-08 18:28:42', '2021-04-08 18:28:42');
INSERT INTO `worker_node` VALUES (371, '172.17.0.4', '1617878185961-39077', 2, '2021-04-08', '2021-04-08 18:36:26', '2021-04-08 18:36:26');
INSERT INTO `worker_node` VALUES (372, '192.168.10.36', '1618025513391-58577', 2, '2021-04-10', '2021-04-10 11:31:53', '2021-04-10 11:31:53');
INSERT INTO `worker_node` VALUES (373, '192.168.100.55', '1618039643964-30047', 2, '2021-04-10', '2021-04-10 15:27:24', '2021-04-10 15:27:24');
INSERT INTO `worker_node` VALUES (374, '192.168.197.1', '1618149880388-40414', 2, '2021-04-11', '2021-04-11 22:04:39', '2021-04-11 22:04:39');
INSERT INTO `worker_node` VALUES (375, '192.168.197.1', '1618149977159-5710', 2, '2021-04-11', '2021-04-11 22:06:16', '2021-04-11 22:06:16');
INSERT INTO `worker_node` VALUES (376, '192.168.197.1', '1618150097693-61564', 2, '2021-04-11', '2021-04-11 22:08:16', '2021-04-11 22:08:16');
INSERT INTO `worker_node` VALUES (377, '192.168.197.1', '1618150311003-77244', 2, '2021-04-11', '2021-04-11 22:11:49', '2021-04-11 22:11:49');
INSERT INTO `worker_node` VALUES (378, '10.32.53.139', '1618208177562-34451', 2, '2021-04-12', '2021-04-12 14:16:17', '2021-04-12 14:16:17');
INSERT INTO `worker_node` VALUES (379, '10.32.53.139', '1618208945915-80900', 2, '2021-04-12', '2021-04-12 14:29:06', '2021-04-12 14:29:06');
INSERT INTO `worker_node` VALUES (380, '10.32.53.139', '1618209123789-6355', 2, '2021-04-12', '2021-04-12 14:32:04', '2021-04-12 14:32:04');
INSERT INTO `worker_node` VALUES (381, '10.32.53.139', '1618212349305-34469', 2, '2021-04-12', '2021-04-12 15:25:49', '2021-04-12 15:25:49');
INSERT INTO `worker_node` VALUES (382, '10.32.53.139', '1618214243455-51428', 2, '2021-04-12', '2021-04-12 15:57:24', '2021-04-12 15:57:24');
INSERT INTO `worker_node` VALUES (383, '10.32.53.139', '1618226864645-72288', 2, '2021-04-12', '2021-04-12 19:27:45', '2021-04-12 19:27:45');
INSERT INTO `worker_node` VALUES (384, '192.168.197.1', '1618273719599-39030', 2, '2021-04-13', '2021-04-13 08:28:40', '2021-04-13 08:28:40');
INSERT INTO `worker_node` VALUES (385, '10.32.53.139', '1618274454395-30426', 2, '2021-04-13', '2021-04-13 08:40:55', '2021-04-13 08:40:55');
INSERT INTO `worker_node` VALUES (386, '192.168.197.1', '1618275816639-22186', 2, '2021-04-13', '2021-04-13 09:03:37', '2021-04-13 09:03:37');
INSERT INTO `worker_node` VALUES (387, '192.168.197.1', '1618276987994-25752', 2, '2021-04-13', '2021-04-13 09:23:08', '2021-04-13 09:23:08');
INSERT INTO `worker_node` VALUES (388, '192.168.197.1', '1618277512460-98024', 2, '2021-04-13', '2021-04-13 09:31:53', '2021-04-13 09:31:53');
INSERT INTO `worker_node` VALUES (389, '192.168.197.1', '1618277653043-90998', 2, '2021-04-13', '2021-04-13 09:34:13', '2021-04-13 09:34:13');
INSERT INTO `worker_node` VALUES (390, '192.168.197.1', '1618277960428-13661', 2, '2021-04-13', '2021-04-13 09:39:21', '2021-04-13 09:39:21');
INSERT INTO `worker_node` VALUES (391, '192.168.197.1', '1618280530807-32199', 2, '2021-04-13', '2021-04-13 10:22:11', '2021-04-13 10:22:11');
INSERT INTO `worker_node` VALUES (392, '192.168.197.1', '1618280604428-82166', 2, '2021-04-13', '2021-04-13 10:23:25', '2021-04-13 10:23:25');
INSERT INTO `worker_node` VALUES (393, '192.168.197.1', '1618284423024-67939', 2, '2021-04-13', '2021-04-13 11:27:03', '2021-04-13 11:27:03');
INSERT INTO `worker_node` VALUES (394, '10.32.53.139', '1618292415288-24262', 2, '2021-04-13', '2021-04-13 13:40:16', '2021-04-13 13:40:16');
INSERT INTO `worker_node` VALUES (395, '192.168.197.1', '1618296893980-55927', 2, '2021-04-13', '2021-04-13 14:54:54', '2021-04-13 14:54:54');
INSERT INTO `worker_node` VALUES (396, '192.168.197.1', '1618297035073-85016', 2, '2021-04-13', '2021-04-13 14:57:16', '2021-04-13 14:57:16');
INSERT INTO `worker_node` VALUES (397, '192.168.197.1', '1618297226012-41947', 2, '2021-04-13', '2021-04-13 15:00:26', '2021-04-13 15:00:26');
INSERT INTO `worker_node` VALUES (398, '192.168.197.1', '1618297751267-4529', 2, '2021-04-13', '2021-04-13 15:09:12', '2021-04-13 15:09:12');
INSERT INTO `worker_node` VALUES (399, '192.168.197.1', '1618298978962-20396', 2, '2021-04-13', '2021-04-13 15:29:39', '2021-04-13 15:29:39');
INSERT INTO `worker_node` VALUES (400, '192.168.197.1', '1618299458178-87584', 2, '2021-04-13', '2021-04-13 15:37:39', '2021-04-13 15:37:39');
INSERT INTO `worker_node` VALUES (401, '192.168.197.1', '1618299651469-6787', 2, '2021-04-13', '2021-04-13 15:40:52', '2021-04-13 15:40:52');
INSERT INTO `worker_node` VALUES (402, '192.168.197.1', '1618299750142-92440', 2, '2021-04-13', '2021-04-13 15:42:31', '2021-04-13 15:42:31');
INSERT INTO `worker_node` VALUES (403, '192.168.197.1', '1618300559702-25787', 2, '2021-04-13', '2021-04-13 15:56:00', '2021-04-13 15:56:00');
INSERT INTO `worker_node` VALUES (404, '192.168.197.1', '1618300685314-54874', 2, '2021-04-13', '2021-04-13 15:58:06', '2021-04-13 15:58:06');
INSERT INTO `worker_node` VALUES (405, '192.168.197.1', '1618300852780-92564', 2, '2021-04-13', '2021-04-13 16:00:53', '2021-04-13 16:00:53');
INSERT INTO `worker_node` VALUES (406, '192.168.197.1', '1618301061744-64068', 2, '2021-04-13', '2021-04-13 16:04:22', '2021-04-13 16:04:22');
INSERT INTO `worker_node` VALUES (407, '192.168.197.1', '1618301215260-28344', 2, '2021-04-13', '2021-04-13 16:06:56', '2021-04-13 16:06:56');
INSERT INTO `worker_node` VALUES (408, '192.168.197.1', '1618301842229-52427', 2, '2021-04-13', '2021-04-13 16:17:23', '2021-04-13 16:17:23');
INSERT INTO `worker_node` VALUES (409, '192.168.197.1', '1618302035900-52346', 2, '2021-04-13', '2021-04-13 16:20:36', '2021-04-13 16:20:36');
INSERT INTO `worker_node` VALUES (410, '192.168.197.1', '1618302075496-65280', 2, '2021-04-13', '2021-04-13 16:21:16', '2021-04-13 16:21:16');
INSERT INTO `worker_node` VALUES (411, '192.168.197.1', '1618302333538-66682', 2, '2021-04-13', '2021-04-13 16:25:34', '2021-04-13 16:25:34');
INSERT INTO `worker_node` VALUES (412, '192.168.197.1', '1618302383000-89932', 2, '2021-04-13', '2021-04-13 16:26:23', '2021-04-13 16:26:23');
INSERT INTO `worker_node` VALUES (413, '192.168.197.1', '1618302956500-42169', 2, '2021-04-13', '2021-04-13 16:35:58', '2021-04-13 16:35:58');
INSERT INTO `worker_node` VALUES (414, '192.168.197.1', '1618303101993-5615', 2, '2021-04-13', '2021-04-13 16:38:22', '2021-04-13 16:38:22');
INSERT INTO `worker_node` VALUES (415, '192.168.197.1', '1618303221997-58532', 2, '2021-04-13', '2021-04-13 16:40:22', '2021-04-13 16:40:22');
INSERT INTO `worker_node` VALUES (416, '192.168.197.1', '1618303456167-83051', 2, '2021-04-13', '2021-04-13 16:44:17', '2021-04-13 16:44:17');
INSERT INTO `worker_node` VALUES (417, '192.168.197.1', '1618303685016-34949', 2, '2021-04-13', '2021-04-13 16:48:05', '2021-04-13 16:48:05');
INSERT INTO `worker_node` VALUES (418, '192.168.197.1', '1618304342329-64854', 2, '2021-04-13', '2021-04-13 16:59:03', '2021-04-13 16:59:03');
INSERT INTO `worker_node` VALUES (419, '192.168.197.1', '1618305327465-36769', 2, '2021-04-13', '2021-04-13 17:15:28', '2021-04-13 17:15:28');
INSERT INTO `worker_node` VALUES (420, '10.32.53.139', '1618311163351-20792', 2, '2021-04-13', '2021-04-13 18:52:45', '2021-04-13 18:52:45');
INSERT INTO `worker_node` VALUES (421, '10.32.53.139', '1618316357096-48905', 2, '2021-04-13', '2021-04-13 20:19:19', '2021-04-13 20:19:19');
INSERT INTO `worker_node` VALUES (422, '192.168.197.1', '1618318495549-15545', 2, '2021-04-13', '2021-04-13 20:54:56', '2021-04-13 20:54:56');
INSERT INTO `worker_node` VALUES (423, '192.168.197.1', '1618318771811-97757', 2, '2021-04-13', '2021-04-13 20:59:32', '2021-04-13 20:59:32');
INSERT INTO `worker_node` VALUES (424, '192.168.197.1', '1618318894183-23544', 2, '2021-04-13', '2021-04-13 21:01:35', '2021-04-13 21:01:35');
INSERT INTO `worker_node` VALUES (425, '192.168.197.1', '1618321084310-19337', 2, '2021-04-13', '2021-04-13 21:38:05', '2021-04-13 21:38:05');
INSERT INTO `worker_node` VALUES (426, '192.168.197.1', '1618321421251-3416', 2, '2021-04-13', '2021-04-13 21:43:42', '2021-04-13 21:43:42');
INSERT INTO `worker_node` VALUES (427, '10.32.53.139', '1618361210476-671', 2, '2021-04-14', '2021-04-14 08:46:52', '2021-04-14 08:46:52');
INSERT INTO `worker_node` VALUES (428, '10.32.53.139', '1618361628448-80254', 2, '2021-04-14', '2021-04-14 08:53:50', '2021-04-14 08:53:50');
INSERT INTO `worker_node` VALUES (429, '10.32.53.139', '1618361800235-13603', 2, '2021-04-14', '2021-04-14 08:56:41', '2021-04-14 08:56:41');
INSERT INTO `worker_node` VALUES (430, '10.32.53.139', '1618364525099-74471', 2, '2021-04-14', '2021-04-14 09:42:06', '2021-04-14 09:42:06');
INSERT INTO `worker_node` VALUES (431, '10.32.53.139', '1618364776658-95807', 2, '2021-04-14', '2021-04-14 09:46:18', '2021-04-14 09:46:18');
INSERT INTO `worker_node` VALUES (432, '192.168.197.1', '1618369224066-39185', 2, '2021-04-14', '2021-04-14 11:00:25', '2021-04-14 11:00:25');
INSERT INTO `worker_node` VALUES (433, '10.32.53.139', '1618377308615-83214', 2, '2021-04-14', '2021-04-14 13:15:10', '2021-04-14 13:15:10');
INSERT INTO `worker_node` VALUES (434, '10.32.53.139', '1618377477439-12754', 2, '2021-04-14', '2021-04-14 13:17:59', '2021-04-14 13:17:59');
INSERT INTO `worker_node` VALUES (435, '10.32.53.139', '1618377885027-77441', 2, '2021-04-14', '2021-04-14 13:24:47', '2021-04-14 13:24:47');
INSERT INTO `worker_node` VALUES (436, '10.32.53.139', '1618378027994-43280', 2, '2021-04-14', '2021-04-14 13:27:10', '2021-04-14 13:27:10');
INSERT INTO `worker_node` VALUES (437, '10.32.53.139', '1618378179366-68349', 2, '2021-04-14', '2021-04-14 13:29:41', '2021-04-14 13:29:41');
INSERT INTO `worker_node` VALUES (438, '10.32.53.139', '1618378866779-41751', 2, '2021-04-14', '2021-04-14 13:41:09', '2021-04-14 13:41:09');
INSERT INTO `worker_node` VALUES (439, '10.32.53.139', '1618379516028-12440', 2, '2021-04-14', '2021-04-14 13:51:58', '2021-04-14 13:51:58');
INSERT INTO `worker_node` VALUES (440, '10.32.53.139', '1618380175845-24245', 2, '2021-04-14', '2021-04-14 14:02:58', '2021-04-14 14:02:58');
INSERT INTO `worker_node` VALUES (441, '10.32.53.139', '1618380343121-79761', 2, '2021-04-14', '2021-04-14 14:05:45', '2021-04-14 14:05:45');
INSERT INTO `worker_node` VALUES (442, '10.32.53.139', '1618380429552-88020', 2, '2021-04-14', '2021-04-14 14:07:11', '2021-04-14 14:07:11');
INSERT INTO `worker_node` VALUES (443, '10.32.53.139', '1618381254945-82946', 2, '2021-04-14', '2021-04-14 14:20:57', '2021-04-14 14:20:57');
INSERT INTO `worker_node` VALUES (444, '10.32.53.139', '1618381329199-52429', 2, '2021-04-14', '2021-04-14 14:22:11', '2021-04-14 14:22:11');
INSERT INTO `worker_node` VALUES (445, '10.32.53.139', '1618382219433-50738', 2, '2021-04-14', '2021-04-14 14:37:01', '2021-04-14 14:37:01');
INSERT INTO `worker_node` VALUES (446, '10.32.53.139', '1618386114399-88672', 2, '2021-04-14', '2021-04-14 15:41:54', '2021-04-14 15:41:54');
INSERT INTO `worker_node` VALUES (447, '10.32.53.139', '1618386436440-20819', 2, '2021-04-14', '2021-04-14 15:47:16', '2021-04-14 15:47:16');
INSERT INTO `worker_node` VALUES (448, '10.32.53.139', '1618386505992-78351', 2, '2021-04-14', '2021-04-14 15:48:26', '2021-04-14 15:48:26');
INSERT INTO `worker_node` VALUES (449, '192.168.197.1', '1618386560600-27449', 2, '2021-04-14', '2021-04-14 15:49:22', '2021-04-14 15:49:22');
INSERT INTO `worker_node` VALUES (450, '192.168.197.1', '1618386670692-6189', 2, '2021-04-14', '2021-04-14 15:51:12', '2021-04-14 15:51:12');
INSERT INTO `worker_node` VALUES (451, '192.168.197.1', '1618386779063-19144', 2, '2021-04-14', '2021-04-14 15:53:00', '2021-04-14 15:53:00');
INSERT INTO `worker_node` VALUES (452, '192.168.197.1', '1618386875526-51263', 2, '2021-04-14', '2021-04-14 15:54:37', '2021-04-14 15:54:37');
INSERT INTO `worker_node` VALUES (453, '192.168.197.1', '1618387709163-25191', 2, '2021-04-14', '2021-04-14 16:08:30', '2021-04-14 16:08:30');
INSERT INTO `worker_node` VALUES (454, '192.168.197.1', '1618387781135-48762', 2, '2021-04-14', '2021-04-14 16:09:42', '2021-04-14 16:09:42');
INSERT INTO `worker_node` VALUES (455, '10.32.53.139', '1618388671627-14313', 2, '2021-04-14', '2021-04-14 16:24:31', '2021-04-14 16:24:31');
INSERT INTO `worker_node` VALUES (456, '192.168.197.1', '1618388896572-58226', 2, '2021-04-14', '2021-04-14 16:28:18', '2021-04-14 16:28:18');
INSERT INTO `worker_node` VALUES (457, '10.32.53.139', '1618389181379-7373', 2, '2021-04-14', '2021-04-14 16:33:01', '2021-04-14 16:33:01');
INSERT INTO `worker_node` VALUES (458, '192.168.197.1', '1618389248812-79985', 2, '2021-04-14', '2021-04-14 16:34:10', '2021-04-14 16:34:10');
INSERT INTO `worker_node` VALUES (459, '192.168.197.1', '1618389433509-60953', 2, '2021-04-14', '2021-04-14 16:37:14', '2021-04-14 16:37:14');
INSERT INTO `worker_node` VALUES (460, '192.168.197.1', '1618389936311-36196', 2, '2021-04-14', '2021-04-14 16:45:37', '2021-04-14 16:45:37');
INSERT INTO `worker_node` VALUES (461, '10.32.53.139', '1618390002600-44426', 2, '2021-04-14', '2021-04-14 16:46:42', '2021-04-14 16:46:42');
INSERT INTO `worker_node` VALUES (462, '192.168.197.1', '1618390019663-84031', 2, '2021-04-14', '2021-04-14 16:47:00', '2021-04-14 16:47:00');
INSERT INTO `worker_node` VALUES (463, '10.32.53.139', '1618390117239-21327', 2, '2021-04-14', '2021-04-14 16:48:37', '2021-04-14 16:48:37');
INSERT INTO `worker_node` VALUES (464, '10.32.53.139', '1618390302940-60568', 2, '2021-04-14', '2021-04-14 16:51:43', '2021-04-14 16:51:43');
INSERT INTO `worker_node` VALUES (465, '10.32.53.139', '1618390647474-56366', 2, '2021-04-14', '2021-04-14 16:57:27', '2021-04-14 16:57:27');
INSERT INTO `worker_node` VALUES (466, '10.32.53.139', '1618390823607-5268', 2, '2021-04-14', '2021-04-14 17:00:24', '2021-04-14 17:00:24');
INSERT INTO `worker_node` VALUES (467, '192.168.197.1', '1618391667902-50286', 2, '2021-04-14', '2021-04-14 17:14:29', '2021-04-14 17:14:29');
INSERT INTO `worker_node` VALUES (468, '192.168.197.1', '1618392032624-13271', 2, '2021-04-14', '2021-04-14 17:20:33', '2021-04-14 17:20:33');
INSERT INTO `worker_node` VALUES (469, '192.168.197.1', '1618392093021-73669', 2, '2021-04-14', '2021-04-14 17:21:34', '2021-04-14 17:21:34');
INSERT INTO `worker_node` VALUES (470, '192.168.197.1', '1618392189528-175', 2, '2021-04-14', '2021-04-14 17:23:10', '2021-04-14 17:23:10');
INSERT INTO `worker_node` VALUES (471, '192.168.197.1', '1618392507224-54964', 2, '2021-04-14', '2021-04-14 17:28:28', '2021-04-14 17:28:28');
INSERT INTO `worker_node` VALUES (472, '192.168.197.1', '1618392765758-68630', 2, '2021-04-14', '2021-04-14 17:32:47', '2021-04-14 17:32:47');
INSERT INTO `worker_node` VALUES (473, '192.168.197.1', '1618393148267-65640', 2, '2021-04-14', '2021-04-14 17:39:09', '2021-04-14 17:39:09');
INSERT INTO `worker_node` VALUES (474, '10.32.53.139', '1618396020472-25413', 2, '2021-04-14', '2021-04-14 18:27:01', '2021-04-14 18:27:01');
INSERT INTO `worker_node` VALUES (475, '10.32.53.139', '1618396129718-75623', 2, '2021-04-14', '2021-04-14 18:28:50', '2021-04-14 18:28:50');
INSERT INTO `worker_node` VALUES (476, '10.32.53.139', '1618397354330-67606', 2, '2021-04-14', '2021-04-14 18:49:14', '2021-04-14 18:49:14');
INSERT INTO `worker_node` VALUES (477, '10.32.53.139', '1618399314550-12084', 2, '2021-04-14', '2021-04-14 19:21:55', '2021-04-14 19:21:55');
INSERT INTO `worker_node` VALUES (478, '10.32.53.139', '1618401001031-1143', 2, '2021-04-14', '2021-04-14 19:50:01', '2021-04-14 19:50:01');
INSERT INTO `worker_node` VALUES (479, '10.32.53.139', '1618401179560-29659', 2, '2021-04-14', '2021-04-14 19:53:00', '2021-04-14 19:53:00');
INSERT INTO `worker_node` VALUES (480, '10.32.53.139', '1618401299660-67449', 2, '2021-04-14', '2021-04-14 19:55:00', '2021-04-14 19:55:00');
INSERT INTO `worker_node` VALUES (481, '10.32.53.139', '1618401454053-16347', 2, '2021-04-14', '2021-04-14 19:57:34', '2021-04-14 19:57:34');
INSERT INTO `worker_node` VALUES (482, '10.32.53.139', '1618401816722-98375', 2, '2021-04-14', '2021-04-14 20:03:37', '2021-04-14 20:03:37');
INSERT INTO `worker_node` VALUES (483, '10.32.53.139', '1618401924094-24376', 2, '2021-04-14', '2021-04-14 20:05:24', '2021-04-14 20:05:24');
INSERT INTO `worker_node` VALUES (484, '10.32.53.139', '1618402364758-22776', 2, '2021-04-14', '2021-04-14 20:12:45', '2021-04-14 20:12:45');
INSERT INTO `worker_node` VALUES (485, '192.168.197.1', '1618410442845-12067', 2, '2021-04-14', '2021-04-14 22:27:24', '2021-04-14 22:27:24');
INSERT INTO `worker_node` VALUES (486, '192.168.197.1', '1618450994829-60802', 2, '2021-04-15', '2021-04-15 09:43:16', '2021-04-15 09:43:16');
INSERT INTO `worker_node` VALUES (487, '192.168.197.1', '1618451017005-41083', 2, '2021-04-15', '2021-04-15 09:43:38', '2021-04-15 09:43:38');
INSERT INTO `worker_node` VALUES (488, '192.168.197.1', '1618451104474-2769', 2, '2021-04-15', '2021-04-15 09:45:06', '2021-04-15 09:45:06');
INSERT INTO `worker_node` VALUES (489, '192.168.197.1', '1618451495273-53143', 2, '2021-04-15', '2021-04-15 09:51:37', '2021-04-15 09:51:37');
INSERT INTO `worker_node` VALUES (490, '192.168.197.1', '1618452030848-2480', 2, '2021-04-15', '2021-04-15 10:00:32', '2021-04-15 10:00:32');
INSERT INTO `worker_node` VALUES (491, '10.32.53.139', '1618460913692-82207', 2, '2021-04-15', '2021-04-15 12:28:34', '2021-04-15 12:28:34');
INSERT INTO `worker_node` VALUES (492, '10.32.53.139', '1618462054298-84087', 2, '2021-04-15', '2021-04-15 12:47:35', '2021-04-15 12:47:35');
INSERT INTO `worker_node` VALUES (493, '10.32.53.139', '1618462197302-87291', 2, '2021-04-15', '2021-04-15 12:49:58', '2021-04-15 12:49:58');
INSERT INTO `worker_node` VALUES (494, '10.32.53.139', '1618462530496-27988', 2, '2021-04-15', '2021-04-15 12:55:31', '2021-04-15 12:55:31');
INSERT INTO `worker_node` VALUES (495, '10.32.53.139', '1618463058085-38925', 2, '2021-04-15', '2021-04-15 13:04:18', '2021-04-15 13:04:18');
INSERT INTO `worker_node` VALUES (496, '10.32.53.139', '1618465093775-37594', 2, '2021-04-15', '2021-04-15 13:38:14', '2021-04-15 13:38:14');
INSERT INTO `worker_node` VALUES (497, '10.32.53.139', '1618465345038-43241', 2, '2021-04-15', '2021-04-15 13:42:25', '2021-04-15 13:42:25');
INSERT INTO `worker_node` VALUES (498, '10.32.53.139', '1618466198262-37587', 2, '2021-04-15', '2021-04-15 13:56:39', '2021-04-15 13:56:39');
INSERT INTO `worker_node` VALUES (499, '10.32.53.139', '1618468188019-77877', 2, '2021-04-15', '2021-04-15 14:29:49', '2021-04-15 14:29:49');
INSERT INTO `worker_node` VALUES (500, '10.32.53.139', '1618468709747-56840', 2, '2021-04-15', '2021-04-15 14:38:30', '2021-04-15 14:38:30');
INSERT INTO `worker_node` VALUES (501, '10.32.53.139', '1618469020913-55603', 2, '2021-04-15', '2021-04-15 14:43:41', '2021-04-15 14:43:41');
INSERT INTO `worker_node` VALUES (502, '10.32.53.139', '1618469161338-83018', 2, '2021-04-15', '2021-04-15 14:46:02', '2021-04-15 14:46:02');
INSERT INTO `worker_node` VALUES (503, '10.32.53.139', '1618475123674-57652', 2, '2021-04-15', '2021-04-15 16:25:25', '2021-04-15 16:25:25');
INSERT INTO `worker_node` VALUES (504, '10.32.53.139', '1618475124052-50090', 2, '2021-04-15', '2021-04-15 16:25:25', '2021-04-15 16:25:25');
INSERT INTO `worker_node` VALUES (505, '10.32.53.139', '1618476023769-12326', 2, '2021-04-15', '2021-04-15 16:40:24', '2021-04-15 16:40:24');
INSERT INTO `worker_node` VALUES (506, '10.32.53.139', '1618477097952-26917', 2, '2021-04-15', '2021-04-15 16:58:19', '2021-04-15 16:58:19');
INSERT INTO `worker_node` VALUES (507, '10.32.53.139', '1618477220072-89124', 2, '2021-04-15', '2021-04-15 17:00:21', '2021-04-15 17:00:21');
INSERT INTO `worker_node` VALUES (508, '10.32.53.139', '1618477363926-57526', 2, '2021-04-15', '2021-04-15 17:02:45', '2021-04-15 17:02:45');
INSERT INTO `worker_node` VALUES (509, '10.32.53.139', '1618478003674-83888', 2, '2021-04-15', '2021-04-15 17:13:24', '2021-04-15 17:13:24');
INSERT INTO `worker_node` VALUES (510, '10.32.53.139', '1618484985331-96284', 2, '2021-04-15', '2021-04-15 19:09:46', '2021-04-15 19:09:46');
INSERT INTO `worker_node` VALUES (511, '10.32.53.139', '1618485789371-59732', 2, '2021-04-15', '2021-04-15 19:23:10', '2021-04-15 19:23:10');
INSERT INTO `worker_node` VALUES (512, '10.32.53.139', '1618486192424-38220', 2, '2021-04-15', '2021-04-15 19:29:53', '2021-04-15 19:29:53');
INSERT INTO `worker_node` VALUES (513, '10.32.53.139', '1618486681195-89406', 2, '2021-04-15', '2021-04-15 19:38:02', '2021-04-15 19:38:02');
INSERT INTO `worker_node` VALUES (514, '10.32.53.139', '1618487510054-9564', 2, '2021-04-15', '2021-04-15 19:51:51', '2021-04-15 19:51:51');
INSERT INTO `worker_node` VALUES (515, '10.32.53.139', '1618488711572-18375', 2, '2021-04-15', '2021-04-15 20:11:53', '2021-04-15 20:11:53');
INSERT INTO `worker_node` VALUES (516, '10.32.53.139', '1618489691433-80811', 2, '2021-04-15', '2021-04-15 20:28:12', '2021-04-15 20:28:12');
INSERT INTO `worker_node` VALUES (517, '10.32.53.139', '1618536502346-8070', 2, '2021-04-16', '2021-04-16 09:28:23', '2021-04-16 09:28:23');
INSERT INTO `worker_node` VALUES (518, '10.32.53.139', '1618538311556-43922', 2, '2021-04-16', '2021-04-16 09:58:32', '2021-04-16 09:58:32');
INSERT INTO `worker_node` VALUES (519, '10.32.53.139', '1618538367985-40784', 2, '2021-04-16', '2021-04-16 09:59:29', '2021-04-16 09:59:29');
INSERT INTO `worker_node` VALUES (520, '10.32.53.139', '1618541862268-22784', 2, '2021-04-16', '2021-04-16 10:57:43', '2021-04-16 10:57:43');
INSERT INTO `worker_node` VALUES (521, '192.168.137.1', '1618542041247-84906', 2, '2021-04-16', '2021-04-16 11:00:43', '2021-04-16 11:00:43');
INSERT INTO `worker_node` VALUES (522, '192.168.137.1', '1618542195714-90013', 2, '2021-04-16', '2021-04-16 11:03:17', '2021-04-16 11:03:17');
INSERT INTO `worker_node` VALUES (523, '10.32.53.139', '1618622024866-78093', 2, '2021-04-17', '2021-04-17 09:13:46', '2021-04-17 09:13:46');
INSERT INTO `worker_node` VALUES (524, '10.32.53.139', '1618622063857-28733', 2, '2021-04-17', '2021-04-17 09:14:25', '2021-04-17 09:14:25');
INSERT INTO `worker_node` VALUES (525, '10.32.53.139', '1618622283745-98188', 2, '2021-04-17', '2021-04-17 09:18:04', '2021-04-17 09:18:04');
INSERT INTO `worker_node` VALUES (526, '10.32.53.139', '1618622633882-65966', 2, '2021-04-17', '2021-04-17 09:23:55', '2021-04-17 09:23:55');
INSERT INTO `worker_node` VALUES (527, '10.32.53.139', '1618622741937-91743', 2, '2021-04-17', '2021-04-17 09:25:43', '2021-04-17 09:25:43');
INSERT INTO `worker_node` VALUES (528, '10.32.53.139', '1618622914827-96556', 2, '2021-04-17', '2021-04-17 09:28:36', '2021-04-17 09:28:36');
INSERT INTO `worker_node` VALUES (529, '10.32.53.139', '1618623799099-34420', 2, '2021-04-17', '2021-04-17 09:43:20', '2021-04-17 09:43:20');
INSERT INTO `worker_node` VALUES (530, '10.32.53.139', '1618623882990-75790', 2, '2021-04-17', '2021-04-17 09:44:44', '2021-04-17 09:44:44');
INSERT INTO `worker_node` VALUES (531, '10.32.53.139', '1618624754896-56748', 2, '2021-04-17', '2021-04-17 09:59:16', '2021-04-17 09:59:16');
INSERT INTO `worker_node` VALUES (532, '10.32.53.139', '1618625806024-11597', 2, '2021-04-17', '2021-04-17 10:16:47', '2021-04-17 10:16:47');
INSERT INTO `worker_node` VALUES (533, '10.32.53.139', '1618625911015-71032', 2, '2021-04-17', '2021-04-17 10:18:32', '2021-04-17 10:18:32');
INSERT INTO `worker_node` VALUES (534, '10.32.53.139', '1618626042377-37993', 2, '2021-04-17', '2021-04-17 10:20:43', '2021-04-17 10:20:43');
INSERT INTO `worker_node` VALUES (535, '10.32.53.139', '1618626180683-32464', 2, '2021-04-17', '2021-04-17 10:23:02', '2021-04-17 10:23:02');
INSERT INTO `worker_node` VALUES (536, '10.32.53.139', '1618627299845-73902', 2, '2021-04-17', '2021-04-17 10:41:41', '2021-04-17 10:41:41');
INSERT INTO `worker_node` VALUES (537, '10.32.53.139', '1618627634527-46802', 2, '2021-04-17', '2021-04-17 10:47:15', '2021-04-17 10:47:15');
INSERT INTO `worker_node` VALUES (538, '10.32.53.139', '1618627711909-2651', 2, '2021-04-17', '2021-04-17 10:48:33', '2021-04-17 10:48:33');
INSERT INTO `worker_node` VALUES (539, '10.32.53.139', '1618627795343-15473', 2, '2021-04-17', '2021-04-17 10:49:56', '2021-04-17 10:49:56');
INSERT INTO `worker_node` VALUES (540, '10.32.53.139', '1618627902020-6274', 2, '2021-04-17', '2021-04-17 10:51:43', '2021-04-17 10:51:43');
INSERT INTO `worker_node` VALUES (541, '10.32.53.139', '1618627964664-79860', 2, '2021-04-17', '2021-04-17 10:52:45', '2021-04-17 10:52:45');
INSERT INTO `worker_node` VALUES (542, '10.32.53.139', '1618628064789-10236', 2, '2021-04-17', '2021-04-17 10:54:26', '2021-04-17 10:54:26');
INSERT INTO `worker_node` VALUES (543, '10.32.53.139', '1618628233566-8283', 2, '2021-04-17', '2021-04-17 10:57:14', '2021-04-17 10:57:14');
INSERT INTO `worker_node` VALUES (544, '10.32.53.139', '1618628320573-49275', 2, '2021-04-17', '2021-04-17 10:58:41', '2021-04-17 10:58:41');
INSERT INTO `worker_node` VALUES (545, '10.32.53.139', '1618628426456-9402', 2, '2021-04-17', '2021-04-17 11:00:27', '2021-04-17 11:00:27');
INSERT INTO `worker_node` VALUES (546, '10.32.53.139', '1618628479783-60037', 2, '2021-04-17', '2021-04-17 11:01:21', '2021-04-17 11:01:21');
INSERT INTO `worker_node` VALUES (547, '10.32.53.139', '1618629211390-43794', 2, '2021-04-17', '2021-04-17 11:13:32', '2021-04-17 11:13:32');
INSERT INTO `worker_node` VALUES (548, '10.32.53.139', '1618629323313-94488', 2, '2021-04-17', '2021-04-17 11:15:24', '2021-04-17 11:15:24');
INSERT INTO `worker_node` VALUES (549, '10.32.53.139', '1618629455693-16438', 2, '2021-04-17', '2021-04-17 11:17:37', '2021-04-17 11:17:37');
INSERT INTO `worker_node` VALUES (550, '10.32.53.139', '1618629877892-54170', 2, '2021-04-17', '2021-04-17 11:24:39', '2021-04-17 11:24:39');
INSERT INTO `worker_node` VALUES (551, '10.32.53.139', '1618630010646-73590', 2, '2021-04-17', '2021-04-17 11:26:51', '2021-04-17 11:26:51');
INSERT INTO `worker_node` VALUES (552, '10.32.53.139', '1618630160110-4252', 2, '2021-04-17', '2021-04-17 11:29:21', '2021-04-17 11:29:21');
INSERT INTO `worker_node` VALUES (553, '10.32.53.139', '1618630270470-234', 2, '2021-04-17', '2021-04-17 11:31:11', '2021-04-17 11:31:11');
INSERT INTO `worker_node` VALUES (554, '10.32.53.139', '1618630399080-19605', 2, '2021-04-17', '2021-04-17 11:33:20', '2021-04-17 11:33:20');
INSERT INTO `worker_node` VALUES (555, '10.32.53.139', '1618630487197-13024', 2, '2021-04-17', '2021-04-17 11:34:48', '2021-04-17 11:34:48');
INSERT INTO `worker_node` VALUES (556, '10.32.53.139', '1618630549387-20156', 2, '2021-04-17', '2021-04-17 11:35:50', '2021-04-17 11:35:50');
INSERT INTO `worker_node` VALUES (557, '10.32.53.139', '1618630832323-3765', 2, '2021-04-17', '2021-04-17 11:40:33', '2021-04-17 11:40:33');
INSERT INTO `worker_node` VALUES (558, '10.32.53.139', '1618630902474-12686', 2, '2021-04-17', '2021-04-17 11:41:43', '2021-04-17 11:41:43');
INSERT INTO `worker_node` VALUES (559, '10.32.53.139', '1618632960222-48936', 2, '2021-04-17', '2021-04-17 12:16:00', '2021-04-17 12:16:00');
INSERT INTO `worker_node` VALUES (560, '10.32.53.139', '1618633178787-34364', 2, '2021-04-17', '2021-04-17 12:19:38', '2021-04-17 12:19:38');
INSERT INTO `worker_node` VALUES (561, '10.32.53.139', '1618633405764-33438', 2, '2021-04-17', '2021-04-17 12:23:25', '2021-04-17 12:23:25');
INSERT INTO `worker_node` VALUES (562, '10.32.53.139', '1618633457767-45230', 2, '2021-04-17', '2021-04-17 12:24:18', '2021-04-17 12:24:18');
INSERT INTO `worker_node` VALUES (563, '10.32.53.139', '1618636330366-33204', 2, '2021-04-17', '2021-04-17 13:12:10', '2021-04-17 13:12:10');
INSERT INTO `worker_node` VALUES (564, '10.32.53.139', '1618637145337-79194', 2, '2021-04-17', '2021-04-17 13:25:45', '2021-04-17 13:25:45');
INSERT INTO `worker_node` VALUES (565, '10.32.53.139', '1618637497892-64603', 2, '2021-04-17', '2021-04-17 13:31:38', '2021-04-17 13:31:38');
INSERT INTO `worker_node` VALUES (566, '10.32.53.139', '1618639805943-59736', 2, '2021-04-17', '2021-04-17 14:10:06', '2021-04-17 14:10:06');
INSERT INTO `worker_node` VALUES (567, '10.32.53.139', '1618642370201-70295', 2, '2021-04-17', '2021-04-17 14:52:50', '2021-04-17 14:52:50');
INSERT INTO `worker_node` VALUES (568, '10.32.53.139', '1618642608708-8286', 2, '2021-04-17', '2021-04-17 14:56:49', '2021-04-17 14:56:49');
INSERT INTO `worker_node` VALUES (569, '10.32.53.139', '1618642975369-71358', 2, '2021-04-17', '2021-04-17 15:02:55', '2021-04-17 15:02:55');
INSERT INTO `worker_node` VALUES (570, '10.32.53.139', '1618643170615-40051', 2, '2021-04-17', '2021-04-17 15:06:10', '2021-04-17 15:06:10');
INSERT INTO `worker_node` VALUES (571, '10.32.53.139', '1618643551416-59883', 2, '2021-04-17', '2021-04-17 15:12:31', '2021-04-17 15:12:31');
INSERT INTO `worker_node` VALUES (572, '10.32.53.139', '1618643634486-78601', 2, '2021-04-17', '2021-04-17 15:13:54', '2021-04-17 15:13:54');
INSERT INTO `worker_node` VALUES (573, '10.32.53.139', '1618644583175-89846', 2, '2021-04-17', '2021-04-17 15:29:43', '2021-04-17 15:29:43');
INSERT INTO `worker_node` VALUES (574, '10.32.53.139', '1618645254231-88778', 2, '2021-04-17', '2021-04-17 15:40:54', '2021-04-17 15:40:54');
INSERT INTO `worker_node` VALUES (575, '10.32.53.139', '1618645835286-45826', 2, '2021-04-17', '2021-04-17 15:50:35', '2021-04-17 15:50:35');
INSERT INTO `worker_node` VALUES (576, '10.32.53.139', '1618647774013-8111', 2, '2021-04-17', '2021-04-17 16:22:54', '2021-04-17 16:22:54');
INSERT INTO `worker_node` VALUES (577, '10.32.53.139', '1618648553664-10574', 2, '2021-04-17', '2021-04-17 16:35:54', '2021-04-17 16:35:54');
INSERT INTO `worker_node` VALUES (578, '10.32.53.139', '1618648867677-39688', 2, '2021-04-17', '2021-04-17 16:41:08', '2021-04-17 16:41:08');
INSERT INTO `worker_node` VALUES (579, '10.32.53.139', '1618649304682-67212', 2, '2021-04-17', '2021-04-17 16:48:25', '2021-04-17 16:48:25');
INSERT INTO `worker_node` VALUES (580, '10.32.53.139', '1618649611376-2492', 2, '2021-04-17', '2021-04-17 16:53:31', '2021-04-17 16:53:31');
INSERT INTO `worker_node` VALUES (581, '10.32.53.139', '1618656870198-82007', 2, '2021-04-17', '2021-04-17 18:54:30', '2021-04-17 18:54:30');
INSERT INTO `worker_node` VALUES (582, '10.32.53.139', '1618656979679-81836', 2, '2021-04-17', '2021-04-17 18:56:19', '2021-04-17 18:56:19');
INSERT INTO `worker_node` VALUES (583, '10.32.53.139', '1618657673574-95776', 2, '2021-04-17', '2021-04-17 19:07:53', '2021-04-17 19:07:53');
INSERT INTO `worker_node` VALUES (584, '10.32.53.139', '1618658147137-50099', 2, '2021-04-17', '2021-04-17 19:15:47', '2021-04-17 19:15:47');
INSERT INTO `worker_node` VALUES (585, '10.32.53.139', '1618659200784-56058', 2, '2021-04-17', '2021-04-17 19:33:21', '2021-04-17 19:33:21');
INSERT INTO `worker_node` VALUES (586, '10.32.53.139', '1618659348890-55991', 2, '2021-04-17', '2021-04-17 19:35:49', '2021-04-17 19:35:49');
INSERT INTO `worker_node` VALUES (587, '10.32.53.139', '1618659972773-33216', 2, '2021-04-17', '2021-04-17 19:46:13', '2021-04-17 19:46:13');
INSERT INTO `worker_node` VALUES (588, '10.32.53.139', '1618660415575-15686', 2, '2021-04-17', '2021-04-17 19:53:35', '2021-04-17 19:53:35');
INSERT INTO `worker_node` VALUES (589, '10.32.53.139', '1618660674130-52894', 2, '2021-04-17', '2021-04-17 19:57:54', '2021-04-17 19:57:54');
INSERT INTO `worker_node` VALUES (590, '10.32.53.139', '1618660859519-22023', 2, '2021-04-17', '2021-04-17 20:00:59', '2021-04-17 20:00:59');
INSERT INTO `worker_node` VALUES (591, '10.32.53.139', '1618661032506-13223', 2, '2021-04-17', '2021-04-17 20:03:52', '2021-04-17 20:03:52');
INSERT INTO `worker_node` VALUES (592, '10.32.53.139', '1618661181828-44300', 2, '2021-04-17', '2021-04-17 20:06:22', '2021-04-17 20:06:22');
INSERT INTO `worker_node` VALUES (593, '10.32.53.139', '1618661266420-60210', 2, '2021-04-17', '2021-04-17 20:07:46', '2021-04-17 20:07:46');
INSERT INTO `worker_node` VALUES (594, '10.32.53.139', '1618662272159-26882', 2, '2021-04-17', '2021-04-17 20:24:32', '2021-04-17 20:24:32');
INSERT INTO `worker_node` VALUES (595, '10.32.53.139', '1618662465674-85638', 2, '2021-04-17', '2021-04-17 20:27:46', '2021-04-17 20:27:46');
INSERT INTO `worker_node` VALUES (596, '10.32.53.139', '1618662616255-92710', 2, '2021-04-17', '2021-04-17 20:30:16', '2021-04-17 20:30:16');
INSERT INTO `worker_node` VALUES (597, '10.32.53.139', '1618662790799-94625', 2, '2021-04-17', '2021-04-17 20:33:11', '2021-04-17 20:33:11');
INSERT INTO `worker_node` VALUES (598, '10.32.53.139', '1618663012193-4744', 2, '2021-04-17', '2021-04-17 20:36:52', '2021-04-17 20:36:52');
INSERT INTO `worker_node` VALUES (599, '10.32.53.139', '1618663135726-54429', 2, '2021-04-17', '2021-04-17 20:38:56', '2021-04-17 20:38:56');
INSERT INTO `worker_node` VALUES (600, '10.32.53.139', '1618663527399-78101', 2, '2021-04-17', '2021-04-17 20:45:27', '2021-04-17 20:45:27');
INSERT INTO `worker_node` VALUES (601, '10.32.53.139', '1618663621722-36698', 2, '2021-04-17', '2021-04-17 20:47:02', '2021-04-17 20:47:02');
INSERT INTO `worker_node` VALUES (602, '10.32.53.139', '1618828128599-31790', 2, '2021-04-19', '2021-04-19 18:28:48', '2021-04-19 18:28:48');
INSERT INTO `worker_node` VALUES (603, '10.32.53.139', '1618828128906-44075', 2, '2021-04-19', '2021-04-19 18:28:48', '2021-04-19 18:28:48');
INSERT INTO `worker_node` VALUES (604, '192.168.0.110', '1619072425558-69714', 2, '2021-04-22', '2021-04-22 14:20:24', '2021-04-22 14:20:24');
INSERT INTO `worker_node` VALUES (605, '192.168.0.110', '1619072458401-65538', 2, '2021-04-22', '2021-04-22 14:20:57', '2021-04-22 14:20:57');
INSERT INTO `worker_node` VALUES (606, '192.168.0.110', '1619072640649-74342', 2, '2021-04-22', '2021-04-22 14:23:59', '2021-04-22 14:23:59');
INSERT INTO `worker_node` VALUES (607, '192.168.197.1', '1619073213239-30947', 2, '2021-04-22', '2021-04-22 14:33:34', '2021-04-22 14:33:34');
INSERT INTO `worker_node` VALUES (608, '10.16.13.201', '1619073219275-39095', 2, '2021-04-22', '2021-04-22 14:33:40', '2021-04-22 14:33:40');
INSERT INTO `worker_node` VALUES (609, '10.16.13.201', '1619093826922-51073', 2, '2021-04-22', '2021-04-22 20:17:07', '2021-04-22 20:17:07');
INSERT INTO `worker_node` VALUES (610, '172.17.0.2', '1619320764243-65313', 2, '2021-04-25', '2021-04-25 11:19:24', '2021-04-25 11:19:24');
INSERT INTO `worker_node` VALUES (611, '10.170.6.63', '1619599736025-17056', 2, '2021-04-28', '2021-04-28 16:48:56', '2021-04-28 16:48:56');
INSERT INTO `worker_node` VALUES (612, '10.170.51.119', '1619677763717-15124', 2, '2021-04-29', '2021-04-29 14:29:23', '2021-04-29 14:29:23');
INSERT INTO `worker_node` VALUES (613, '10.170.51.119', '1619678374725-56544', 2, '2021-04-29', '2021-04-29 14:39:34', '2021-04-29 14:39:34');
INSERT INTO `worker_node` VALUES (614, '10.170.43.131', '1619748462710-20515', 2, '2021-04-30', '2021-04-30 10:07:42', '2021-04-30 10:07:42');
INSERT INTO `worker_node` VALUES (615, '192.168.0.101', '1620288664476-78777', 2, '2021-05-06', '2021-05-06 16:11:04', '2021-05-06 16:11:04');
INSERT INTO `worker_node` VALUES (616, '172.17.0.2', '1620289802509-9174', 2, '2021-05-06', '2021-05-06 16:30:02', '2021-05-06 16:30:02');
INSERT INTO `worker_node` VALUES (617, '172.17.0.2', '1620290012550-35957', 2, '2021-05-06', '2021-05-06 16:33:32', '2021-05-06 16:33:32');
INSERT INTO `worker_node` VALUES (618, '192.168.18.36', '1620290526852-74270', 2, '2021-05-06', '2021-05-06 16:42:06', '2021-05-06 16:42:06');
INSERT INTO `worker_node` VALUES (619, '192.168.0.101', '1620290610917-15730', 2, '2021-05-06', '2021-05-06 16:43:31', '2021-05-06 16:43:31');
INSERT INTO `worker_node` VALUES (620, '172.17.0.6', '1620291083666-61009', 2, '2021-05-06', '2021-05-06 16:51:23', '2021-05-06 16:51:23');
INSERT INTO `worker_node` VALUES (621, '172.17.0.3', '1620302389430-34509', 2, '2021-05-06', '2021-05-06 19:59:49', '2021-05-06 19:59:49');
INSERT INTO `worker_node` VALUES (622, '192.168.18.220', '1620443068733-78278', 2, '2021-05-08', '2021-05-08 11:04:28', '2021-05-08 11:04:28');
INSERT INTO `worker_node` VALUES (623, '172.17.0.3', '1620530852185-2705', 2, '2021-05-09', '2021-05-09 11:27:32', '2021-05-09 11:27:32');
INSERT INTO `worker_node` VALUES (624, '192.168.1.118', '1620645770940-71052', 2, '2021-05-10', '2021-05-10 19:22:51', '2021-05-10 19:22:51');
INSERT INTO `worker_node` VALUES (625, '192.168.1.118', '1620655619119-215', 2, '2021-05-10', '2021-05-10 22:06:59', '2021-05-10 22:06:59');
INSERT INTO `worker_node` VALUES (626, '192.168.1.118', '1620655879106-76919', 2, '2021-05-10', '2021-05-10 22:11:19', '2021-05-10 22:11:19');
INSERT INTO `worker_node` VALUES (627, '192.168.1.122', '1620698956782-5162', 2, '2021-05-11', '2021-05-11 10:09:17', '2021-05-11 10:09:17');
INSERT INTO `worker_node` VALUES (628, '192.168.1.122', '1620717936962-97501', 2, '2021-05-11', '2021-05-11 15:25:37', '2021-05-11 15:25:37');
INSERT INTO `worker_node` VALUES (629, '192.168.1.122', '1620720072130-63805', 2, '2021-05-11', '2021-05-11 16:01:12', '2021-05-11 16:01:12');
INSERT INTO `worker_node` VALUES (630, '192.168.1.122', '1620720743367-72549', 2, '2021-05-11', '2021-05-11 16:12:23', '2021-05-11 16:12:23');
INSERT INTO `worker_node` VALUES (631, '192.168.1.122', '1620720911693-25363', 2, '2021-05-11', '2021-05-11 16:15:12', '2021-05-11 16:15:12');
INSERT INTO `worker_node` VALUES (632, '192.168.1.122', '1620721056980-59230', 2, '2021-05-11', '2021-05-11 16:17:37', '2021-05-11 16:17:37');
INSERT INTO `worker_node` VALUES (633, '192.168.1.122', '1620721410533-63229', 2, '2021-05-11', '2021-05-11 16:23:30', '2021-05-11 16:23:30');
INSERT INTO `worker_node` VALUES (634, '192.168.1.122', '1620721626407-32469', 2, '2021-05-11', '2021-05-11 16:27:06', '2021-05-11 16:27:06');
INSERT INTO `worker_node` VALUES (635, '192.168.1.122', '1620724130537-79632', 2, '2021-05-11', '2021-05-11 17:08:51', '2021-05-11 17:08:51');
INSERT INTO `worker_node` VALUES (636, '192.168.1.122', '1620741828807-47342', 2, '2021-05-11', '2021-05-11 22:03:49', '2021-05-11 22:03:49');
INSERT INTO `worker_node` VALUES (637, '192.168.1.122', '1620741858487-67539', 2, '2021-05-11', '2021-05-11 22:04:18', '2021-05-11 22:04:18');
INSERT INTO `worker_node` VALUES (638, '192.168.1.122', '1620804220188-32490', 2, '2021-05-12', '2021-05-12 15:23:40', '2021-05-12 15:23:40');
INSERT INTO `worker_node` VALUES (639, '192.168.1.122', '1620804914317-62154', 2, '2021-05-12', '2021-05-12 15:35:14', '2021-05-12 15:35:14');
INSERT INTO `worker_node` VALUES (640, '192.168.197.1', '1620806758770-19717', 2, '2021-05-12', '2021-05-12 16:05:58', '2021-05-12 16:05:58');
INSERT INTO `worker_node` VALUES (641, '192.168.1.122', '1620807016041-31793', 2, '2021-05-12', '2021-05-12 16:10:16', '2021-05-12 16:10:16');
INSERT INTO `worker_node` VALUES (642, '192.168.1.114', '1620807147752-67865', 2, '2021-05-12', '2021-05-12 16:12:27', '2021-05-12 16:12:27');
INSERT INTO `worker_node` VALUES (643, '192.168.197.1', '1620807268821-31901', 2, '2021-05-12', '2021-05-12 16:14:28', '2021-05-12 16:14:28');
INSERT INTO `worker_node` VALUES (644, '192.168.1.114', '1620807318572-83722', 2, '2021-05-12', '2021-05-12 16:15:18', '2021-05-12 16:15:18');
INSERT INTO `worker_node` VALUES (645, '192.168.1.114', '1620808972081-54189', 2, '2021-05-12', '2021-05-12 16:42:52', '2021-05-12 16:42:52');
INSERT INTO `worker_node` VALUES (646, '192.168.1.114', '1620809252127-12211', 2, '2021-05-12', '2021-05-12 16:47:32', '2021-05-12 16:47:32');
INSERT INTO `worker_node` VALUES (647, '172.17.0.5', '1620972803237-15662', 2, '2021-05-14', '2021-05-14 14:13:23', '2021-05-14 14:13:23');
INSERT INTO `worker_node` VALUES (648, '192.168.1.120', '1620979873867-41829', 2, '2021-05-14', '2021-05-14 16:11:14', '2021-05-14 16:11:14');
INSERT INTO `worker_node` VALUES (649, '192.168.1.120', '1620980583899-57366', 2, '2021-05-14', '2021-05-14 16:23:04', '2021-05-14 16:23:04');
INSERT INTO `worker_node` VALUES (650, '192.168.1.120', '1620980912430-57173', 2, '2021-05-14', '2021-05-14 16:28:32', '2021-05-14 16:28:32');
INSERT INTO `worker_node` VALUES (651, '192.168.1.120', '1620981188034-37101', 2, '2021-05-14', '2021-05-14 16:33:08', '2021-05-14 16:33:08');
INSERT INTO `worker_node` VALUES (652, '192.168.1.122', '1620983329659-47401', 2, '2021-05-14', '2021-05-14 17:08:49', '2021-05-14 17:08:49');
INSERT INTO `worker_node` VALUES (653, '192.168.1.120', '1621162297870-51109', 2, '2021-05-16', '2021-05-16 18:51:37', '2021-05-16 18:51:37');
INSERT INTO `worker_node` VALUES (654, '192.168.1.120', '1621164423434-21620', 2, '2021-05-16', '2021-05-16 19:27:03', '2021-05-16 19:27:03');
INSERT INTO `worker_node` VALUES (655, '172.17.0.5', '1621165590203-68239', 2, '2021-05-16', '2021-05-16 19:46:30', '2021-05-16 19:46:30');
INSERT INTO `worker_node` VALUES (656, '172.17.0.5', '1621166431530-59647', 2, '2021-05-16', '2021-05-16 20:00:31', '2021-05-16 20:00:31');
INSERT INTO `worker_node` VALUES (657, '192.168.1.125', '1621215248740-42842', 2, '2021-05-17', '2021-05-17 09:34:08', '2021-05-17 09:34:08');
INSERT INTO `worker_node` VALUES (658, '192.168.1.125', '1621215568689-6642', 2, '2021-05-17', '2021-05-17 09:39:28', '2021-05-17 09:39:28');
INSERT INTO `worker_node` VALUES (659, '172.17.0.3', '1621217512339-56594', 2, '2021-05-17', '2021-05-17 10:11:52', '2021-05-17 10:11:52');
INSERT INTO `worker_node` VALUES (660, '192.168.1.125', '1621221850680-72893', 2, '2021-05-17', '2021-05-17 11:24:10', '2021-05-17 11:24:10');
INSERT INTO `worker_node` VALUES (661, '240e:43d:620:17:89c9:dc54:e7b5:62cb%en0', '1621250728993-90528', 2, '2021-05-17', '2021-05-17 19:25:29', '2021-05-17 19:25:29');
INSERT INTO `worker_node` VALUES (662, '192.168.1.102', '1621299947196-91456', 2, '2021-05-18', '2021-05-18 09:05:47', '2021-05-18 09:05:47');
INSERT INTO `worker_node` VALUES (663, '192.168.1.121', '1621347559782-32315', 2, '2021-05-18', '2021-05-18 22:19:20', '2021-05-18 22:19:20');
INSERT INTO `worker_node` VALUES (664, '192.168.1.121', '1621347604952-29873', 2, '2021-05-18', '2021-05-18 22:20:05', '2021-05-18 22:20:05');
INSERT INTO `worker_node` VALUES (665, '192.168.0.101', '1621351000715-98520', 2, '2021-05-18', '2021-05-18 23:16:40', '2021-05-18 23:16:40');
INSERT INTO `worker_node` VALUES (666, '192.168.0.101', '1621351833115-3880', 2, '2021-05-18', '2021-05-18 23:30:33', '2021-05-18 23:30:33');
INSERT INTO `worker_node` VALUES (667, '192.168.0.101', '1621353022840-18396', 2, '2021-05-18', '2021-05-18 23:50:22', '2021-05-18 23:50:22');
INSERT INTO `worker_node` VALUES (668, '192.168.0.101', '1621353309304-3907', 2, '2021-05-18', '2021-05-18 23:55:09', '2021-05-18 23:55:09');
INSERT INTO `worker_node` VALUES (669, '192.168.0.101', '1621381447500-61036', 2, '2021-05-19', '2021-05-19 07:44:07', '2021-05-19 07:44:07');
INSERT INTO `worker_node` VALUES (670, '172.17.0.5', '1621382748870-25331', 2, '2021-05-19', '2021-05-19 08:05:48', '2021-05-19 08:05:48');
INSERT INTO `worker_node` VALUES (671, '192.168.16.50', '1621476562416-76662', 2, '2021-05-20', '2021-05-20 10:09:27', '2021-05-20 10:09:27');
INSERT INTO `worker_node` VALUES (672, '172.17.0.2', '1621480123424-74634', 2, '2021-05-20', '2021-05-20 11:08:43', '2021-05-20 11:08:43');
INSERT INTO `worker_node` VALUES (673, '172.17.0.3', '1621484233115-44630', 2, '2021-05-20', '2021-05-20 12:17:13', '2021-05-20 12:17:13');
INSERT INTO `worker_node` VALUES (674, '172.17.0.3', '1621484982558-47131', 2, '2021-05-20', '2021-05-20 12:29:42', '2021-05-20 12:29:42');
INSERT INTO `worker_node` VALUES (675, '172.17.0.2', '1621512732807-19141', 2, '2021-05-20', '2021-05-20 20:12:13', '2021-05-20 20:12:13');
INSERT INTO `worker_node` VALUES (676, '192.168.1.105', '1621562527331-52437', 2, '2021-05-21', '2021-05-21 10:02:07', '2021-05-21 10:02:07');
INSERT INTO `worker_node` VALUES (677, '192.168.1.105', '1621565894915-83601', 2, '2021-05-21', '2021-05-21 10:58:15', '2021-05-21 10:58:15');
INSERT INTO `worker_node` VALUES (678, '192.168.1.105', '1621568358553-84114', 2, '2021-05-21', '2021-05-21 11:39:18', '2021-05-21 11:39:18');
INSERT INTO `worker_node` VALUES (679, '192.168.1.105', '1621648009541-7425', 2, '2021-05-22', '2021-05-22 09:46:49', '2021-05-22 09:46:49');
INSERT INTO `worker_node` VALUES (680, '192.168.1.105', '1621649363271-11202', 2, '2021-05-22', '2021-05-22 10:09:23', '2021-05-22 10:09:23');
INSERT INTO `worker_node` VALUES (681, '172.17.0.4', '1621751139915-12950', 2, '2021-05-23', '2021-05-23 14:25:40', '2021-05-23 14:25:40');
INSERT INTO `worker_node` VALUES (682, '192.168.1.117', '1621827609041-52135', 2, '2021-05-24', '2021-05-24 11:40:09', '2021-05-24 11:40:09');
INSERT INTO `worker_node` VALUES (683, '192.168.1.117', '1621828311049-70234', 2, '2021-05-24', '2021-05-24 11:51:51', '2021-05-24 11:51:51');
INSERT INTO `worker_node` VALUES (684, '192.168.1.123', '1621828347936-39274', 2, '2021-05-24', '2021-05-24 11:52:28', '2021-05-24 11:52:28');
INSERT INTO `worker_node` VALUES (685, '192.168.1.117', '1621829508563-16965', 2, '2021-05-24', '2021-05-24 12:11:48', '2021-05-24 12:11:48');
INSERT INTO `worker_node` VALUES (686, '192.168.1.117', '1621829702855-72651', 2, '2021-05-24', '2021-05-24 12:15:02', '2021-05-24 12:15:02');
INSERT INTO `worker_node` VALUES (687, '172.17.0.2', '1621841280550-19677', 2, '2021-05-24', '2021-05-24 15:28:01', '2021-05-24 15:28:01');
INSERT INTO `worker_node` VALUES (688, '192.168.1.117', '1621841958131-81805', 2, '2021-05-24', '2021-05-24 15:39:18', '2021-05-24 15:39:18');
INSERT INTO `worker_node` VALUES (689, '172.17.0.2', '1621842649945-70090', 2, '2021-05-24', '2021-05-24 15:50:50', '2021-05-24 15:50:50');
INSERT INTO `worker_node` VALUES (690, '192.168.1.117', '1621842972877-76863', 2, '2021-05-24', '2021-05-24 15:56:12', '2021-05-24 15:56:12');
INSERT INTO `worker_node` VALUES (691, '192.168.1.117', '1621843061374-17856', 2, '2021-05-24', '2021-05-24 15:57:41', '2021-05-24 15:57:41');
INSERT INTO `worker_node` VALUES (692, '172.17.0.2', '1621843141037-17799', 2, '2021-05-24', '2021-05-24 15:59:00', '2021-05-24 15:59:00');
INSERT INTO `worker_node` VALUES (693, '172.17.0.4', '1621844847868-34686', 2, '2021-05-24', '2021-05-24 16:27:27', '2021-05-24 16:27:27');
INSERT INTO `worker_node` VALUES (694, '192.168.1.123', '1621909304740-8641', 2, '2021-05-25', '2021-05-25 10:21:44', '2021-05-25 10:21:44');
INSERT INTO `worker_node` VALUES (695, '192.168.1.123', '1621909716442-88030', 2, '2021-05-25', '2021-05-25 10:28:36', '2021-05-25 10:28:36');
INSERT INTO `worker_node` VALUES (696, '192.168.1.123', '1621910299522-93409', 2, '2021-05-25', '2021-05-25 10:38:19', '2021-05-25 10:38:19');
INSERT INTO `worker_node` VALUES (697, '192.168.1.123', '1621910949178-20817', 2, '2021-05-25', '2021-05-25 10:49:09', '2021-05-25 10:49:09');
INSERT INTO `worker_node` VALUES (698, '192.168.1.123', '1621911324388-32317', 2, '2021-05-25', '2021-05-25 10:55:24', '2021-05-25 10:55:24');
INSERT INTO `worker_node` VALUES (699, '192.168.1.123', '1621911500049-31486', 2, '2021-05-25', '2021-05-25 10:58:20', '2021-05-25 10:58:20');
INSERT INTO `worker_node` VALUES (700, '192.168.1.123', '1621911771323-45534', 2, '2021-05-25', '2021-05-25 11:02:51', '2021-05-25 11:02:51');
INSERT INTO `worker_node` VALUES (701, '192.168.1.105', '1621935149786-26683', 2, '2021-05-25', '2021-05-25 17:32:30', '2021-05-25 17:32:30');
INSERT INTO `worker_node` VALUES (702, '172.17.0.2', '1621979416367-43107', 2, '2021-05-26', '2021-05-26 05:50:16', '2021-05-26 05:50:16');
INSERT INTO `worker_node` VALUES (703, '192.168.10.101', '1621988880929-84309', 2, '2021-05-26', '2021-05-26 08:28:03', '2021-05-26 08:28:03');
INSERT INTO `worker_node` VALUES (704, '192.168.10.101', '1621989061235-730', 2, '2021-05-26', '2021-05-26 08:31:03', '2021-05-26 08:31:03');
INSERT INTO `worker_node` VALUES (705, '192.168.10.101', '1621990383890-59683', 2, '2021-05-26', '2021-05-26 08:53:06', '2021-05-26 08:53:06');
INSERT INTO `worker_node` VALUES (706, '192.168.10.101', '1621990587297-18331', 2, '2021-05-26', '2021-05-26 08:56:29', '2021-05-26 08:56:29');
INSERT INTO `worker_node` VALUES (707, '192.168.10.101', '1621990724093-19972', 2, '2021-05-26', '2021-05-26 08:58:46', '2021-05-26 08:58:46');
INSERT INTO `worker_node` VALUES (708, '192.168.10.101', '1621990929115-90268', 2, '2021-05-26', '2021-05-26 09:02:11', '2021-05-26 09:02:11');
INSERT INTO `worker_node` VALUES (709, '192.168.10.101', '1621991171904-52939', 2, '2021-05-26', '2021-05-26 09:06:14', '2021-05-26 09:06:14');
INSERT INTO `worker_node` VALUES (710, '192.168.10.101', '1621991944309-34140', 2, '2021-05-26', '2021-05-26 09:19:06', '2021-05-26 09:19:06');
INSERT INTO `worker_node` VALUES (711, '240e:43d:614:125:e970:2df7:f025:4ee4%en0', '1621992174651-37704', 2, '2021-05-26', '2021-05-26 09:22:55', '2021-05-26 09:22:55');
INSERT INTO `worker_node` VALUES (712, '192.168.10.101', '1621992229684-84702', 2, '2021-05-26', '2021-05-26 09:23:51', '2021-05-26 09:23:51');
INSERT INTO `worker_node` VALUES (713, '192.168.0.106', '1622010986133-8264', 2, '2021-05-26', '2021-05-26 14:36:26', '2021-05-26 14:36:26');
INSERT INTO `worker_node` VALUES (714, '192.168.0.110', '1622017063095-92622', 2, '2021-05-26', '2021-05-26 16:17:45', '2021-05-26 16:17:45');
INSERT INTO `worker_node` VALUES (715, '192.168.0.110', '1622017117689-69124', 2, '2021-05-26', '2021-05-26 16:18:40', '2021-05-26 16:18:40');
INSERT INTO `worker_node` VALUES (716, '192.168.0.114', '1622101002186-71797', 2, '2021-05-27', '2021-05-27 15:36:43', '2021-05-27 15:36:43');
INSERT INTO `worker_node` VALUES (717, '192.168.0.116', '1622101055608-38854', 2, '2021-05-27', '2021-05-27 15:37:35', '2021-05-27 15:37:35');
INSERT INTO `worker_node` VALUES (718, '172.17.0.3', '1622102183061-85255', 2, '2021-05-27', '2021-05-27 15:56:23', '2021-05-27 15:56:23');
INSERT INTO `worker_node` VALUES (719, '192.168.197.1', '1622105599787-73460', 2, '2021-05-27', '2021-05-27 16:53:20', '2021-05-27 16:53:20');
INSERT INTO `worker_node` VALUES (720, '192.168.197.1', '1622105893038-53902', 2, '2021-05-27', '2021-05-27 16:58:14', '2021-05-27 16:58:14');
INSERT INTO `worker_node` VALUES (721, '192.168.197.1', '1622106041797-67640', 2, '2021-05-27', '2021-05-27 17:00:42', '2021-05-27 17:00:42');
INSERT INTO `worker_node` VALUES (722, '192.168.197.1', '1622106161064-45388', 2, '2021-05-27', '2021-05-27 17:02:42', '2021-05-27 17:02:42');
INSERT INTO `worker_node` VALUES (723, '172.17.0.6', '1622111117589-19869', 2, '2021-05-27', '2021-05-27 18:25:17', '2021-05-27 18:25:17');
INSERT INTO `worker_node` VALUES (724, '192.168.0.116', '1622115363760-36357', 2, '2021-05-27', '2021-05-27 19:36:04', '2021-05-27 19:36:04');
INSERT INTO `worker_node` VALUES (725, '192.168.0.116', '1622121073163-64926', 2, '2021-05-27', '2021-05-27 21:11:13', '2021-05-27 21:11:13');
INSERT INTO `worker_node` VALUES (726, '192.168.0.116', '1622168667410-55283', 2, '2021-05-28', '2021-05-28 10:24:29', '2021-05-28 10:24:29');
INSERT INTO `worker_node` VALUES (727, '192.168.0.101', '1622168739291-86269', 2, '2021-05-28', '2021-05-28 10:25:39', '2021-05-28 10:25:39');
INSERT INTO `worker_node` VALUES (728, '192.168.0.101', '1622168923886-33904', 2, '2021-05-28', '2021-05-28 10:28:44', '2021-05-28 10:28:44');
INSERT INTO `worker_node` VALUES (729, '192.168.0.101', '1622169059325-53983', 2, '2021-05-28', '2021-05-28 10:30:59', '2021-05-28 10:30:59');
INSERT INTO `worker_node` VALUES (730, '192.168.0.101', '1622169178946-76807', 2, '2021-05-28', '2021-05-28 10:32:59', '2021-05-28 10:32:59');
INSERT INTO `worker_node` VALUES (731, '192.168.0.101', '1622169281860-39703', 2, '2021-05-28', '2021-05-28 10:34:41', '2021-05-28 10:34:41');
INSERT INTO `worker_node` VALUES (732, '192.168.0.101', '1622170149836-80209', 2, '2021-05-28', '2021-05-28 10:49:09', '2021-05-28 10:49:09');
INSERT INTO `worker_node` VALUES (733, '192.168.0.116', '1622171805953-56847', 2, '2021-05-28', '2021-05-28 11:16:48', '2021-05-28 11:16:48');
INSERT INTO `worker_node` VALUES (734, '192.168.0.116', '1622172739351-64925', 2, '2021-05-28', '2021-05-28 11:32:21', '2021-05-28 11:32:21');
INSERT INTO `worker_node` VALUES (735, '192.168.0.116', '1622172867778-2857', 2, '2021-05-28', '2021-05-28 11:34:30', '2021-05-28 11:34:30');
INSERT INTO `worker_node` VALUES (736, '192.168.0.116', '1622172944153-24212', 2, '2021-05-28', '2021-05-28 11:35:46', '2021-05-28 11:35:46');
INSERT INTO `worker_node` VALUES (737, '192.168.0.116', '1622173011778-18741', 2, '2021-05-28', '2021-05-28 11:36:54', '2021-05-28 11:36:54');
INSERT INTO `worker_node` VALUES (738, '192.168.0.116', '1622173199059-61166', 2, '2021-05-28', '2021-05-28 11:40:01', '2021-05-28 11:40:01');
INSERT INTO `worker_node` VALUES (739, '192.168.0.116', '1622174570435-58592', 2, '2021-05-28', '2021-05-28 12:02:52', '2021-05-28 12:02:52');
INSERT INTO `worker_node` VALUES (740, '192.168.0.116', '1622174653174-40800', 2, '2021-05-28', '2021-05-28 12:04:15', '2021-05-28 12:04:15');
INSERT INTO `worker_node` VALUES (741, '192.168.0.116', '1622174749693-62338', 2, '2021-05-28', '2021-05-28 12:05:51', '2021-05-28 12:05:51');
INSERT INTO `worker_node` VALUES (742, '192.168.0.116', '1622174784482-60808', 2, '2021-05-28', '2021-05-28 12:06:26', '2021-05-28 12:06:26');
INSERT INTO `worker_node` VALUES (743, '192.168.0.116', '1622175020449-17271', 2, '2021-05-28', '2021-05-28 12:10:22', '2021-05-28 12:10:22');
INSERT INTO `worker_node` VALUES (744, '192.168.0.116', '1622186580814-77436', 2, '2021-05-28', '2021-05-28 15:23:03', '2021-05-28 15:23:03');
INSERT INTO `worker_node` VALUES (745, '192.168.10.101', '1622281312753-92718', 2, '2021-05-29', '2021-05-29 17:41:52', '2021-05-29 17:41:52');
INSERT INTO `worker_node` VALUES (746, '192.168.197.1', '1622461162323-53658', 2, '2021-05-31', '2021-05-31 19:39:23', '2021-05-31 19:39:23');
INSERT INTO `worker_node` VALUES (747, '192.168.197.1', '1622466401655-9218', 2, '2021-05-31', '2021-05-31 21:06:42', '2021-05-31 21:06:42');
INSERT INTO `worker_node` VALUES (748, '192.168.1.101', '1622515783640-60595', 2, '2021-06-01', '2021-06-01 10:49:44', '2021-06-01 10:49:44');
INSERT INTO `worker_node` VALUES (749, '192.168.1.101', '1622515816995-13358', 2, '2021-06-01', '2021-06-01 10:50:17', '2021-06-01 10:50:17');
INSERT INTO `worker_node` VALUES (750, '192.168.1.102', '1622517039324-63631', 2, '2021-06-01', '2021-06-01 11:10:39', '2021-06-01 11:10:39');
INSERT INTO `worker_node` VALUES (751, '192.168.242.1', '1622519173854-50647', 2, '2021-06-01', '2021-06-01 11:46:09', '2021-06-01 11:46:09');
INSERT INTO `worker_node` VALUES (752, '192.168.242.1', '1622519389841-68906', 2, '2021-06-01', '2021-06-01 11:49:45', '2021-06-01 11:49:45');
INSERT INTO `worker_node` VALUES (753, '192.168.242.1', '1622519487523-12088', 2, '2021-06-01', '2021-06-01 11:51:23', '2021-06-01 11:51:23');
INSERT INTO `worker_node` VALUES (754, '192.168.242.1', '1622519624061-7003', 2, '2021-06-01', '2021-06-01 11:53:39', '2021-06-01 11:53:39');
INSERT INTO `worker_node` VALUES (755, '192.168.1.101', '1622533278685-7966', 2, '2021-06-01', '2021-06-01 15:41:19', '2021-06-01 15:41:19');
INSERT INTO `worker_node` VALUES (756, '192.168.1.101', '1622533684540-55728', 2, '2021-06-01', '2021-06-01 15:48:05', '2021-06-01 15:48:05');
INSERT INTO `worker_node` VALUES (757, '192.168.0.102', '1622536006928-61985', 2, '2021-06-01', '2021-06-01 16:26:47', '2021-06-01 16:26:47');
INSERT INTO `worker_node` VALUES (758, '192.168.0.101', '1622537727328-82012', 2, '2021-06-01', '2021-06-01 16:55:27', '2021-06-01 16:55:27');
INSERT INTO `worker_node` VALUES (759, '192.168.0.101', '1622537769706-17859', 2, '2021-06-01', '2021-06-01 16:56:09', '2021-06-01 16:56:09');
INSERT INTO `worker_node` VALUES (760, '192.168.1.101', '1622548685757-42676', 2, '2021-06-01', '2021-06-01 19:58:06', '2021-06-01 19:58:06');
INSERT INTO `worker_node` VALUES (761, '192.168.197.1', '1622557962948-97481', 2, '2021-06-01', '2021-06-01 22:32:42', '2021-06-01 22:32:42');
INSERT INTO `worker_node` VALUES (762, '192.168.197.1', '1622558276856-6000', 2, '2021-06-01', '2021-06-01 22:37:56', '2021-06-01 22:37:56');
INSERT INTO `worker_node` VALUES (763, '192.168.197.1', '1622558888365-53088', 2, '2021-06-01', '2021-06-01 22:48:08', '2021-06-01 22:48:08');
INSERT INTO `worker_node` VALUES (764, '192.168.197.1', '1622559256139-14691', 2, '2021-06-01', '2021-06-01 22:54:16', '2021-06-01 22:54:16');
INSERT INTO `worker_node` VALUES (765, '192.168.197.1', '1622597053686-46431', 2, '2021-06-02', '2021-06-02 09:24:15', '2021-06-02 09:24:15');
INSERT INTO `worker_node` VALUES (766, '192.168.197.1', '1622597168430-83081', 2, '2021-06-02', '2021-06-02 09:26:09', '2021-06-02 09:26:09');
INSERT INTO `worker_node` VALUES (767, '192.168.197.1', '1622597681919-9765', 2, '2021-06-02', '2021-06-02 09:34:43', '2021-06-02 09:34:43');
INSERT INTO `worker_node` VALUES (768, '192.168.0.101', '1622600969079-18824', 2, '2021-06-02', '2021-06-02 10:29:29', '2021-06-02 10:29:29');
INSERT INTO `worker_node` VALUES (769, '192.168.197.1', '1622602368448-73622', 2, '2021-06-02', '2021-06-02 10:52:49', '2021-06-02 10:52:49');
INSERT INTO `worker_node` VALUES (770, '192.168.197.1', '1622602415185-63406', 2, '2021-06-02', '2021-06-02 10:53:36', '2021-06-02 10:53:36');
INSERT INTO `worker_node` VALUES (771, '192.168.197.1', '1622611412477-82661', 2, '2021-06-02', '2021-06-02 13:23:32', '2021-06-02 13:23:32');
INSERT INTO `worker_node` VALUES (772, '192.168.197.1', '1622611457698-22939', 2, '2021-06-02', '2021-06-02 13:24:17', '2021-06-02 13:24:17');
INSERT INTO `worker_node` VALUES (773, '192.168.197.1', '1622611680368-27469', 2, '2021-06-02', '2021-06-02 13:28:00', '2021-06-02 13:28:00');
INSERT INTO `worker_node` VALUES (774, '192.168.197.1', '1622612214783-79724', 2, '2021-06-02', '2021-06-02 13:36:55', '2021-06-02 13:36:55');
INSERT INTO `worker_node` VALUES (775, '10.32.39.95', '1622612590112-90433', 2, '2021-06-02', '2021-06-02 13:43:10', '2021-06-02 13:43:10');
INSERT INTO `worker_node` VALUES (776, '10.32.39.95', '1622612963380-85136', 2, '2021-06-02', '2021-06-02 13:49:23', '2021-06-02 13:49:23');
INSERT INTO `worker_node` VALUES (777, '10.32.39.95', '1622613181064-89394', 2, '2021-06-02', '2021-06-02 13:53:01', '2021-06-02 13:53:01');
INSERT INTO `worker_node` VALUES (778, '192.168.1.101', '1622616626636-41395', 2, '2021-06-02', '2021-06-02 14:50:26', '2021-06-02 14:50:26');
INSERT INTO `worker_node` VALUES (779, '192.168.1.101', '1622616798115-3282', 2, '2021-06-02', '2021-06-02 14:53:18', '2021-06-02 14:53:18');
INSERT INTO `worker_node` VALUES (780, '192.168.1.101', '1622617813366-95166', 2, '2021-06-02', '2021-06-02 15:10:13', '2021-06-02 15:10:13');
INSERT INTO `worker_node` VALUES (781, '192.168.1.101', '1622621037051-70367', 2, '2021-06-02', '2021-06-02 16:03:57', '2021-06-02 16:03:57');
INSERT INTO `worker_node` VALUES (782, '192.168.0.102', '1622622899705-6729', 2, '2021-06-02', '2021-06-02 16:35:00', '2021-06-02 16:35:00');
INSERT INTO `worker_node` VALUES (783, '192.168.0.102', '1622623256848-92956', 2, '2021-06-02', '2021-06-02 16:40:57', '2021-06-02 16:40:57');
INSERT INTO `worker_node` VALUES (784, '192.168.0.102', '1622627126673-67265', 2, '2021-06-02', '2021-06-02 17:45:26', '2021-06-02 17:45:26');
INSERT INTO `worker_node` VALUES (785, '192.168.0.102', '1622633550750-28389', 2, '2021-06-02', '2021-06-02 19:32:31', '2021-06-02 19:32:31');
INSERT INTO `worker_node` VALUES (786, '192.168.0.102', '1622633620853-64711', 2, '2021-06-02', '2021-06-02 19:33:41', '2021-06-02 19:33:41');
INSERT INTO `worker_node` VALUES (787, '192.168.0.102', '1622633764368-71289', 2, '2021-06-02', '2021-06-02 19:36:04', '2021-06-02 19:36:04');
INSERT INTO `worker_node` VALUES (788, '192.168.0.102', '1622634512868-29968', 2, '2021-06-02', '2021-06-02 19:48:33', '2021-06-02 19:48:33');
INSERT INTO `worker_node` VALUES (789, '192.168.0.102', '1622634814214-69783', 2, '2021-06-02', '2021-06-02 19:53:34', '2021-06-02 19:53:34');
INSERT INTO `worker_node` VALUES (790, '192.168.0.102', '1622691366235-57914', 2, '2021-06-03', '2021-06-03 11:36:06', '2021-06-03 11:36:06');
INSERT INTO `worker_node` VALUES (791, '2001:250:1006:dff0:0:0:2:e357', '1622774608120-19607', 2, '2021-06-04', '2021-06-04 10:43:27', '2021-06-04 10:43:27');
INSERT INTO `worker_node` VALUES (792, '10.32.39.95', '1622799072325-94186', 2, '2021-06-04', '2021-06-04 17:31:11', '2021-06-04 17:31:11');
INSERT INTO `worker_node` VALUES (793, '10.32.39.95', '1622799218521-84897', 2, '2021-06-04', '2021-06-04 17:33:37', '2021-06-04 17:33:37');
INSERT INTO `worker_node` VALUES (794, '10.32.39.95', '1622799359586-749', 2, '2021-06-04', '2021-06-04 17:35:58', '2021-06-04 17:35:58');
INSERT INTO `worker_node` VALUES (795, '10.32.39.95', '1622799390780-65371', 2, '2021-06-04', '2021-06-04 17:36:30', '2021-06-04 17:36:30');
INSERT INTO `worker_node` VALUES (796, '10.32.39.95', '1622799435279-30531', 2, '2021-06-04', '2021-06-04 17:37:14', '2021-06-04 17:37:14');
INSERT INTO `worker_node` VALUES (797, '10.32.39.95', '1622799545710-38015', 2, '2021-06-04', '2021-06-04 17:39:04', '2021-06-04 17:39:04');
INSERT INTO `worker_node` VALUES (798, '192.168.137.1', '1622963135525-2939', 2, '2021-06-06', '2021-06-06 15:05:36', '2021-06-06 15:05:36');
INSERT INTO `worker_node` VALUES (799, '192.168.137.1', '1622964308349-53407', 2, '2021-06-06', '2021-06-06 15:25:09', '2021-06-06 15:25:09');
INSERT INTO `worker_node` VALUES (800, '192.168.137.1', '1622964584458-4008', 2, '2021-06-06', '2021-06-06 15:29:45', '2021-06-06 15:29:45');
INSERT INTO `worker_node` VALUES (801, '192.168.137.1', '1622964758128-31652', 2, '2021-06-06', '2021-06-06 15:32:39', '2021-06-06 15:32:39');
INSERT INTO `worker_node` VALUES (802, '10.32.39.95', '1622966953772-55530', 2, '2021-06-06', '2021-06-06 16:09:12', '2021-06-06 16:09:12');
INSERT INTO `worker_node` VALUES (803, '10.32.39.95', '1622967213256-33776', 2, '2021-06-06', '2021-06-06 16:13:32', '2021-06-06 16:13:32');
INSERT INTO `worker_node` VALUES (804, '192.168.197.1', '1622979008614-38301', 2, '2021-06-06', '2021-06-06 19:30:09', '2021-06-06 19:30:09');
INSERT INTO `worker_node` VALUES (805, '192.168.197.1', '1622979528050-30931', 2, '2021-06-06', '2021-06-06 19:38:49', '2021-06-06 19:38:49');
INSERT INTO `worker_node` VALUES (806, '192.168.197.1', '1622979862961-93290', 2, '2021-06-06', '2021-06-06 19:44:24', '2021-06-06 19:44:24');
INSERT INTO `worker_node` VALUES (807, '192.168.197.1', '1622980351894-28030', 2, '2021-06-06', '2021-06-06 19:52:33', '2021-06-06 19:52:33');
INSERT INTO `worker_node` VALUES (808, '192.168.197.1', '1622981549742-41411', 2, '2021-06-06', '2021-06-06 20:12:31', '2021-06-06 20:12:31');
INSERT INTO `worker_node` VALUES (809, '192.168.197.1', '1622981832407-20004', 2, '2021-06-06', '2021-06-06 20:17:13', '2021-06-06 20:17:13');
INSERT INTO `worker_node` VALUES (810, '192.168.197.1', '1622982565783-23070', 2, '2021-06-06', '2021-06-06 20:29:26', '2021-06-06 20:29:26');
INSERT INTO `worker_node` VALUES (811, '192.168.197.1', '1622982713085-29246', 2, '2021-06-06', '2021-06-06 20:31:54', '2021-06-06 20:31:54');
INSERT INTO `worker_node` VALUES (812, '192.168.197.1', '1622983033467-82834', 2, '2021-06-06', '2021-06-06 20:37:14', '2021-06-06 20:37:14');
INSERT INTO `worker_node` VALUES (813, '10.170.37.108', '1623033601938-13268', 2, '2021-06-07', '2021-06-07 10:40:02', '2021-06-07 10:40:02');
INSERT INTO `worker_node` VALUES (814, '192.168.197.1', '1623052776045-43703', 2, '2021-06-07', '2021-06-07 15:59:37', '2021-06-07 15:59:37');
INSERT INTO `worker_node` VALUES (815, '2001:250:1006:dff0:0:0:0:225e', '1623136768299-49472', 2, '2021-06-08', '2021-06-08 15:19:28', '2021-06-08 15:19:28');
INSERT INTO `worker_node` VALUES (816, '2001:250:1006:dff0:0:0:0:225e', '1623140204724-85170', 2, '2021-06-08', '2021-06-08 16:16:44', '2021-06-08 16:16:44');
INSERT INTO `worker_node` VALUES (817, '192.168.197.1', '1623145381836-5188', 2, '2021-06-08', '2021-06-08 17:43:02', '2021-06-08 17:43:02');
INSERT INTO `worker_node` VALUES (818, '172.18.0.4', '1623221643116-62494', 2, '2021-06-09', '2021-06-09 14:54:03', '2021-06-09 14:54:03');
INSERT INTO `worker_node` VALUES (819, '172.18.0.4', '1623221893439-47026', 2, '2021-06-09', '2021-06-09 14:58:13', '2021-06-09 14:58:13');
INSERT INTO `worker_node` VALUES (820, '172.18.0.4', '1623222017563-90077', 2, '2021-06-09', '2021-06-09 15:00:17', '2021-06-09 15:00:17');
INSERT INTO `worker_node` VALUES (821, '172.18.0.4', '1623290385816-26753', 2, '2021-06-10', '2021-06-10 09:59:45', '2021-06-10 09:59:45');
COMMIT;

SET FOREIGN_KEY_CHECKS = 1;
