-- MySQL dump 10.13  Distrib 8.0.21, for macos10.15 (x86_64)
--
-- Host: localhost    Database: iotdata_tmp
-- ------------------------------------------------------
-- Server version	8.0.21

/*!40101 SET @OLD_CHARACTER_SET_CLIENT=@@CHARACTER_SET_CLIENT */;
/*!40101 SET @OLD_CHARACTER_SET_RESULTS=@@CHARACTER_SET_RESULTS */;
/*!40101 SET @OLD_COLLATION_CONNECTION=@@COLLATION_CONNECTION */;
/*!50503 SET NAMES utf8mb4 */;
/*!40103 SET @OLD_TIME_ZONE=@@TIME_ZONE */;
/*!40103 SET TIME_ZONE='+00:00' */;
/*!40014 SET @OLD_UNIQUE_CHECKS=@@UNIQUE_CHECKS, UNIQUE_CHECKS=0 */;
/*!40014 SET @OLD_FOREIGN_KEY_CHECKS=@@FOREIGN_KEY_CHECKS, FOREIGN_KEY_CHECKS=0 */;
/*!40101 SET @OLD_SQL_MODE=@@SQL_MODE, SQL_MODE='NO_AUTO_VALUE_ON_ZERO' */;
/*!40111 SET @OLD_SQL_NOTES=@@SQL_NOTES, SQL_NOTES=0 */;

--
-- Table structure for table `node`
--

DROP TABLE IF EXISTS `node`;
/*!40101 SET @saved_cs_client     = @@character_set_client */;
/*!50503 SET character_set_client = utf8mb4 */;
CREATE TABLE `node` (
  `node_id` bigint NOT NULL COMMENT '节点ID',
  `scene_id` bigint NOT NULL COMMENT '场景ID，一个节点对应一个场景，一个场景可包含多个节点',
  `scene_sn` char(20) NOT NULL COMMENT '网关SN',
  `node_name` varchar(40) NOT NULL COMMENT '节点名称',
  `node_desc` varchar(200) DEFAULT NULL COMMENT '描述',
  `node_sn` varchar(255) NOT NULL COMMENT '节点物理节点号',
  `create_time` datetime NOT NULL COMMENT '创建时间',
  PRIMARY KEY (`node_id`),
  KEY `scene_id` (`scene_id`)
) ENGINE=InnoDB DEFAULT CHARSET=utf8 COMMENT='节点表，一个场景下有多个节点。逻辑上可看作一个数据单元；物理上可看作数据采集设备，比如采集卡';
/*!40101 SET character_set_client = @saved_cs_client */;

--
-- Dumping data for table `node`
--

LOCK TABLES `node` WRITE;
/*!40000 ALTER TABLE `node` DISABLE KEYS */;
INSERT INTO `node` VALUES (105224370879725754,105224370879725596,'186610102211100356','设备温湿度',NULL,'RD001','2020-11-17 15:18:33'),(105224370879725755,105224370879725610,'186610102211100396','模拟量采集卡(电压电流)',NULL,'MN001','2020-11-17 15:18:50'),(105224370879725756,105224370879725610,'186610102211100396','热电偶采集卡(监测温度用)',NULL,'RD001','2020-11-17 15:18:50'),(105224370879725757,105224370879725610,'186610102211100396','压力变送器(压强)',NULL,'YL001','2020-11-17 15:18:50'),(105224370879725758,105224370879725687,'186610102211100478','模拟量采集卡(电压电流)',NULL,'MN001','2020-11-17 15:18:50'),(105224370879725759,105224370879725687,'186610102211100478','热电偶采集卡(监测温度用)',NULL,'RD001','2020-11-17 15:18:50'),(105224370879725760,105224370879725687,'186610102211100478','压力变送器(压强)',NULL,'YL001','2020-11-17 15:18:50'),(105224370879725761,105224370879725704,'186610102211100500','温湿度采集卡',NULL,'WS001','2020-11-17 15:18:50'),(105224370879725762,105224370879725704,'186610102211100500','模拟量采集卡(电压电流)',NULL,'MN001','2020-11-17 15:18:50'),(105224370879725763,105224370879725704,'186610102211100500','热电偶采集卡(监测温度用)',NULL,'RD001','2020-11-17 15:18:50'),(105224370879725764,105224370879725704,'186610102211100500','压力变送器(压强)',NULL,'YL001','2020-11-17 15:18:50'),(105224370879725765,105224370879725705,'186610102211100501','温湿度采集卡',NULL,'WS001','2020-11-17 15:18:50'),(105224370879725766,105224370879725705,'186610102211100501','模拟量采集卡(电压电流)',NULL,'MN001','2020-11-17 15:18:50'),(105224370879725767,105224370879725705,'186610102211100501','热电偶采集卡(监测温度用)',NULL,'RD001','2020-11-17 15:18:50'),(105224370879725768,105224370879725705,'186610102211100501','压力变送器(压强)',NULL,'YL001','2020-11-17 15:18:50'),(105224370879725769,105224370879725706,'186610102211100502','温湿度采集卡',NULL,'WS001','2020-11-17 15:18:50'),(105224370879725770,105224370879725706,'186610102211100502','模拟量采集卡(电压电流)',NULL,'MN001','2020-11-17 15:18:50'),(105224370879725771,105224370879725706,'186610102211100502','热电偶采集卡(监测温度用)',NULL,'RD001','2020-11-17 15:18:50'),(105224370879725772,105224370879725706,'186610102211100502','压力变送器(压强)',NULL,'YL001','2020-11-17 15:18:50'),(105224370879725773,105224370879725707,'186610102211100503','温湿度采集卡',NULL,'WS001','2020-11-17 15:18:50'),(105224370879725774,105224370879725707,'186610102211100503','模拟量采集卡(电压电流)',NULL,'MN001','2020-11-17 15:18:50'),(105224370879725775,105224370879725707,'186610102211100503','热电偶采集卡(监测温度用)',NULL,'RD001','2020-11-17 15:18:50'),(105224370879725776,105224370879725707,'186610102211100503','压力变送器(压强)',NULL,'YL001','2020-11-17 15:18:50'),(105224370879725777,105224370879725708,'186610102211100504','温湿度采集卡',NULL,'WS001','2020-11-17 15:18:50'),(105224370879725778,105224370879725708,'186610102211100504','模拟量采集卡(电压电流)',NULL,'MN001','2020-11-17 15:18:50'),(105224370879725779,105224370879725708,'186610102211100504','热电偶采集卡(监测温度用)',NULL,'RD001','2020-11-17 15:18:50'),(105224370879725780,105224370879725708,'186610102211100504','压力变送器(压强)',NULL,'YL001','2020-11-17 15:18:50'),(105224370879725781,105224370879725709,'186610102211100505','温湿度采集卡',NULL,'WS001','2020-11-17 15:18:50'),(105224370879725782,105224370879725709,'186610102211100505','模拟量采集卡(电压电流)',NULL,'MN001','2020-11-17 15:18:50'),(105224370879725783,105224370879725709,'186610102211100505','热电偶采集卡(监测温度用)',NULL,'RD001','2020-11-17 15:18:50'),(105224370879725784,105224370879725709,'186610102211100505','压力变送器(压强)',NULL,'YL001','2020-11-17 15:18:50'),(105224370879725785,105224370879725710,'186610102211100506','温湿度采集卡',NULL,'WS001','2020-11-17 15:18:50'),(105224370879725786,105224370879725710,'186610102211100506','模拟量采集卡(电压电流)',NULL,'MN001','2020-11-17 15:18:50'),(105224370879725787,105224370879725710,'186610102211100506','热电偶采集卡(监测温度用)',NULL,'RD001','2020-11-17 15:18:50'),(105224370879725788,105224370879725710,'186610102211100506','压力变送器(压强)',NULL,'YL001','2020-11-17 15:18:50'),(105224370879725789,105224370879725711,'186610102211100507','温湿度采集卡',NULL,'WS001','2020-11-17 15:18:50'),(105224370879725790,105224370879725711,'186610102211100507','模拟量采集卡(电压电流)',NULL,'MN001','2020-11-17 15:18:50'),(105224370879725791,105224370879725711,'186610102211100507','热电偶采集卡(监测温度用)',NULL,'RD001','2020-11-17 15:18:50'),(105224370879725792,105224370879725711,'186610102211100507','压力变送器(压强)',NULL,'YL001','2020-11-17 15:18:50'),(105224370879725793,105224370879725712,'186610102211100508','温湿度采集卡',NULL,'WS001','2020-11-17 15:18:50'),(105224370879725794,105224370879725712,'186610102211100508','模拟量采集卡(电压电流)',NULL,'MN001','2020-11-17 15:18:50'),(105224370879725795,105224370879725712,'186610102211100508','热电偶采集卡(监测温度用)',NULL,'RD001','2020-11-17 15:18:50'),(105224370879725796,105224370879725712,'186610102211100508','压力变送器(压强)',NULL,'YL001','2020-11-17 15:18:50'),(105224370879725797,105224370879725713,'186610102211100509','温湿度采集卡',NULL,'WS001','2020-11-17 15:18:50'),(105224370879725798,105224370879725713,'186610102211100509','模拟量采集卡(电压电流)',NULL,'MN001','2020-11-17 15:18:50'),(105224370879725799,105224370879725713,'186610102211100509','热电偶采集卡(监测温度用)',NULL,'RD001','2020-11-17 15:18:50'),(105224370879725800,105224370879725713,'186610102211100509','压力变送器(压强)',NULL,'YL001','2020-11-17 15:18:50'),(105224370879725801,105224370879725714,'186610102211100510','温湿度采集卡',NULL,'WS001','2020-11-17 15:18:50'),(105224370879725802,105224370879725714,'186610102211100510','模拟量采集卡(电压电流)',NULL,'MN001','2020-11-17 15:18:50'),(105224370879725803,105224370879725714,'186610102211100510','热电偶采集卡(监测温度用)',NULL,'RD001','2020-11-17 15:18:50'),(105224370879725804,105224370879725714,'186610102211100510','压力变送器(压强)',NULL,'YL001','2020-11-17 15:18:50'),(105224370879725805,105224370879725715,'186610102211100511','温湿度采集卡',NULL,'WS001','2020-11-17 15:18:50'),(105224370879725806,105224370879725715,'186610102211100511','模拟量采集卡(电压电流)',NULL,'MN001','2020-11-17 15:18:50'),(105224370879725807,105224370879725715,'186610102211100511','热电偶采集卡(监测温度用)',NULL,'RD001','2020-11-17 15:18:50'),(105224370879725808,105224370879725715,'186610102211100511','压力变送器(压强)',NULL,'YL001','2020-11-17 15:18:50'),(105224370879725809,105224370879725716,'186610102211100512','温湿度采集卡',NULL,'WS001','2020-11-17 15:18:51'),(105224370879725810,105224370879725716,'186610102211100512','模拟量采集卡(电压电流)',NULL,'MN001','2020-11-17 15:18:51'),(105224370879725811,105224370879725716,'186610102211100512','热电偶采集卡(监测温度用)',NULL,'RD001','2020-11-17 15:18:51'),(105224370879725812,105224370879725716,'186610102211100512','压力变送器(压强)',NULL,'YL001','2020-11-17 15:18:51'),(105224370879725813,105224370879725717,'186610102211100513','模拟量采集卡(电压电流)',NULL,'MN001','2020-11-17 15:18:51'),(105224370879725814,105224370879725717,'186610102211100513','热电偶采集卡(监测温度用)',NULL,'RD001','2020-11-17 15:18:51'),(105224370879725815,105224370879725717,'186610102211100513','压力变送器(压强)',NULL,'YL001','2020-11-17 15:18:51'),(105224370879725816,105224370879725718,'186610102211100514','温湿度采集卡',NULL,'WS001','2020-11-17 15:18:51'),(105224370879725817,105224370879725718,'186610102211100514','模拟量采集卡(电压电流)',NULL,'MN001','2020-11-17 15:18:51'),(105224370879725818,105224370879725718,'186610102211100514','热电偶采集卡(监测温度用)',NULL,'RD001','2020-11-17 15:18:51'),(105224370879725819,105224370879725718,'186610102211100514','压力变送器(压强)',NULL,'YL001','2020-11-17 15:18:51'),(105224370879725820,105224370879725719,'186610102211100515','温湿度采集卡',NULL,'WS001','2020-11-17 15:18:51'),(105224370879725821,105224370879725719,'186610102211100515','模拟量采集卡(电压电流)',NULL,'MN001','2020-11-17 15:18:51'),(105224370879725822,105224370879725719,'186610102211100515','热电偶采集卡(监测温度用)',NULL,'RD001','2020-11-17 15:18:51'),(105224370879725823,105224370879725719,'186610102211100515','压力变送器(压强)',NULL,'YL001','2020-11-17 15:18:51'),(105224370879725824,105224370879725720,'186610102211100518','温湿度采集卡',NULL,'WS001','2020-11-17 15:18:51'),(105224370879725825,105224370879725720,'186610102211100518','模拟量采集卡(电压电流)',NULL,'MN001','2020-11-17 15:18:51'),(105224370879725826,105224370879725720,'186610102211100518','热电偶采集卡(监测温度用)',NULL,'RD001','2020-11-17 15:18:51'),(105224370879725827,105224370879725720,'186610102211100518','压力变送器(压强)',NULL,'YL001','2020-11-17 15:18:51'),(105224370879725828,105224370879725721,'186610102211100519','温湿度采集卡',NULL,'WS001','2020-11-17 15:18:51'),(105224370879725829,105224370879725721,'186610102211100519','模拟量采集卡(电压电流)',NULL,'MN001','2020-11-17 15:18:51'),(105224370879725830,105224370879725721,'186610102211100519','热电偶采集卡(监测温度用)',NULL,'RD001','2020-11-17 15:18:51'),(105224370879725831,105224370879725721,'186610102211100519','压力变送器(压强)',NULL,'YL001','2020-11-17 15:18:51'),(105224370879725832,105224370879725722,'186610102211100520','模拟量采集卡(电压电流)',NULL,'MN001','2020-11-17 15:18:51'),(105224370879725833,105224370879725722,'186610102211100520','热电偶采集卡(监测温度用)',NULL,'RD001','2020-11-17 15:18:51'),(105224370879725834,105224370879725722,'186610102211100520','压力变送器(压强)',NULL,'YL001','2020-11-17 15:18:51'),(105224370879725835,105224370879725723,'186610102211100521','温湿度采集卡',NULL,'WS001','2020-11-17 15:18:51'),(105224370879725836,105224370879725723,'186610102211100521','模拟量采集卡(电压电流)',NULL,'MN001','2020-11-17 15:18:51'),(105224370879725837,105224370879725723,'186610102211100521','热电偶采集卡(监测温度用)',NULL,'RD001','2020-11-17 15:18:51'),(105224370879725838,105224370879725723,'186610102211100521','压力变送器(压强)',NULL,'YL001','2020-11-17 15:18:51'),(105224370879725839,105224370879725724,'186610102211100522','温湿度采集卡',NULL,'WS001','2020-11-17 15:18:51'),(105224370879725840,105224370879725724,'186610102211100522','模拟量采集卡(电压电流)',NULL,'MN001','2020-11-17 15:18:51'),(105224370879725841,105224370879725724,'186610102211100522','热电偶采集卡(监测温度用)',NULL,'RD001','2020-11-17 15:18:51'),(105224370879725842,105224370879725724,'186610102211100522','压力变送器(压强)',NULL,'YL001','2020-11-17 15:18:51'),(105224370879725843,105224370879725725,'186610102211100523','模拟量采集卡(电压电流)',NULL,'MN001','2020-11-17 15:18:51'),(105224370879725844,105224370879725725,'186610102211100523','热电偶采集卡(监测温度用)',NULL,'RD001','2020-11-17 15:18:51'),(105224370879725845,105224370879725725,'186610102211100523','压力变送器(压强)',NULL,'YL001','2020-11-17 15:18:51'),(105224370879725846,105224370879725726,'186610102211100537','温湿度采集卡',NULL,'WS001','2020-11-17 15:18:51'),(105224370879725847,105224370879725726,'186610102211100537','模拟量采集卡(电压电流)',NULL,'MN001','2020-11-17 15:18:51'),(105224370879725848,105224370879725726,'186610102211100537','热电偶采集卡(监测温度用)',NULL,'RD001','2020-11-17 15:18:51'),(105224370879725849,105224370879725726,'186610102211100537','压力变送器(压强)',NULL,'YL001','2020-11-17 15:18:51'),(105224370879725850,105224370879725727,'186610102211100538','温湿度采集卡',NULL,'WS001','2020-11-17 15:18:51'),(105224370879725851,105224370879725727,'186610102211100538','模拟量采集卡(电压电流)',NULL,'MN001','2020-11-17 15:18:51'),(105224370879725852,105224370879725727,'186610102211100538','热电偶采集卡(监测温度用)',NULL,'RD001','2020-11-17 15:18:51'),(105224370879725853,105224370879725727,'186610102211100538','压力变送器(压强)',NULL,'YL001','2020-11-17 15:18:51'),(105224370879725854,105224370879725728,'186610102211000332','模拟量采集卡(电压电流)',NULL,'MN001','2020-11-17 15:18:51'),(105224370879725855,105224370879725728,'186610102211000332','热电偶采集卡(监测温度用)',NULL,'RD001','2020-11-17 15:18:51'),(105224370879725856,105224370879725728,'186610102211000332','压力变送器(压强)',NULL,'YL001','2020-11-17 15:18:51'),(105224370879725857,105224370879725729,'186610102211100544','模拟量采集卡(电压电流)',NULL,'MN001','2020-11-17 15:18:51'),(105224370879725858,105224370879725729,'186610102211100544','eee',NULL,'ZE001','2020-11-17 15:18:51'),(105224370879725859,105224370879725730,'186610102211100546','设备温度',NULL,'RD001','2020-11-17 15:18:51'),(105224370879725860,105224370879725731,'186610102211100549','温湿度采集卡',NULL,'WS001','2020-11-17 15:18:51'),(105224370879725861,105224370879725731,'186610102211100549','热电偶采集卡(监测温度用)',NULL,'RD001','2020-11-17 15:18:51'),(105224370879725862,105224370879725731,'186610102211100549','压力变送器(压强)',NULL,'YL001','2020-11-17 15:18:51'),(105224370879725863,105224370879725732,'186610102211100550','热电偶采集卡(监测温度用)',NULL,'RD001','2020-11-17 15:18:51'),(105224370879725864,105224370879725732,'186610102211100550','压力变送器(压强)',NULL,'YL001','2020-11-17 15:18:51'),(105224370879725865,105224370879725733,'186610102211100551','电流485',NULL,'RD001','2020-11-17 15:18:51'),(105224370879725866,105224370879725734,'186610102211100552','热电偶采集卡(监测温度用)',NULL,'RD001','2020-11-17 15:18:51'),(105224370879725867,105224370879725735,'186610102211100559','温湿度采集卡',NULL,'WS001','2020-11-17 15:18:51'),(105224370879725868,105224370879725735,'186610102211100559','模拟量采集卡(电压电流)',NULL,'MN001','2020-11-17 15:18:51'),(105224370879725869,105224370879725735,'186610102211100559','热电偶采集卡(监测温度用)',NULL,'RD001','2020-11-17 15:18:51'),(105224370879725870,105224370879725735,'186610102211100559','压力变送器(压强)',NULL,'YL001','2020-11-17 15:18:51'),(105224370879725871,105224370879725736,'186610102211100560','温湿度采集卡',NULL,'WS001','2020-11-17 15:18:51'),(105224370879725872,105224370879725736,'186610102211100560','模拟量采集卡(电压电流)',NULL,'MN001','2020-11-17 15:18:51'),(105224370879725873,105224370879725736,'186610102211100560','热电偶采集卡(监测温度用)',NULL,'RD001','2020-11-17 15:18:51'),(105224370879725874,105224370879725736,'186610102211100560','压力变送器(压强)',NULL,'YL001','2020-11-17 15:18:51'),(105224370879725875,105224370879725737,'186610102211100566','模拟量采集卡(电压电流)',NULL,'MN001','2020-11-17 15:18:51'),(105224370879725876,105224370879725737,'186610102211100566','温度',NULL,'WD001','2020-11-17 15:18:51'),(105224370879725877,105224370879725737,'186610102211100566','压力',NULL,'YL001','2020-11-17 15:18:51'),(105224370879725878,105224370879725738,'186610102211000563','温度',NULL,'WD001','2020-11-17 15:18:51'),(105224370879725879,105224370879725738,'186610102211000563','压力',NULL,'YL001','2020-11-17 15:18:51'),(105224370879725880,105224370879725738,'186610102211000563','模拟量采集卡(电压电流)',NULL,'MN001','2020-11-17 15:18:51'),(105224370879725881,105224370879725738,'186610102211000563','485压力',NULL,'YL002','2020-11-17 15:18:51'),(105224370879725882,105224370879725739,'186610102211100361','模拟量采集卡(电压电流)',NULL,'MN001','2020-11-17 15:18:51'),(105224370879725883,105224370879725739,'186610102211100361','温度',NULL,'WD001','2020-11-17 15:18:51'),(105224370879725884,105224370879725739,'186610102211100361','压力',NULL,'YL001','2020-11-17 15:18:51'),(105224370879725885,105224370879725740,'186610102211100567','模拟量采集卡(电压电流)',NULL,'MN001','2020-11-17 15:18:51'),(105224370879725886,105224370879725740,'186610102211100567','热电偶采集卡(监测温度用)',NULL,'RD001','2020-11-17 15:18:51'),(105224370879725887,105224370879725740,'186610102211100567','压力变送器(压强)',NULL,'YL001','2020-11-17 15:18:51'),(105224370879725888,105224370879725740,'186610102211100567','节点2',NULL,'RD002','2020-11-17 15:18:51'),(105224370879725889,105224370879725741,'186610102211100574','模拟量采集卡(电压电流)',NULL,'MN001','2020-11-17 15:18:51'),(105224370879725890,105224370879725741,'186610102211100574','热电偶采集卡(监测温度用)',NULL,'RD001','2020-11-17 15:18:52'),(105224370879725891,105224370879725741,'186610102211100574','压力变送器(压强)',NULL,'YL001','2020-11-17 15:18:52'),(105224370879725892,105224370879725741,'186610102211100574','烘干机命令',NULL,'HG001','2020-11-17 15:18:52'),(105224370879725893,105224370879725742,'186610102211100575','热电偶采集卡(监测温度用)',NULL,'RD001','2020-11-17 15:18:52'),(105224370879725894,105224370879725743,'186610102211100576','热电偶采集卡(监测温度用)',NULL,'RD001','2020-11-17 15:18:52'),(105224370879725895,105224370879725744,'186610102211100577','模拟量采集卡(电压电流)',NULL,'MN001','2020-11-17 15:18:52'),(105224370879725896,105224370879725744,'186610102211100577','热电偶采集卡(监测温度用)',NULL,'RD001','2020-11-17 15:18:52'),(105224370879725897,105224370879725744,'186610102211100577','压力变送器(压强)',NULL,'YL001','2020-11-17 15:18:52'),(105224370879725898,105224370879725745,'186610102211100578','模拟量采集卡(电压电流)',NULL,'MN001','2020-11-17 15:18:52'),(105224370879725899,105224370879725745,'186610102211100578','热电偶采集卡(监测温度用)',NULL,'RD001','2020-11-17 15:18:52'),(105224370879725900,105224370879725745,'186610102211100578','压力变送器(压强)',NULL,'YL001','2020-11-17 15:18:52'),(105224370879725901,105224370879725746,'186610102211100579','模拟量采集卡(电压电流)',NULL,'MN001','2020-11-17 15:18:52'),(105224370879725902,105224370879725746,'186610102211100579','热电偶采集卡(监测温度用)',NULL,'RD001','2020-11-17 15:18:52'),(105224370879725903,105224370879725746,'186610102211100579','压力变送器(压强)',NULL,'YL001','2020-11-17 15:18:52'),(105224370879725904,105224370879725747,'186610102211100580','模拟量采集卡(电压电流)',NULL,'MN001','2020-11-17 15:18:52'),(105224370879725905,105224370879725747,'186610102211100580','热电偶采集卡(监测温度用)',NULL,'RD001','2020-11-17 15:18:52'),(105224370879725906,105224370879725747,'186610102211100580','压力变送器(压强)',NULL,'YL001','2020-11-17 15:18:52'),(105224370879725907,105224370879725748,'186610102211100581','模拟量采集卡(电压电流)',NULL,'MN001','2020-11-17 15:18:52'),(105224370879725908,105224370879725748,'186610102211100581','热电偶采集卡(监测温度用)',NULL,'RD001','2020-11-17 15:18:52'),(105224370879725909,105224370879725748,'186610102211100581','压力变送器(压强)',NULL,'YL001','2020-11-17 15:18:52'),(105224370879725910,105224370879725749,'186610102211100584','模拟量采集卡(电压电流)',NULL,'MN001','2020-11-17 15:18:52'),(105224370879725911,105224370879725749,'186610102211100584','热电偶采集卡(监测温度用)',NULL,'RD001','2020-11-17 15:18:52'),(105224370879725912,105224370879725749,'186610102211100584','压力变送器(压强)',NULL,'YL001','2020-11-17 15:18:52'),(105224370879725913,105224370879725750,'186610102211100586','模拟量采集卡(电压电流)',NULL,'MN001','2020-11-17 15:18:52'),(105224370879725914,105224370879725750,'186610102211100586','热电偶采集卡(监测温度用)',NULL,'RD001','2020-11-17 15:18:52'),(105224370879725915,105224370879725750,'186610102211100586','压力变送器(压强)',NULL,'YL001','2020-11-17 15:18:52'),(105224370879725916,105224370879725751,'186610102211100588','模拟量采集卡(电压电流)',NULL,'MN001','2020-11-17 15:18:52'),(105224370879725917,105224370879725751,'186610102211100588','热电偶采集卡(监测温度用)',NULL,'RD001','2020-11-17 15:18:52'),(105224370879725918,105224370879725751,'186610102211100588','压力变送器(压强)',NULL,'YL001','2020-11-17 15:18:52'),(105224370879725919,105224370879725752,'186610102211100589','模拟量采集卡(电压电流)',NULL,'MN001','2020-11-17 15:18:52'),(105224370879725920,105224370879725752,'186610102211100589','热电偶采集卡(监测温度用)',NULL,'RD001','2020-11-17 15:18:52'),(105224370879725921,105224370879725752,'186610102211100589','压力变送器(压强)',NULL,'YL001','2020-11-17 15:18:52'),(105224370879725922,105224370879725753,'186610102211000008','node1',NULL,'000004','2020-11-17 15:18:52');
/*!40000 ALTER TABLE `node` ENABLE KEYS */;
UNLOCK TABLES;

--
-- Table structure for table `node_act_alert`
--

DROP TABLE IF EXISTS `node_act_alert`;
/*!40101 SET @saved_cs_client     = @@character_set_client */;
/*!50503 SET character_set_client = utf8mb4 */;
CREATE TABLE `node_act_alert` (
  `naa_id` bigint NOT NULL,
  `nt_id` bigint NOT NULL,
  `naa_type` tinyint NOT NULL DEFAULT '3' COMMENT '警报类型 1短信 2email 3站内信',
  `naa_val` varchar(60) DEFAULT NULL COMMENT '发警报对象的数值',
  `naa_content` varchar(200) DEFAULT NULL COMMENT '发送内容',
  PRIMARY KEY (`naa_id`),
  KEY `nt_id` (`nt_id`)
) ENGINE=InnoDB DEFAULT CHARSET=utf8 COMMENT='一旦一个节点触发器被触发，就会有一个报警信息被发出';
/*!40101 SET character_set_client = @saved_cs_client */;

--
-- Dumping data for table `node_act_alert`
--

LOCK TABLES `node_act_alert` WRITE;
/*!40000 ALTER TABLE `node_act_alert` DISABLE KEYS */;
/*!40000 ALTER TABLE `node_act_alert` ENABLE KEYS */;
UNLOCK TABLES;

--
-- Table structure for table `node_act_cmd`
--

DROP TABLE IF EXISTS `node_act_cmd`;
/*!40101 SET @saved_cs_client     = @@character_set_client */;
/*!50503 SET character_set_client = utf8mb4 */;
CREATE TABLE `node_act_cmd` (
  `nac_id` bigint NOT NULL,
  `nc_id` bigint NOT NULL COMMENT '关联的命令，node_cmd.nc_id',
  `nt_id` bigint NOT NULL,
  PRIMARY KEY (`nac_id`),
  KEY `nt_id` (`nt_id`)
) ENGINE=InnoDB DEFAULT CHARSET=utf8 COMMENT='一旦一个节点触发器被触发，可能会执行多个命令';
/*!40101 SET character_set_client = @saved_cs_client */;

--
-- Dumping data for table `node_act_cmd`
--

LOCK TABLES `node_act_cmd` WRITE;
/*!40000 ALTER TABLE `node_act_cmd` DISABLE KEYS */;
/*!40000 ALTER TABLE `node_act_cmd` ENABLE KEYS */;
UNLOCK TABLES;

--
-- Table structure for table `node_attr`
--

DROP TABLE IF EXISTS `node_attr`;
/*!40101 SET @saved_cs_client     = @@character_set_client */;
/*!50503 SET character_set_client = utf8mb4 */;
CREATE TABLE `node_attr` (
  `na_id` bigint NOT NULL COMMENT '节点属性ID',
  `node_id` bigint NOT NULL COMMENT '节点ID，一个节点属性对应一个节点，一个节点有多个节点属性',
  `na_key` varchar(20) NOT NULL COMMENT '属性标识',
  `na_name` varchar(20) DEFAULT NULL COMMENT '属性名称',
  `na_unit` varchar(6) DEFAULT NULL COMMENT '属性单位',
  `na_sym` varchar(6) DEFAULT NULL COMMENT '属性符号',
  `scene_sn` varchar(24) NOT NULL COMMENT '场景SN',
  `node_sn` varchar(24) NOT NULL COMMENT '节点SN',
  PRIMARY KEY (`na_id`),
  UNIQUE KEY `nodeId_attrKey` (`node_id`,`na_key`)
) ENGINE=InnoDB DEFAULT CHARSET=utf8 COMMENT='节点属性表，一个节点下有多个属性。逻辑上可看作数据单元里的一个字段；物理上可看作底层感知设备，比如传感器';
/*!40101 SET character_set_client = @saved_cs_client */;

--
-- Dumping data for table `node_attr`
--

LOCK TABLES `node_attr` WRITE;
/*!40000 ALTER TABLE `node_attr` DISABLE KEYS */;
INSERT INTO `node_attr` VALUES (105224370879725923,105224370879725754,'tem1','温度1','℃','℃','186610102211100356','RD001'),(105224370879725924,105224370879725754,'tem2','温度2','℃','℃','186610102211100356','RD001'),(105224370879725925,105224370879725754,'tem3','温度3','℃','℃','186610102211100356','RD001'),(105224370879725926,105224370879725754,'tem4','温度4','℃','℃','186610102211100356','RD001'),(105224370879725927,105224370879725754,'hum','湿度','g/cm3','g/cm3','186610102211100356','RD001'),(105224370879725928,105224370879725755,'curr1','电流1','A','A','186610102211100396','MN001'),(105224370879725929,105224370879725755,'curr2','电流2','A','A','186610102211100396','MN001'),(105224370879725930,105224370879725755,'curr3','电流3','A','A','186610102211100396','MN001'),(105224370879725931,105224370879725755,'volt1','电压1','V','V','186610102211100396','MN001'),(105224370879725932,105224370879725755,'volt2','电压2','V','V','186610102211100396','MN001'),(105224370879725933,105224370879725755,'volt3','电压3','V','V','186610102211100396','MN001'),(105224370879725934,105224370879725756,'tem1','温度1','℃','℃','186610102211100396','RD001'),(105224370879725935,105224370879725756,'tem2','温度2','℃','℃','186610102211100396','RD001'),(105224370879725936,105224370879725756,'tem3','温度3','℃','℃','186610102211100396','RD001'),(105224370879725937,105224370879725756,'tem4','温度4','℃','℃','186610102211100396','RD001'),(105224370879725938,105224370879725756,'tem5','温度5','℃','℃','186610102211100396','RD001'),(105224370879725939,105224370879725757,'press1','压力1','MPa','MPa','186610102211100396','YL001'),(105224370879725940,105224370879725757,'press2','压力2','MPa','MPa','186610102211100396','YL001'),(105224370879725941,105224370879725757,'press3','压力3','MPa','MPa','186610102211100396','YL001'),(105224370879725942,105224370879725757,'press4','压力4','MPa','MPa','186610102211100396','YL001'),(105224370879725943,105224370879725757,'press5','压力5','MPa','MPa','186610102211100396','YL001'),(105224370879725944,105224370879725758,'curr1','电流1','A','A','186610102211100478','MN001'),(105224370879725945,105224370879725758,'curr2','电流2','A','A','186610102211100478','MN001'),(105224370879725946,105224370879725758,'curr3','电流3','A','A','186610102211100478','MN001'),(105224370879725947,105224370879725758,'volt1','电压1','V','V','186610102211100478','MN001'),(105224370879725948,105224370879725758,'volt2','电压2','V','V','186610102211100478','MN001'),(105224370879725949,105224370879725758,'volt3','电压3','V','V','186610102211100478','MN001'),(105224370879725950,105224370879725759,'tem1','温度1','℃','℃','186610102211100478','RD001'),(105224370879725951,105224370879725759,'tem2','温度2','℃','℃','186610102211100478','RD001'),(105224370879725952,105224370879725759,'tem3','温度3','℃','℃','186610102211100478','RD001'),(105224370879725953,105224370879725759,'tem4','温度4','℃','℃','186610102211100478','RD001'),(105224370879725954,105224370879725759,'tem5','温度5','℃','℃','186610102211100478','RD001'),(105224370879725955,105224370879725760,'press1','压力1','MPa','MPa','186610102211100478','YL001'),(105224370879725956,105224370879725760,'press2','压力2','MPa','MPa','186610102211100478','YL001'),(105224370879725957,105224370879725760,'press3','压力3','MPa','MPa','186610102211100478','YL001'),(105224370879725958,105224370879725760,'press4','压力4','MPa','MPa','186610102211100478','YL001'),(105224370879725959,105224370879725760,'press5','压力5','MPa','MPa','186610102211100478','YL001'),(105224370879725960,105224370879725761,'tem','环境温度','℃','℃','186610102211100500','WS001'),(105224370879725961,105224370879725761,'hum','湿度','g/m3','g/m3','186610102211100500','WS001'),(105224370879725962,105224370879725762,'curr1','电流1','A','A','186610102211100500','MN001'),(105224370879725963,105224370879725762,'curr2','电流2','A','A','186610102211100500','MN001'),(105224370879725964,105224370879725762,'curr3','电流3','A','A','186610102211100500','MN001'),(105224370879725965,105224370879725762,'volt1','电压1','V','V','186610102211100500','MN001'),(105224370879725966,105224370879725762,'volt2','电压2','V','V','186610102211100500','MN001'),(105224370879725967,105224370879725762,'volt3','电压3','V','V','186610102211100500','MN001'),(105224370879725968,105224370879725763,'tem1','温度1','℃','℃','186610102211100500','RD001'),(105224370879725969,105224370879725763,'tem2','温度2','℃','℃','186610102211100500','RD001'),(105224370879725970,105224370879725764,'press','压力','MPa','MPa','186610102211100500','YL001'),(105224370879725971,105224370879725765,'tem','环境温度','℃','℃','186610102211100501','WS001'),(105224370879725972,105224370879725765,'hum','湿度','g/m3','g/m3','186610102211100501','WS001'),(105224370879725973,105224370879725766,'curr1','电流1','A','A','186610102211100501','MN001'),(105224370879725974,105224370879725766,'curr2','电流2','A','A','186610102211100501','MN001'),(105224370879725975,105224370879725766,'curr3','电流3','A','A','186610102211100501','MN001'),(105224370879725976,105224370879725766,'volt1','电压1','V','V','186610102211100501','MN001'),(105224370879725977,105224370879725766,'volt2','电压2','V','V','186610102211100501','MN001'),(105224370879725978,105224370879725766,'volt3','电压3','V','V','186610102211100501','MN001'),(105224370879725979,105224370879725767,'tem1','温度1','℃','℃','186610102211100501','RD001'),(105224370879725980,105224370879725767,'tem2','温度2','℃','℃','186610102211100501','RD001'),(105224370879725981,105224370879725768,'press','压力','MPa','MPa','186610102211100501','YL001'),(105224370879725982,105224370879725769,'tem','环境温度','℃','℃','186610102211100502','WS001'),(105224370879725983,105224370879725769,'hum','湿度','g/m3','g/m3','186610102211100502','WS001'),(105224370879725984,105224370879725770,'curr1','电流1','A','A','186610102211100502','MN001'),(105224370879725985,105224370879725770,'curr2','电流2','A','A','186610102211100502','MN001'),(105224370879725986,105224370879725770,'curr3','电流3','A','A','186610102211100502','MN001'),(105224370879725987,105224370879725770,'volt1','电压1','V','V','186610102211100502','MN001'),(105224370879725988,105224370879725770,'volt2','电压2','V','V','186610102211100502','MN001'),(105224370879725989,105224370879725770,'volt3','电压3','V','V','186610102211100502','MN001'),(105224370879725990,105224370879725771,'tem1','温度1','℃','℃','186610102211100502','RD001'),(105224370879725991,105224370879725771,'tem2','温度2','℃','℃','186610102211100502','RD001'),(105224370879725992,105224370879725772,'press','压力','MPa','MPa','186610102211100502','YL001'),(105224370879725993,105224370879725773,'tem','环境温度','℃','℃','186610102211100503','WS001'),(105224370879725994,105224370879725773,'hum','湿度','g/m3','g/m3','186610102211100503','WS001'),(105224370879725995,105224370879725774,'curr1','电流1','A','A','186610102211100503','MN001'),(105224370879725996,105224370879725774,'curr2','电流2','A','A','186610102211100503','MN001'),(105224370879725997,105224370879725774,'curr3','电流3','A','A','186610102211100503','MN001'),(105224370879725998,105224370879725774,'volt1','电压1','V','V','186610102211100503','MN001'),(105224370879725999,105224370879725774,'volt2','电压2','V','V','186610102211100503','MN001'),(105224370879726000,105224370879725774,'volt3','电压3','V','V','186610102211100503','MN001'),(105224370879726001,105224370879725775,'tem1','温度1','℃','℃','186610102211100503','RD001'),(105224370879726002,105224370879725775,'tem2','温度2','℃','℃','186610102211100503','RD001'),(105224370879726003,105224370879725776,'press','压力','MPa','MPa','186610102211100503','YL001'),(105224370879726004,105224370879725777,'tem','环境温度','℃','℃','186610102211100504','WS001'),(105224370879726005,105224370879725777,'hum','湿度','g/m3','g/m3','186610102211100504','WS001'),(105224370879726006,105224370879725778,'curr1','电流1','A','A','186610102211100504','MN001'),(105224370879726007,105224370879725778,'curr2','电流2','A','A','186610102211100504','MN001'),(105224370879726008,105224370879725778,'curr3','电流3','A','A','186610102211100504','MN001'),(105224370879726009,105224370879725778,'volt1','电压1','V','V','186610102211100504','MN001'),(105224370879726010,105224370879725778,'volt2','电压2','V','V','186610102211100504','MN001'),(105224370879726011,105224370879725778,'volt3','电压3','V','V','186610102211100504','MN001'),(105224370879726012,105224370879725779,'tem1','温度1','℃','℃','186610102211100504','RD001'),(105224370879726013,105224370879725779,'tem2','温度2','℃','℃','186610102211100504','RD001'),(105224370879726014,105224370879725780,'press','压力','MPa','MPa','186610102211100504','YL001'),(105224370879726015,105224370879725781,'tem','环境温度','℃','℃','186610102211100505','WS001'),(105224370879726016,105224370879725781,'hum','湿度','g/m3','g/m3','186610102211100505','WS001'),(105224370879726017,105224370879725782,'curr1','电流1','A','A','186610102211100505','MN001'),(105224370879726018,105224370879725782,'curr2','电流2','A','A','186610102211100505','MN001'),(105224370879726019,105224370879725782,'volt1','电压1','V','V','186610102211100505','MN001'),(105224370879726020,105224370879725782,'volt2','电压2','V','V','186610102211100505','MN001'),(105224370879726021,105224370879725783,'tem1','温度1','℃','℃','186610102211100505','RD001'),(105224370879726022,105224370879725783,'tem2','温度2','℃','℃','186610102211100505','RD001'),(105224370879726023,105224370879725784,'press','压力','MPa','MPa','186610102211100505','YL001'),(105224370879726024,105224370879725785,'hum','湿度','g/m3','g/m3','186610102211100506','WS001'),(105224370879726025,105224370879725786,'curr1','电流1','A','A','186610102211100506','MN001'),(105224370879726026,105224370879725786,'curr3','电流3','A','A','186610102211100506','MN001'),(105224370879726027,105224370879725786,'volt1','电压1','V','V','186610102211100506','MN001'),(105224370879726028,105224370879725786,'volt2','电压2','V','V','186610102211100506','MN001'),(105224370879726029,105224370879725786,'volt3','电压3','V','V','186610102211100506','MN001'),(105224370879726030,105224370879725787,'tem1','温度1','℃','℃','186610102211100506','RD001'),(105224370879726031,105224370879725787,'tem2','温度2','℃','℃','186610102211100506','RD001'),(105224370879726032,105224370879725788,'press','压力','MPa','MPa','186610102211100506','YL001'),(105224370879726033,105224370879725789,'tem','环境温度','℃','℃','186610102211100507','WS001'),(105224370879726034,105224370879725789,'hum','湿度','g/m3','g/m3','186610102211100507','WS001'),(105224370879726035,105224370879725790,'curr1','电流1','A','A','186610102211100507','MN001'),(105224370879726036,105224370879725790,'curr2','电流2','A','A','186610102211100507','MN001'),(105224370879726037,105224370879725790,'curr3','电流3','A','A','186610102211100507','MN001'),(105224370879726038,105224370879725790,'volt2','电压2','V','V','186610102211100507','MN001'),(105224370879726039,105224370879725790,'volt3','电压3','V','V','186610102211100507','MN001'),(105224370879726040,105224370879725791,'tem2','温度2','℃','℃','186610102211100507','RD001'),(105224370879726041,105224370879725792,'press','压力','MPa','MPa','186610102211100507','YL001'),(105224370879726042,105224370879725793,'tem','环境温度','℃','℃','186610102211100508','WS001'),(105224370879726043,105224370879725793,'hum','湿度','g/m3','g/m3','186610102211100508','WS001'),(105224370879726044,105224370879725794,'curr1','电流1','A','A','186610102211100508','MN001'),(105224370879726045,105224370879725794,'curr2','电流2','A','A','186610102211100508','MN001'),(105224370879726046,105224370879725794,'curr3','电流3','A','A','186610102211100508','MN001'),(105224370879726047,105224370879725794,'volt1','电压1','V','V','186610102211100508','MN001'),(105224370879726048,105224370879725794,'volt2','电压2','V','V','186610102211100508','MN001'),(105224370879726049,105224370879725794,'volt3','电压3','V','V','186610102211100508','MN001'),(105224370879726050,105224370879725795,'tem1','温度1','℃','℃','186610102211100508','RD001'),(105224370879726051,105224370879725795,'tem2','温度2','℃','℃','186610102211100508','RD001'),(105224370879726052,105224370879725796,'press','压力','MPa','MPa','186610102211100508','YL001'),(105224370879726053,105224370879725797,'tem','环境温度','℃','℃','186610102211100509','WS001'),(105224370879726054,105224370879725797,'hum','湿度','g/m3','g/m3','186610102211100509','WS001'),(105224370879726055,105224370879725798,'curr1','电流1','A','A','186610102211100509','MN001'),(105224370879726056,105224370879725798,'curr2','电流2','A','A','186610102211100509','MN001'),(105224370879726057,105224370879725798,'curr3','电流3','A','A','186610102211100509','MN001'),(105224370879726058,105224370879725798,'volt1','电压1','V','V','186610102211100509','MN001'),(105224370879726059,105224370879725798,'volt2','电压2','V','V','186610102211100509','MN001'),(105224370879726060,105224370879725798,'volt3','电压3','V','V','186610102211100509','MN001'),(105224370879726061,105224370879725799,'tem1','温度1','℃','℃','186610102211100509','RD001'),(105224370879726062,105224370879725799,'tem2','温度2','℃','℃','186610102211100509','RD001'),(105224370879726063,105224370879725800,'press','压力','MPa','MPa','186610102211100509','YL001'),(105224370879726064,105224370879725801,'tem','环境温度','℃','℃','186610102211100510','WS001'),(105224370879726065,105224370879725801,'hum','湿度','g/m3','g/m3','186610102211100510','WS001'),(105224370879726066,105224370879725802,'curr1','电流1','A','A','186610102211100510','MN001'),(105224370879726067,105224370879725802,'curr2','电流2','A','A','186610102211100510','MN001'),(105224370879726068,105224370879725802,'curr3','电流3','A','A','186610102211100510','MN001'),(105224370879726069,105224370879725802,'volt1','电压1','V','V','186610102211100510','MN001'),(105224370879726070,105224370879725802,'volt2','电压2','V','V','186610102211100510','MN001'),(105224370879726071,105224370879725802,'volt3','电压3','V','V','186610102211100510','MN001'),(105224370879726072,105224370879725803,'tem1','温度1','℃','℃','186610102211100510','RD001'),(105224370879726073,105224370879725803,'tem2','温度2','℃','℃','186610102211100510','RD001'),(105224370879726074,105224370879725804,'press','压力','MPa','MPa','186610102211100510','YL001'),(105224370879726075,105224370879725805,'tem','环境温度','℃','℃','186610102211100511','WS001'),(105224370879726076,105224370879725805,'hum','湿度','g/m3','g/m3','186610102211100511','WS001'),(105224370879726077,105224370879725806,'curr1','电流1','A','A','186610102211100511','MN001'),(105224370879726078,105224370879725806,'curr2','电流2','A','A','186610102211100511','MN001'),(105224370879726079,105224370879725806,'curr3','电流3','A','A','186610102211100511','MN001'),(105224370879726080,105224370879725806,'volt1','电压1','V','V','186610102211100511','MN001'),(105224370879726081,105224370879725806,'volt2','电压2','V','V','186610102211100511','MN001'),(105224370879726082,105224370879725806,'volt3','电压3','V','V','186610102211100511','MN001'),(105224370879726083,105224370879725807,'tem1','温度1','℃','℃','186610102211100511','RD001'),(105224370879726084,105224370879725807,'tem2','温度2','℃','℃','186610102211100511','RD001'),(105224370879726085,105224370879725808,'press','压力','MPa','MPa','186610102211100511','YL001'),(105224370879726086,105224370879725809,'tem','环境温度','℃','℃','186610102211100512','WS001'),(105224370879726087,105224370879725809,'hum','湿度','g/m3','g/m3','186610102211100512','WS001'),(105224370879726088,105224370879725810,'curr1','电流1','A','A','186610102211100512','MN001'),(105224370879726089,105224370879725810,'curr2','电流2','A','A','186610102211100512','MN001'),(105224370879726090,105224370879725810,'curr3','电流3','A','A','186610102211100512','MN001'),(105224370879726091,105224370879725810,'volt1','电压1','V','V','186610102211100512','MN001'),(105224370879726092,105224370879725810,'volt2','电压2','V','V','186610102211100512','MN001'),(105224370879726093,105224370879725810,'volt3','电压3','V','V','186610102211100512','MN001'),(105224370879726094,105224370879725811,'tem1','温度1','℃','℃','186610102211100512','RD001'),(105224370879726095,105224370879725811,'tem2','温度2','℃','℃','186610102211100512','RD001'),(105224370879726096,105224370879725812,'press','压力','MPa','MPa','186610102211100512','YL001'),(105224370879726097,105224370879725813,'curr1','电流1','A','A','186610102211100513','MN001'),(105224370879726098,105224370879725813,'curr2','电流2','A','A','186610102211100513','MN001'),(105224370879726099,105224370879725813,'curr3','电流3','A','A','186610102211100513','MN001'),(105224370879726100,105224370879725813,'volt1','电压1','V','V','186610102211100513','MN001'),(105224370879726101,105224370879725813,'volt2','电压2','V','V','186610102211100513','MN001'),(105224370879726102,105224370879725813,'volt3','电压3','V','V','186610102211100513','MN001'),(105224370879726103,105224370879725814,'tem1','温度1','℃','℃','186610102211100513','RD001'),(105224370879726104,105224370879725814,'tem2','温度2','℃','℃','186610102211100513','RD001'),(105224370879726105,105224370879725815,'press','压力','MPa','MPa','186610102211100513','YL001'),(105224370879726106,105224370879725816,'tem','环境温度','℃','℃','186610102211100514','WS001'),(105224370879726107,105224370879725816,'hum','湿度','g/m3','g/m3','186610102211100514','WS001'),(105224370879726108,105224370879725817,'curr1','电流1','A','A','186610102211100514','MN001'),(105224370879726109,105224370879725817,'curr2','电流2','A','A','186610102211100514','MN001'),(105224370879726110,105224370879725817,'curr3','电流3','A','A','186610102211100514','MN001'),(105224370879726111,105224370879725817,'volt1','电压1','V','V','186610102211100514','MN001'),(105224370879726112,105224370879725817,'volt2','电压2','V','V','186610102211100514','MN001'),(105224370879726113,105224370879725818,'tem1','温度1','℃','℃','186610102211100514','RD001'),(105224370879726114,105224370879725818,'tem2','温度2','℃','℃','186610102211100514','RD001'),(105224370879726115,105224370879725819,'press','压力','MPa','MPa','186610102211100514','YL001'),(105224370879726116,105224370879725820,'tem','环境温度','℃','℃','186610102211100515','WS001'),(105224370879726117,105224370879725820,'hum','湿度','g/m3','g/m3','186610102211100515','WS001'),(105224370879726118,105224370879725821,'curr1','电流1','A','A','186610102211100515','MN001'),(105224370879726119,105224370879725821,'curr3','电流3','A','A','186610102211100515','MN001'),(105224370879726120,105224370879725821,'volt1','电压1','V','V','186610102211100515','MN001'),(105224370879726121,105224370879725821,'volt2','电压2','V','V','186610102211100515','MN001'),(105224370879726122,105224370879725821,'volt3','电压3','V','V','186610102211100515','MN001'),(105224370879726123,105224370879725822,'tem1','温度1','℃','℃','186610102211100515','RD001'),(105224370879726124,105224370879725822,'tem2','温度2','℃','℃','186610102211100515','RD001'),(105224370879726125,105224370879725823,'press','压力','MPa','MPa','186610102211100515','YL001'),(105224370879726126,105224370879725824,'tem','环境温度','℃','℃','186610102211100518','WS001'),(105224370879726127,105224370879725824,'hum','湿度','g/m3','g/m3','186610102211100518','WS001'),(105224370879726128,105224370879725825,'curr1','电流1','A','A','186610102211100518','MN001'),(105224370879726129,105224370879725825,'curr2','电流2','A','A','186610102211100518','MN001'),(105224370879726130,105224370879725825,'curr3','电流3','A','A','186610102211100518','MN001'),(105224370879726131,105224370879725825,'volt1','电压1','V','V','186610102211100518','MN001'),(105224370879726132,105224370879725825,'volt2','电压2','V','V','186610102211100518','MN001'),(105224370879726133,105224370879725825,'volt3','电压3','V','V','186610102211100518','MN001'),(105224370879726134,105224370879725826,'tem1','温度1','℃','℃','186610102211100518','RD001'),(105224370879726135,105224370879725827,'press','压力','MPa','MPa','186610102211100518','YL001'),(105224370879726136,105224370879725828,'tem','环境温度','℃','℃','186610102211100519','WS001'),(105224370879726137,105224370879725828,'hum','湿度','g/m3','g/m3','186610102211100519','WS001'),(105224370879726138,105224370879725829,'curr1','电流1','A','A','186610102211100519','MN001'),(105224370879726139,105224370879725829,'curr2','电流2','A','A','186610102211100519','MN001'),(105224370879726140,105224370879725829,'curr3','电流3','A','A','186610102211100519','MN001'),(105224370879726141,105224370879725829,'volt1','电压1','V','V','186610102211100519','MN001'),(105224370879726142,105224370879725829,'volt2','电压2','V','V','186610102211100519','MN001'),(105224370879726143,105224370879725829,'volt3','电压3','V','V','186610102211100519','MN001'),(105224370879726144,105224370879725830,'tem1','温度1','℃','℃','186610102211100519','RD001'),(105224370879726145,105224370879725830,'tem2','温度2','℃','℃','186610102211100519','RD001'),(105224370879726146,105224370879725831,'press','压力','MPa','MPa','186610102211100519','YL001'),(105224370879726147,105224370879725832,'curr1','电流1','A','A','186610102211100520','MN001'),(105224370879726148,105224370879725832,'curr2','电流2','A','A','186610102211100520','MN001'),(105224370879726149,105224370879725832,'curr3','电流3','A','A','186610102211100520','MN001'),(105224370879726150,105224370879725832,'volt1','电压1','V','V','186610102211100520','MN001'),(105224370879726151,105224370879725832,'volt2','电压2','V','V','186610102211100520','MN001'),(105224370879726152,105224370879725832,'volt3','电压3','V','V','186610102211100520','MN001'),(105224370879726153,105224370879725833,'tem1','温度1','℃','℃','186610102211100520','RD001'),(105224370879726154,105224370879725833,'tem2','温度2','℃','℃','186610102211100520','RD001'),(105224370879726155,105224370879725834,'press','压力','MPa','MPa','186610102211100520','YL001'),(105224370879726156,105224370879725835,'tem','环境温度','℃','℃','186610102211100521','WS001'),(105224370879726157,105224370879725835,'hum','湿度','g/m3','g/m3','186610102211100521','WS001'),(105224370879726158,105224370879725836,'curr1','电流1','A','A','186610102211100521','MN001'),(105224370879726159,105224370879725836,'curr2','电流2','A','A','186610102211100521','MN001'),(105224370879726160,105224370879725836,'curr3','电流3','A','A','186610102211100521','MN001'),(105224370879726161,105224370879725836,'volt1','电压1','V','V','186610102211100521','MN001'),(105224370879726162,105224370879725836,'volt2','电压2','V','V','186610102211100521','MN001'),(105224370879726163,105224370879725836,'volt3','电压3','V','V','186610102211100521','MN001'),(105224370879726164,105224370879725837,'tem1','温度1','℃','℃','186610102211100521','RD001'),(105224370879726165,105224370879725837,'tem2','温度2','℃','℃','186610102211100521','RD001'),(105224370879726166,105224370879725838,'press','压力','MPa','MPa','186610102211100521','YL001'),(105224370879726167,105224370879725839,'tem','环境温度','℃','℃','186610102211100522','WS001'),(105224370879726168,105224370879725839,'hum','湿度','g/m3','g/m3','186610102211100522','WS001'),(105224370879726169,105224370879725840,'curr1','电流1','A','A','186610102211100522','MN001'),(105224370879726170,105224370879725840,'curr2','电流2','A','A','186610102211100522','MN001'),(105224370879726171,105224370879725840,'curr3','电流3','A','A','186610102211100522','MN001'),(105224370879726172,105224370879725840,'volt1','电压1','V','V','186610102211100522','MN001'),(105224370879726173,105224370879725840,'volt2','电压2','V','V','186610102211100522','MN001'),(105224370879726174,105224370879725840,'volt3','电压3','V','V','186610102211100522','MN001'),(105224370879726175,105224370879725841,'tem1','温度1','℃','℃','186610102211100522','RD001'),(105224370879726176,105224370879725841,'tem2','温度2','℃','℃','186610102211100522','RD001'),(105224370879726177,105224370879725842,'press','压力','MPa','MPa','186610102211100522','YL001'),(105224370879726178,105224370879725843,'curr1','电流1','A','A','186610102211100523','MN001'),(105224370879726179,105224370879725843,'curr2','电流2','A','A','186610102211100523','MN001'),(105224370879726180,105224370879725843,'curr3','电流3','A','A','186610102211100523','MN001'),(105224370879726181,105224370879725843,'volt1','电压1','V','V','186610102211100523','MN001'),(105224370879726182,105224370879725843,'volt2','电压2','V','V','186610102211100523','MN001'),(105224370879726183,105224370879725843,'volt3','电压3','V','V','186610102211100523','MN001'),(105224370879726184,105224370879725844,'tem1','温度1','℃','℃','186610102211100523','RD001'),(105224370879726185,105224370879725844,'tem2','温度2','℃','℃','186610102211100523','RD001'),(105224370879726186,105224370879725845,'press','压力','MPa','MPa','186610102211100523','YL001'),(105224370879726187,105224370879725846,'tem','环境温度','℃','℃','186610102211100537','WS001'),(105224370879726188,105224370879725846,'hum','湿度','g/m3','g/m3','186610102211100537','WS001'),(105224370879726189,105224370879725847,'curr1','电流1','A','A','186610102211100537','MN001'),(105224370879726190,105224370879725847,'curr2','电流2','A','A','186610102211100537','MN001'),(105224370879726191,105224370879725847,'curr3','电流3','A','A','186610102211100537','MN001'),(105224370879726192,105224370879725847,'volt1','电压1','V','V','186610102211100537','MN001'),(105224370879726193,105224370879725847,'volt2','电压2','V','V','186610102211100537','MN001'),(105224370879726194,105224370879725847,'volt3','电压3','V','V','186610102211100537','MN001'),(105224370879726195,105224370879725848,'tem1','温度1','℃','℃','186610102211100537','RD001'),(105224370879726196,105224370879725848,'tem2','温度2','℃','℃','186610102211100537','RD001'),(105224370879726197,105224370879725849,'press','压力','MPa','MPa','186610102211100537','YL001'),(105224370879726198,105224370879725850,'tem','环境温度','℃','℃','186610102211100538','WS001'),(105224370879726199,105224370879725850,'hum','湿度','g/m3','g/m3','186610102211100538','WS001'),(105224370879726200,105224370879725851,'curr1','电流1','A','A','186610102211100538','MN001'),(105224370879726201,105224370879725851,'curr2','电流2','A','A','186610102211100538','MN001'),(105224370879726202,105224370879725851,'curr3','电流3','A','A','186610102211100538','MN001'),(105224370879726203,105224370879725851,'volt1','电压1','V','V','186610102211100538','MN001'),(105224370879726204,105224370879725851,'volt2','电压2','V','V','186610102211100538','MN001'),(105224370879726205,105224370879725851,'volt3','电压3','V','V','186610102211100538','MN001'),(105224370879726206,105224370879725852,'tem1','温度1','℃','℃','186610102211100538','RD001'),(105224370879726207,105224370879725852,'tem2','温度2','℃','℃','186610102211100538','RD001'),(105224370879726208,105224370879725853,'press','压力','MPa','MPa','186610102211100538','YL001'),(105224370879726209,105224370879725854,'curr1','电流1','A','A','186610102211000332','MN001'),(105224370879726210,105224370879725854,'curr2','电流2','A','A','186610102211000332','MN001'),(105224370879726211,105224370879725854,'curr3','电流3','A','A','186610102211000332','MN001'),(105224370879726212,105224370879725854,'volt1','电压1','V','V','186610102211000332','MN001'),(105224370879726213,105224370879725854,'volt2','电压2','V','V','186610102211000332','MN001'),(105224370879726214,105224370879725854,'volt3','电压3','V','V','186610102211000332','MN001'),(105224370879726215,105224370879725855,'tem1','温度1','℃','℃','186610102211000332','RD001'),(105224370879726216,105224370879725855,'tem2','温度2','℃','℃','186610102211000332','RD001'),(105224370879726217,105224370879725856,'press','压力','MPa','MPa','186610102211000332','YL001'),(105224370879726218,105224370879725857,'curr1','电流1','A','A','186610102211100544','MN001'),(105224370879726219,105224370879725857,'curr2','电流2','A','A','186610102211100544','MN001'),(105224370879726220,105224370879725859,'tem1','温度1','℃','℃','186610102211100546','RD001'),(105224370879726221,105224370879725859,'tem2','温度2','℃','℃','186610102211100546','RD001'),(105224370879726222,105224370879725859,'hum','湿度','g/cm3','g/cm3','186610102211100546','RD001'),(105224370879726223,105224370879725859,'tem3','温度3','℃','℃','186610102211100546','RD001'),(105224370879726224,105224370879725859,'tem4','温度4','℃','℃','186610102211100546','RD001'),(105224370879726225,105224370879725860,'hum','湿度','g/m3','g/m3','186610102211100549','WS001'),(105224370879726226,105224370879725861,'tem2','温度2','℃','℃','186610102211100549','RD001'),(105224370879726227,105224370879725861,'tem4','温度4','℃','℃','186610102211100549','RD001'),(105224370879726228,105224370879725861,'tem1','温度1','℃','℃','186610102211100549','RD001'),(105224370879726229,105224370879725861,'tem3','温度3','℃','℃','186610102211100549','RD001'),(105224370879726230,105224370879725861,'tem5','温度5','℃','℃','186610102211100549','RD001'),(105224370879726231,105224370879725862,'press1','压力1','MPa','MPa','186610102211100549','YL001'),(105224370879726232,105224370879725862,'press2','压力2','MPa','MPa','186610102211100549','YL001'),(105224370879726233,105224370879725862,'press3','压力3','MPa','MPa','186610102211100549','YL001'),(105224370879726234,105224370879725862,'press4','压力4','MPa','MPa','186610102211100549','YL001'),(105224370879726235,105224370879725862,'press5','压力5','MPa','MPa','186610102211100549','YL001'),(105224370879726236,105224370879725863,'tem2','温度2','℃','℃','186610102211100550','RD001'),(105224370879726237,105224370879725863,'tem3','温度3','℃','℃','186610102211100550','RD001'),(105224370879726238,105224370879725863,'tem4','温度4','℃','℃','186610102211100550','RD001'),(105224370879726239,105224370879725863,'tem5','温度5','℃','℃','186610102211100550','RD001'),(105224370879726240,105224370879725864,'press1','压力1','MPa','MPa','186610102211100550','YL001'),(105224370879726241,105224370879725864,'press2','压力2','MPa','MPa','186610102211100550','YL001'),(105224370879726242,105224370879725864,'press3','压力3','MPa','MPa','186610102211100550','YL001'),(105224370879726243,105224370879725864,'press4','压力4','MPa','MPa','186610102211100550','YL001'),(105224370879726244,105224370879725864,'press5','压力5','MPa','MPa','186610102211100550','YL001'),(105224370879726245,105224370879725865,'curr1','电流','A','A','186610102211100551','RD001'),(105224370879726246,105224370879725866,'tem1','温度1','℃','℃','186610102211100552','RD001'),(105224370879726247,105224370879725866,'tem2','温度2','℃','℃','186610102211100552','RD001'),(105224370879726248,105224370879725866,'tem3','温度3','℃','℃','186610102211100552','RD001'),(105224370879726249,105224370879725866,'tem4','温度4','℃','℃','186610102211100552','RD001'),(105224370879726250,105224370879725866,'hum','湿度','g/m3','g/m3','186610102211100552','RD001'),(105224370879726251,105224370879725867,'tem','环境温度','℃','℃','186610102211100559','WS001'),(105224370879726252,105224370879725867,'hum','湿度','g/m3','g/m3','186610102211100559','WS001'),(105224370879726253,105224370879725868,'curr1','电流1','A','A','186610102211100559','MN001'),(105224370879726254,105224370879725868,'curr2','电流2','A','A','186610102211100559','MN001'),(105224370879726255,105224370879725868,'curr3','电流3','A','A','186610102211100559','MN001'),(105224370879726256,105224370879725868,'volt1','电压1','V','V','186610102211100559','MN001'),(105224370879726257,105224370879725868,'volt2','电压2','V','V','186610102211100559','MN001'),(105224370879726258,105224370879725868,'volt3','电压3','V','V','186610102211100559','MN001'),(105224370879726259,105224370879725869,'tem1','温度1','℃','℃','186610102211100559','RD001'),(105224370879726260,105224370879725869,'tem2','温度2','℃','℃','186610102211100559','RD001'),(105224370879726261,105224370879725870,'press','压力','MPa','MPa','186610102211100559','YL001'),(105224370879726262,105224370879725871,'tem','环境温度','℃','℃','186610102211100560','WS001'),(105224370879726263,105224370879725871,'hum','湿度','g/m3','g/m3','186610102211100560','WS001'),(105224370879726264,105224370879725872,'curr1','电流1','A','A','186610102211100560','MN001'),(105224370879726265,105224370879725872,'curr2','电流2','A','A','186610102211100560','MN001'),(105224370879726266,105224370879725872,'curr3','电流3','A','A','186610102211100560','MN001'),(105224370879726267,105224370879725872,'volt1','电压1','V','V','186610102211100560','MN001'),(105224370879726268,105224370879725872,'volt2','电压2','V','V','186610102211100560','MN001'),(105224370879726269,105224370879725872,'volt3','电压3','V','V','186610102211100560','MN001'),(105224370879726270,105224370879725873,'tem1','温度1','℃','℃','186610102211100560','RD001'),(105224370879726271,105224370879725873,'tem2','温度2','℃','℃','186610102211100560','RD001'),(105224370879726272,105224370879725874,'press','压力','MPa','MPa','186610102211100560','YL001'),(105224370879726273,105224370879725875,'curr1','电流1','A','A','186610102211100566','MN001'),(105224370879726274,105224370879725875,'curr2','电流2','A','A','186610102211100566','MN001'),(105224370879726275,105224370879725875,'curr3','电流3','A','A','186610102211100566','MN001'),(105224370879726276,105224370879725875,'volt1','电压1','V','V','186610102211100566','MN001'),(105224370879726277,105224370879725875,'volt2','电压2','V','V','186610102211100566','MN001'),(105224370879726278,105224370879725875,'volt3','电压3','V','V','186610102211100566','MN001'),(105224370879726279,105224370879725876,'tem1','温度1','℃','℃','186610102211100566','WD001'),(105224370879726280,105224370879725876,'tem2','温度2','℃','℃','186610102211100566','WD001'),(105224370879726281,105224370879725876,'tem3','温度3','℃','℃','186610102211100566','WD001'),(105224370879726282,105224370879725876,'tem4','温度4','℃','℃','186610102211100566','WD001'),(105224370879726283,105224370879725876,'tem5','温度5','℃','℃','186610102211100566','WD001'),(105224370879726284,105224370879725877,'press1','压力1','MPa','MPa','186610102211100566','YL001'),(105224370879726285,105224370879725877,'press2','压力2','MPa','MPa','186610102211100566','YL001'),(105224370879726286,105224370879725877,'press3','压力3','MPa','MPa','186610102211100566','YL001'),(105224370879726287,105224370879725877,'press4','压力4','MPa','MPa','186610102211100566','YL001'),(105224370879726288,105224370879725877,'press5','压力5','MPa','MPa','186610102211100566','YL001'),(105224370879726289,105224370879725878,'tem1','温度1','℃','℃','186610102211000563','WD001'),(105224370879726290,105224370879725878,'tem2','温度2','℃','℃','186610102211000563','WD001'),(105224370879726291,105224370879725878,'tem3','温度3','℃','℃','186610102211000563','WD001'),(105224370879726292,105224370879725878,'tem4','温度4','℃','℃','186610102211000563','WD001'),(105224370879726293,105224370879725878,'tem5','温度5','℃','℃','186610102211000563','WD001'),(105224370879726294,105224370879725879,'press1','压力1','MPa','MPa','186610102211000563','YL001'),(105224370879726295,105224370879725879,'press2','压力2','MPa','MPa','186610102211000563','YL001'),(105224370879726296,105224370879725879,'press3','压力3','MPa','MPa','186610102211000563','YL001'),(105224370879726297,105224370879725879,'press4','压力4','MPa','MPa','186610102211000563','YL001'),(105224370879726298,105224370879725879,'press5','压力5','MPa','MPa','186610102211000563','YL001'),(105224370879726299,105224370879725880,'curr1','电流1','A','A','186610102211000563','MN001'),(105224370879726300,105224370879725880,'curr2','电流2','A','A','186610102211000563','MN001'),(105224370879726301,105224370879725880,'curr3','电流3','A','A','186610102211000563','MN001'),(105224370879726302,105224370879725880,'volt1','电压1','V','V','186610102211000563','MN001'),(105224370879726303,105224370879725880,'volt2','电压2','V','V','186610102211000563','MN001'),(105224370879726304,105224370879725880,'volt3','电压3','V','V','186610102211000563','MN001'),(105224370879726305,105224370879725881,'press','压力','MPa','MPa','186610102211000563','YL002'),(105224370879726306,105224370879725882,'curr1','电流1','A','A','186610102211100361','MN001'),(105224370879726307,105224370879725882,'curr2','电流2','A','A','186610102211100361','MN001'),(105224370879726308,105224370879725882,'curr3','电流3','A','A','186610102211100361','MN001'),(105224370879726309,105224370879725882,'volt1','电压1','V','V','186610102211100361','MN001'),(105224370879726310,105224370879725882,'volt2','电压2','V','V','186610102211100361','MN001'),(105224370879726311,105224370879725882,'volt3','电压3','V','V','186610102211100361','MN001'),(105224370879726312,105224370879725883,'tem1','温度1','℃','℃','186610102211100361','WD001'),(105224370879726313,105224370879725883,'tem2','温度2','℃','℃','186610102211100361','WD001'),(105224370879726314,105224370879725883,'tem3','温度3','℃','℃','186610102211100361','WD001'),(105224370879726315,105224370879725883,'tem4','温度4','℃','℃','186610102211100361','WD001'),(105224370879726316,105224370879725883,'tem5','温度5','℃','℃','186610102211100361','WD001'),(105224370879726317,105224370879725884,'press1','压力1','MPa','MPa','186610102211100361','YL001'),(105224370879726318,105224370879725884,'press2','压力2','MPa','MPa','186610102211100361','YL001'),(105224370879726319,105224370879725884,'press3','压力3','MPa','MPa','186610102211100361','YL001'),(105224370879726320,105224370879725884,'press4','压力4','MPa','MPa','186610102211100361','YL001'),(105224370879726321,105224370879725884,'press5','压力5','MPa','MPa','186610102211100361','YL001'),(105224370879726322,105224370879725885,'curr1','电流1','A','A','186610102211100567','MN001'),(105224370879726323,105224370879725885,'curr2','电流2','A','A','186610102211100567','MN001'),(105224370879726324,105224370879725885,'curr3','电流3','A','A','186610102211100567','MN001'),(105224370879726325,105224370879725885,'volt1','电压1','V','V','186610102211100567','MN001'),(105224370879726326,105224370879725885,'volt2','电压2','V','V','186610102211100567','MN001'),(105224370879726327,105224370879725885,'volt3','电压3','V','V','186610102211100567','MN001'),(105224370879726328,105224370879725886,'tem1','温度1','℃','℃','186610102211100567','RD001'),(105224370879726329,105224370879725886,'tem2','温度2','℃','℃','186610102211100567','RD001'),(105224370879726330,105224370879725886,'tem3','温度3','℃','℃','186610102211100567','RD001'),(105224370879726331,105224370879725886,'tem4','温度4','℃','℃','186610102211100567','RD001'),(105224370879726332,105224370879725886,'tem5','温度5','℃','℃','186610102211100567','RD001'),(105224370879726333,105224370879725887,'press1','压力1','MPa','MPa','186610102211100567','YL001'),(105224370879726334,105224370879725887,'press2','压力2','MPa','MPa','186610102211100567','YL001'),(105224370879726335,105224370879725887,'press3','压力3','MPa','MPa','186610102211100567','YL001'),(105224370879726336,105224370879725887,'press4','压力4','MPa','MPa','186610102211100567','YL001'),(105224370879726337,105224370879725887,'press5','压力5','MPa','MPa','186610102211100567','YL001'),(105224370879726338,105224370879725888,'tem','采集卡温度','℃','℃','186610102211100567','RD002'),(105224370879726339,105224370879725888,'tem1','采集卡温度1','℃','℃','186610102211100567','RD002'),(105224370879726340,105224370879725888,'tem2','采集卡温度2','℃','℃','186610102211100567','RD002'),(105224370879726341,105224370879725889,'curr1','电流1','A','A','186610102211100574','MN001'),(105224370879726342,105224370879725889,'curr2','电流2','A','A','186610102211100574','MN001'),(105224370879726343,105224370879725889,'curr3','电流3','A','A','186610102211100574','MN001'),(105224370879726344,105224370879725889,'volt1','电压1','V','V','186610102211100574','MN001'),(105224370879726345,105224370879725889,'volt2','电压2','V','V','186610102211100574','MN001'),(105224370879726346,105224370879725889,'volt3','电压3','V','V','186610102211100574','MN001'),(105224370879726347,105224370879725890,'tem1','温度1','℃','℃','186610102211100574','RD001'),(105224370879726348,105224370879725890,'tem2','温度2','℃','℃','186610102211100574','RD001'),(105224370879726349,105224370879725890,'tem3','温度3','℃','℃','186610102211100574','RD001'),(105224370879726350,105224370879725890,'tem4','温度4','℃','℃','186610102211100574','RD001'),(105224370879726351,105224370879725890,'tem5','温度5','℃','℃','186610102211100574','RD001'),(105224370879726352,105224370879725891,'press1','压力1','MPa','MPa','186610102211100574','YL001'),(105224370879726353,105224370879725891,'press2','压力2','MPa','MPa','186610102211100574','YL001'),(105224370879726354,105224370879725891,'press3','压力3','MPa','MPa','186610102211100574','YL001'),(105224370879726355,105224370879725891,'press4','压力4','MPa','MPa','186610102211100574','YL001'),(105224370879726356,105224370879725891,'press5','压力5','MPa','MPa','186610102211100574','YL001'),(105224370879726357,105224370879725892,'hum','湿度','g/cm3','g/cm3','186610102211100574','HG001'),(105224370879726358,105224370879725892,'tem1','烘干机温度1','℃','℃','186610102211100574','HG001'),(105224370879726359,105224370879725892,'tem2','烘干机温度2','℃','℃','186610102211100574','HG001'),(105224370879726360,105224370879725892,'tem3','烘干机温度3','℃','℃','186610102211100574','HG001'),(105224370879726361,105224370879725892,'tem4','烘干机温度4','℃','℃','186610102211100574','HG001'),(105224370879726362,105224370879725893,'tem1','温度1','℃','℃','186610102211100575','RD001'),(105224370879726363,105224370879725893,'tem2','温度2','℃','℃','186610102211100575','RD001'),(105224370879726364,105224370879725893,'tem3','温度3','℃','℃','186610102211100575','RD001'),(105224370879726365,105224370879725893,'tem4','温度4','℃','℃','186610102211100575','RD001'),(105224370879726366,105224370879725893,'hum','湿度','g/m3','g/m3','186610102211100575','RD001'),(105224370879726367,105224370879725894,'tem1','温度1','℃','℃','186610102211100576','RD001'),(105224370879726368,105224370879725894,'tem2','温度2','℃','℃','186610102211100576','RD001'),(105224370879726369,105224370879725894,'tem3','温度3','℃','℃','186610102211100576','RD001'),(105224370879726370,105224370879725894,'tem4','温度4','℃','℃','186610102211100576','RD001'),(105224370879726371,105224370879725894,'hum','湿度','g/cm3','g/cm3','186610102211100576','RD001'),(105224370879726372,105224370879725895,'curr1','电流1','A','A','186610102211100577','MN001'),(105224370879726373,105224370879725895,'curr2','电流2','A','A','186610102211100577','MN001'),(105224370879726374,105224370879725895,'curr3','电流3','A','A','186610102211100577','MN001'),(105224370879726375,105224370879725895,'volt1','电压1','V','V','186610102211100577','MN001'),(105224370879726376,105224370879725895,'volt2','电压2','V','V','186610102211100577','MN001'),(105224370879726377,105224370879725895,'volt3','电压3','V','V','186610102211100577','MN001'),(105224370879726378,105224370879725896,'tem1','温度1','℃','℃','186610102211100577','RD001'),(105224370879726379,105224370879725896,'tem2','温度2','℃','℃','186610102211100577','RD001'),(105224370879726380,105224370879725896,'tem3','温度3','℃','℃','186610102211100577','RD001'),(105224370879726381,105224370879725896,'tem4','温度4','℃','℃','186610102211100577','RD001'),(105224370879726382,105224370879725896,'tem5','温度5','℃','℃','186610102211100577','RD001'),(105224370879726383,105224370879725897,'press1','压力1','MPa','MPa','186610102211100577','YL001'),(105224370879726384,105224370879725897,'press2','压力2','MPa','MPa','186610102211100577','YL001'),(105224370879726385,105224370879725897,'press3','压力3','MPa','MPa','186610102211100577','YL001'),(105224370879726386,105224370879725897,'press4','压力4','MPa','MPa','186610102211100577','YL001'),(105224370879726387,105224370879725897,'press5','压力5','MPa','MPa','186610102211100577','YL001'),(105224370879726388,105224370879725898,'curr1','电流1','A','A','186610102211100578','MN001'),(105224370879726389,105224370879725898,'curr2','电流2','A','A','186610102211100578','MN001'),(105224370879726390,105224370879725898,'curr3','电流3','A','A','186610102211100578','MN001'),(105224370879726391,105224370879725898,'volt1','电压1','V','V','186610102211100578','MN001'),(105224370879726392,105224370879725898,'volt2','电压2','V','V','186610102211100578','MN001'),(105224370879726393,105224370879725898,'volt3','电压3','V','V','186610102211100578','MN001'),(105224370879726394,105224370879725899,'tem1','温度1','℃','℃','186610102211100578','RD001'),(105224370879726395,105224370879725899,'tem2','温度2','℃','℃','186610102211100578','RD001'),(105224370879726396,105224370879725899,'tem3','温度3','℃','℃','186610102211100578','RD001'),(105224370879726397,105224370879725899,'tem4','温度4','℃','℃','186610102211100578','RD001'),(105224370879726398,105224370879725899,'tem5','温度5','℃','℃','186610102211100578','RD001'),(105224370879726399,105224370879725900,'press1','压力1','MPa','MPa','186610102211100578','YL001'),(105224370879726400,105224370879725900,'press2','压力2','MPa','MPa','186610102211100578','YL001'),(105224370879726401,105224370879725900,'press3','压力3','MPa','MPa','186610102211100578','YL001'),(105224370879726402,105224370879725900,'press4','压力4','MPa','MPa','186610102211100578','YL001'),(105224370879726403,105224370879725900,'press5','压力5','MPa','MPa','186610102211100578','YL001'),(105224370879726404,105224370879725901,'curr1','电流1','A','A','186610102211100579','MN001'),(105224370879726405,105224370879725901,'curr2','电流2','A','A','186610102211100579','MN001'),(105224370879726406,105224370879725901,'curr3','电流3','A','A','186610102211100579','MN001'),(105224370879726407,105224370879725901,'volt1','电压1','V','V','186610102211100579','MN001'),(105224370879726408,105224370879725901,'volt2','电压2','V','V','186610102211100579','MN001'),(105224370879726409,105224370879725901,'volt3','电压3','V','V','186610102211100579','MN001'),(105224370879726410,105224370879725902,'tem1','温度1','℃','℃','186610102211100579','RD001'),(105224370879726411,105224370879725902,'tem2','温度2','℃','℃','186610102211100579','RD001'),(105224370879726412,105224370879725902,'tem3','温度3','℃','℃','186610102211100579','RD001'),(105224370879726413,105224370879725902,'tem4','温度4','℃','℃','186610102211100579','RD001'),(105224370879726414,105224370879725902,'tem5','温度5','℃','℃','186610102211100579','RD001'),(105224370879726415,105224370879725903,'press1','压力1','MPa','MPa','186610102211100579','YL001'),(105224370879726416,105224370879725903,'press2','压力2','MPa','MPa','186610102211100579','YL001'),(105224370879726417,105224370879725903,'press3','压力3','MPa','MPa','186610102211100579','YL001'),(105224370879726418,105224370879725903,'press4','压力4','MPa','MPa','186610102211100579','YL001'),(105224370879726419,105224370879725903,'press5','压力5','MPa','MPa','186610102211100579','YL001'),(105224370879726420,105224370879725904,'curr1','电流1','A','A','186610102211100580','MN001'),(105224370879726421,105224370879725904,'curr2','电流2','A','A','186610102211100580','MN001'),(105224370879726422,105224370879725904,'curr3','电流3','A','A','186610102211100580','MN001'),(105224370879726423,105224370879725904,'volt1','电压1','V','V','186610102211100580','MN001'),(105224370879726424,105224370879725904,'volt2','电压2','V','V','186610102211100580','MN001'),(105224370879726425,105224370879725904,'volt3','电压3','V','V','186610102211100580','MN001'),(105224370879726426,105224370879725905,'tem1','温度1','℃','℃','186610102211100580','RD001'),(105224370879726427,105224370879725905,'tem2','温度2','℃','℃','186610102211100580','RD001'),(105224370879726428,105224370879725905,'tem3','温度3','℃','℃','186610102211100580','RD001'),(105224370879726429,105224370879725905,'tem4','温度4','℃','℃','186610102211100580','RD001'),(105224370879726430,105224370879725905,'tem5','温度5','℃','℃','186610102211100580','RD001'),(105224370879726431,105224370879725906,'press1','压力1','MPa','MPa','186610102211100580','YL001'),(105224370879726432,105224370879725906,'press2','压力2','MPa','MPa','186610102211100580','YL001'),(105224370879726433,105224370879725906,'press3','压力3','MPa','MPa','186610102211100580','YL001'),(105224370879726434,105224370879725906,'press4','压力4','MPa','MPa','186610102211100580','YL001'),(105224370879726435,105224370879725906,'press5','压力5','MPa','MPa','186610102211100580','YL001'),(105224370879726436,105224370879725907,'curr1','电流1','A','A','186610102211100581','MN001'),(105224370879726437,105224370879725907,'curr2','电流2','A','A','186610102211100581','MN001'),(105224370879726438,105224370879725907,'curr3','电流3','A','A','186610102211100581','MN001'),(105224370879726439,105224370879725907,'volt1','电压1','V','V','186610102211100581','MN001'),(105224370879726440,105224370879725907,'volt2','电压2','V','V','186610102211100581','MN001'),(105224370879726441,105224370879725907,'volt3','电压3','V','V','186610102211100581','MN001'),(105224370879726442,105224370879725908,'tem1','温度1','℃','℃','186610102211100581','RD001'),(105224370879726443,105224370879725908,'tem2','温度2','℃','℃','186610102211100581','RD001'),(105224370879726444,105224370879725908,'tem3','温度3','℃','℃','186610102211100581','RD001'),(105224370879726445,105224370879725908,'tem4','温度4','℃','℃','186610102211100581','RD001'),(105224370879726446,105224370879725908,'tem5','温度5','℃','℃','186610102211100581','RD001'),(105224370879726447,105224370879725909,'press1','压力1','MPa','MPa','186610102211100581','YL001'),(105224370879726448,105224370879725909,'press2','压力2','MPa','MPa','186610102211100581','YL001'),(105224370879726449,105224370879725909,'press3','压力3','MPa','MPa','186610102211100581','YL001'),(105224370879726450,105224370879725909,'press4','压力4','MPa','MPa','186610102211100581','YL001'),(105224370879726451,105224370879725909,'press5','压力5','MPa','MPa','186610102211100581','YL001'),(105224370879726452,105224370879725910,'curr1','电流1','A','A','186610102211100584','MN001'),(105224370879726453,105224370879725910,'curr2','电流2','A','A','186610102211100584','MN001'),(105224370879726454,105224370879725910,'curr3','电流3','A','A','186610102211100584','MN001'),(105224370879726455,105224370879725910,'volt1','电压1','V','V','186610102211100584','MN001'),(105224370879726456,105224370879725910,'volt2','电压2','V','V','186610102211100584','MN001'),(105224370879726457,105224370879725910,'volt3','电压3','V','V','186610102211100584','MN001'),(105224370879726458,105224370879725911,'tem1','温度1','℃','℃','186610102211100584','RD001'),(105224370879726459,105224370879725911,'tem2','温度2','℃','℃','186610102211100584','RD001'),(105224370879726460,105224370879725911,'tem3','温度3','℃','℃','186610102211100584','RD001'),(105224370879726461,105224370879725911,'tem4','温度4','℃','℃','186610102211100584','RD001'),(105224370879726462,105224370879725911,'tem5','温度5','℃','℃','186610102211100584','RD001'),(105224370879726463,105224370879725912,'press1','压力1','MPa','MPa','186610102211100584','YL001'),(105224370879726464,105224370879725912,'press2','压力2','MPa','MPa','186610102211100584','YL001'),(105224370879726465,105224370879725912,'press3','压力3','MPa','MPa','186610102211100584','YL001'),(105224370879726466,105224370879725912,'press4','压力4','MPa','MPa','186610102211100584','YL001'),(105224370879726467,105224370879725912,'press5','压力5','MPa','MPa','186610102211100584','YL001'),(105224370879726468,105224370879725913,'curr1','电流1','A','A','186610102211100586','MN001'),(105224370879726469,105224370879725913,'curr2','电流2','A','A','186610102211100586','MN001'),(105224370879726470,105224370879725913,'curr3','电流3','A','A','186610102211100586','MN001'),(105224370879726471,105224370879725913,'volt1','电压1','V','V','186610102211100586','MN001'),(105224370879726472,105224370879725913,'volt2','电压2','V','V','186610102211100586','MN001'),(105224370879726473,105224370879725913,'volt3','电压3','V','V','186610102211100586','MN001'),(105224370879726474,105224370879725914,'tem1','温度1','℃','℃','186610102211100586','RD001'),(105224370879726475,105224370879725914,'tem2','温度2','℃','℃','186610102211100586','RD001'),(105224370879726476,105224370879725914,'tem3','温度3','℃','℃','186610102211100586','RD001'),(105224370879726477,105224370879725914,'tem4','温度4','℃','℃','186610102211100586','RD001'),(105224370879726478,105224370879725914,'tem5','温度5','℃','℃','186610102211100586','RD001'),(105224370879726479,105224370879725915,'press1','压力1','MPa','MPa','186610102211100586','YL001'),(105224370879726480,105224370879725915,'press2','压力2','MPa','MPa','186610102211100586','YL001'),(105224370879726481,105224370879725915,'press3','压力3','MPa','MPa','186610102211100586','YL001'),(105224370879726482,105224370879725915,'press4','压力4','MPa','MPa','186610102211100586','YL001'),(105224370879726483,105224370879725915,'press5','压力5','MPa','MPa','186610102211100586','YL001'),(105224370879726484,105224370879725916,'curr1','电流1','A','A','186610102211100588','MN001'),(105224370879726485,105224370879725916,'curr2','电流2','A','A','186610102211100588','MN001'),(105224370879726486,105224370879725916,'curr3','电流3','A','A','186610102211100588','MN001'),(105224370879726487,105224370879725916,'volt1','电压1','V','V','186610102211100588','MN001'),(105224370879726488,105224370879725916,'volt2','电压2','V','V','186610102211100588','MN001'),(105224370879726489,105224370879725916,'volt3','电压3','V','V','186610102211100588','MN001'),(105224370879726490,105224370879725917,'tem1','温度1','℃','℃','186610102211100588','RD001'),(105224370879726491,105224370879725917,'tem2','温度2','℃','℃','186610102211100588','RD001'),(105224370879726492,105224370879725917,'tem3','温度3','℃','℃','186610102211100588','RD001'),(105224370879726493,105224370879725917,'tem4','温度4','℃','℃','186610102211100588','RD001'),(105224370879726494,105224370879725917,'tem5','温度5','℃','℃','186610102211100588','RD001'),(105224370879726495,105224370879725918,'press1','压力1','MPa','MPa','186610102211100588','YL001'),(105224370879726496,105224370879725918,'press2','压力2','MPa','MPa','186610102211100588','YL001'),(105224370879726497,105224370879725918,'press3','压力3','MPa','MPa','186610102211100588','YL001'),(105224370879726498,105224370879725918,'press4','压力4','MPa','MPa','186610102211100588','YL001'),(105224370879726499,105224370879725918,'press5','压力5','MPa','MPa','186610102211100588','YL001'),(105224370879726500,105224370879725919,'curr1','电流1','A','A','186610102211100589','MN001'),(105224370879726501,105224370879725919,'curr2','电流2','A','A','186610102211100589','MN001'),(105224370879726502,105224370879725919,'curr3','电流3','A','A','186610102211100589','MN001'),(105224370879726503,105224370879725919,'volt1','电压1','V','V','186610102211100589','MN001'),(105224370879726504,105224370879725919,'volt2','电压2','V','V','186610102211100589','MN001'),(105224370879726505,105224370879725919,'volt3','电压3','V','V','186610102211100589','MN001'),(105224370879726506,105224370879725920,'tem1','温度1','℃','℃','186610102211100589','RD001'),(105224370879726507,105224370879725920,'tem2','温度2','℃','℃','186610102211100589','RD001'),(105224370879726508,105224370879725920,'tem3','温度3','℃','℃','186610102211100589','RD001'),(105224370879726509,105224370879725920,'tem4','温度4','℃','℃','186610102211100589','RD001'),(105224370879726510,105224370879725920,'tem5','温度5','℃','℃','186610102211100589','RD001'),(105224370879726511,105224370879725921,'press1','压力1','MPa','MPa','186610102211100589','YL001'),(105224370879726512,105224370879725921,'press2','压力2','MPa','MPa','186610102211100589','YL001'),(105224370879726513,105224370879725921,'press3','压力3','MPa','MPa','186610102211100589','YL001'),(105224370879726514,105224370879725921,'press4','压力4','MPa','MPa','186610102211100589','YL001'),(105224370879726515,105224370879725921,'press5','压力5','MPa','MPa','186610102211100589','YL001'),(105224370879726516,105224370879725922,'tem1','温度1','℃','℃','186610102211000008','000004'),(105224370879726517,105224370879725922,'tem2','温度2','℃','℃','186610102211000008','000004');
/*!40000 ALTER TABLE `node_attr` ENABLE KEYS */;
UNLOCK TABLES;

--
-- Table structure for table `node_attr_std`
--

DROP TABLE IF EXISTS `node_attr_std`;
/*!40101 SET @saved_cs_client     = @@character_set_client */;
/*!50503 SET character_set_client = utf8mb4 */;
CREATE TABLE `node_attr_std` (
  `nas_id` bigint NOT NULL COMMENT '节点属性模版ID',
  `nas_key` varchar(200) DEFAULT NULL COMMENT '主属性的归一化表示',
  `nas_desc` varchar(200) DEFAULT NULL COMMENT '对主属性的描述',
  `nas_unit` varchar(200) DEFAULT NULL COMMENT '主属性单位',
  `nas_sym` varchar(200) DEFAULT NULL COMMENT '主属性符号',
  PRIMARY KEY (`nas_id`)
) ENGINE=InnoDB DEFAULT CHARSET=utf8 COMMENT='节点属性模版，记录了一类节点属性的元数据，比如记录了某节点属性的计数单位';
/*!40101 SET character_set_client = @saved_cs_client */;

--
-- Dumping data for table `node_attr_std`
--

LOCK TABLES `node_attr_std` WRITE;
/*!40000 ALTER TABLE `node_attr_std` DISABLE KEYS */;
/*!40000 ALTER TABLE `node_attr_std` ENABLE KEYS */;
UNLOCK TABLES;

--
-- Table structure for table `node_cmd`
--

DROP TABLE IF EXISTS `node_cmd`;
/*!40101 SET @saved_cs_client     = @@character_set_client */;
/*!50503 SET character_set_client = utf8mb4 */;
CREATE TABLE `node_cmd` (
  `nc_id` bigint NOT NULL COMMENT '节点命令ID',
  `node_id` bigint NOT NULL COMMENT '节点ID，一个节点命令对应一个节点，一个节点有多个命令',
  `nc_content` varchar(40) NOT NULL COMMENT '命令内容',
  `nc_name` varchar(40) DEFAULT NULL COMMENT '命令中文标题',
  `scene_sn` varchar(24) NOT NULL COMMENT '场景SN',
  `node_sn` varchar(24) NOT NULL COMMENT '节点SN',
  PRIMARY KEY (`nc_id`),
  KEY `node_id` (`node_id`)
) ENGINE=InnoDB DEFAULT CHARSET=utf8 COMMENT='节点命令，节点命令的接收者是通信终端，一般通信终端会通过寻址机制将收到的命令作用于某个数据采集设备，命令可分为“收集数据“”调整参数”两类';
/*!40101 SET character_set_client = @saved_cs_client */;

--
-- Dumping data for table `node_cmd`
--

LOCK TABLES `node_cmd` WRITE;
/*!40000 ALTER TABLE `node_cmd` DISABLE KEYS */;
/*!40000 ALTER TABLE `node_cmd` ENABLE KEYS */;
UNLOCK TABLES;

--
-- Table structure for table `node_cmd_group`
--

DROP TABLE IF EXISTS `node_cmd_group`;
/*!40101 SET @saved_cs_client     = @@character_set_client */;
/*!50503 SET character_set_client = utf8mb4 */;
CREATE TABLE `node_cmd_group` (
  `ncg_id` bigint NOT NULL COMMENT '节点命令组ID',
  `node_id` bigint NOT NULL COMMENT '节点ID，一个命令组对应一个节点，具体关系待商榷',
  `ncg_name` varchar(40) DEFAULT NULL COMMENT '节点命令组名称',
  `ncg_key` varchar(40) DEFAULT NULL COMMENT '节点命令组key',
  PRIMARY KEY (`ncg_id`),
  KEY `key_unique` (`node_id`,`ncg_key`) USING BTREE
) ENGINE=InnoDB DEFAULT CHARSET=utf8 COMMENT='节点命令组，发不同类型的控制命令时，会对应不同的的处理方式，该表对控制命令进行了分类，比如“视频”“转动““频率“等不同类别的动作；一个命令对应到一个命令组，一个命令组可包含多条命令';
/*!40101 SET character_set_client = @saved_cs_client */;

--
-- Dumping data for table `node_cmd_group`
--

LOCK TABLES `node_cmd_group` WRITE;
/*!40000 ALTER TABLE `node_cmd_group` DISABLE KEYS */;
/*!40000 ALTER TABLE `node_cmd_group` ENABLE KEYS */;
UNLOCK TABLES;

--
-- Table structure for table `node_cmd_group_std`
--

DROP TABLE IF EXISTS `node_cmd_group_std`;
/*!40101 SET @saved_cs_client     = @@character_set_client */;
/*!50503 SET character_set_client = utf8mb4 */;
CREATE TABLE `node_cmd_group_std` (
  `ncgs_id` bigint NOT NULL COMMENT '命令组模版ID',
  `ncgs_name` varchar(200) NOT NULL COMMENT '命令组名称',
  `ncgs_key` varchar(200) NOT NULL COMMENT '命令组属性',
  PRIMARY KEY (`ncgs_id`)
) ENGINE=InnoDB DEFAULT CHARSET=utf8 COMMENT='节点命令组名称模版，node_cmd_group_std.ncgs_name对应node_cmd_group.ncg_name，供添加命令组选择“命令组名称“';
/*!40101 SET character_set_client = @saved_cs_client */;

--
-- Dumping data for table `node_cmd_group_std`
--

LOCK TABLES `node_cmd_group_std` WRITE;
/*!40000 ALTER TABLE `node_cmd_group_std` DISABLE KEYS */;
/*!40000 ALTER TABLE `node_cmd_group_std` ENABLE KEYS */;
UNLOCK TABLES;

--
-- Table structure for table `node_cmd_prot`
--

DROP TABLE IF EXISTS `node_cmd_prot`;
/*!40101 SET @saved_cs_client     = @@character_set_client */;
/*!50503 SET character_set_client = utf8mb4 */;
CREATE TABLE `node_cmd_prot` (
  `ncp_id` bigint NOT NULL COMMENT '节点命令协议ID',
  `node_id` bigint NOT NULL COMMENT '节点ID，一个节点命令协议对应一个节点，一个节点一般有两个节点命令协议：数据上传协议、命令下发协议',
  `ncp_type` varchar(10) NOT NULL COMMENT '与此节点通信(虽然通信的基本单位是scene，但是scene会通过寻址机制定位到某一节点，所以下发的命令最终作用于节点，上传的数据也是以节点为数据单元；scene每次上传的数据的格式应该是：以数据单元为元素的数组，再附加一些scene、node本身的信息)采用的协议类型',
  `ncp_down` varchar(200) NOT NULL COMMENT '数据上传格式',
  `ncp_up` varchar(200) NOT NULL COMMENT '命令下发格式',
  PRIMARY KEY (`ncp_id`),
  KEY `node_id` (`node_id`)
) ENGINE=InnoDB DEFAULT CHARSET=utf8 COMMENT='节点通信协议，一个节点可以对应一个数据上传协议，和一个命令下发协议';
/*!40101 SET character_set_client = @saved_cs_client */;

--
-- Dumping data for table `node_cmd_prot`
--

LOCK TABLES `node_cmd_prot` WRITE;
/*!40000 ALTER TABLE `node_cmd_prot` DISABLE KEYS */;
/*!40000 ALTER TABLE `node_cmd_prot` ENABLE KEYS */;
UNLOCK TABLES;

--
-- Table structure for table `node_cmd_std`
--

DROP TABLE IF EXISTS `node_cmd_std`;
/*!40101 SET @saved_cs_client     = @@character_set_client */;
/*!50503 SET character_set_client = utf8mb4 */;
CREATE TABLE `node_cmd_std` (
  `ncs_id` bigint NOT NULL COMMENT '节点命令模版ID',
  `ncs_key` varchar(200) NOT NULL COMMENT '命令属性',
  `ncs_name` varchar(200) NOT NULL COMMENT '命令属性名称',
  PRIMARY KEY (`ncs_id`)
) ENGINE=InnoDB DEFAULT CHARSET=utf8 COMMENT='节点命令名称模版，node_cmd_std.ncs_name字段对应node_cmd.nc_name，供添加命令选择“控制名称”';
/*!40101 SET character_set_client = @saved_cs_client */;

--
-- Dumping data for table `node_cmd_std`
--

LOCK TABLES `node_cmd_std` WRITE;
/*!40000 ALTER TABLE `node_cmd_std` DISABLE KEYS */;
/*!40000 ALTER TABLE `node_cmd_std` ENABLE KEYS */;
UNLOCK TABLES;

--
-- Table structure for table `node_cond`
--

DROP TABLE IF EXISTS `node_cond`;
/*!40101 SET @saved_cs_client     = @@character_set_client */;
/*!50503 SET character_set_client = utf8mb4 */;
CREATE TABLE `node_cond` (
  `nc_id` bigint NOT NULL COMMENT '节点触发器触发条件ID',
  `na_id` bigint NOT NULL COMMENT '节点属性ID，一个条件对应一个节点属性，一个节点属性有多个条件，条件的作用(判断)对象是节点属性',
  `nt_id` bigint NOT NULL COMMENT '节点触发器ID，一个条件对应一个节点触发器，一个节点触发器有多个条件',
  `nc_op` tinyint NOT NULL COMMENT '操作符1>2>=3<4<=5==6新值7冻结8复活',
  `nc_val` varchar(60) DEFAULT NULL COMMENT '条件满足的数值',
  `node_sn` varchar(24) DEFAULT NULL COMMENT '节点SN',
  `scene_sn` varchar(24) DEFAULT NULL COMMENT '场景SN',
  `nc_fit_time` int DEFAULT '1' COMMENT '满足条件几次才算条件匹配成功',
  PRIMARY KEY (`nc_id`),
  KEY `na_id` (`na_id`),
  KEY `nt_id` (`nt_id`)
) ENGINE=InnoDB DEFAULT CHARSET=utf8 COMMENT='节点触发器条件，一个节点可配置多个条件，一个条件对应一个触发器；一次“添加关联”操作可添加多个条件以及生成一个触发器(这些条件可能对应到不同节点，甚至不同场景下的不同节点)';
/*!40101 SET character_set_client = @saved_cs_client */;

--
-- Dumping data for table `node_cond`
--

LOCK TABLES `node_cond` WRITE;
/*!40000 ALTER TABLE `node_cond` DISABLE KEYS */;
/*!40000 ALTER TABLE `node_cond` ENABLE KEYS */;
UNLOCK TABLES;

--
-- Table structure for table `node_trig`
--

DROP TABLE IF EXISTS `node_trig`;
/*!40101 SET @saved_cs_client     = @@character_set_client */;
/*!50503 SET character_set_client = utf8mb4 */;
CREATE TABLE `node_trig` (
  `nt_id` bigint NOT NULL COMMENT '节点触发器ID',
  `nt_name` varchar(60) DEFAULT NULL COMMENT '节点触发器名称',
  `nt_desc` varchar(200) DEFAULT NULL COMMENT '节点触发器描述',
  `nt_invl` int DEFAULT '0' COMMENT '间隔时间，单位为秒',
  `nt_rept` tinyint DEFAULT '0' COMMENT '是否重复执行 0重复 1不重复',
  `nt_exec` tinyint DEFAULT '0' COMMENT '是否执行 0执行 1不执行',
  `nt_expr` datetime DEFAULT '9999-12-31 23:59:59' COMMENT '失效时间',
  PRIMARY KEY (`nt_id`)
) ENGINE=InnoDB DEFAULT CHARSET=utf8 COMMENT='节点触发器，一个节点可配置多个触发器，一个触发器也可对应多个节点，甚至不同场景下的节点；一个触发器下的全部条件都满足时才会触发';
/*!40101 SET character_set_client = @saved_cs_client */;

--
-- Dumping data for table `node_trig`
--

LOCK TABLES `node_trig` WRITE;
/*!40000 ALTER TABLE `node_trig` DISABLE KEYS */;
/*!40000 ALTER TABLE `node_trig` ENABLE KEYS */;
UNLOCK TABLES;

--
-- Table structure for table `scene`
--

DROP TABLE IF EXISTS `scene`;
/*!40101 SET @saved_cs_client     = @@character_set_client */;
/*!50503 SET character_set_client = utf8mb4 */;
CREATE TABLE `scene` (
  `scene_id` bigint NOT NULL COMMENT '场景ID',
  `scene_sn` char(20) NOT NULL COMMENT '场景网关号',
  `scene_name` varchar(40) NOT NULL COMMENT '场景名称',
  `scene_loc` varchar(60) DEFAULT NULL COMMENT '地点名称',
  `scene_lng` double DEFAULT NULL COMMENT '经度',
  `scene_lat` double DEFAULT NULL COMMENT '纬度',
  `scene_el` double DEFAULT NULL COMMENT '海拔',
  `scene_desc` varchar(200) DEFAULT NULL COMMENT '描述',
  `create_time` datetime DEFAULT NULL COMMENT '创建时间',
  PRIMARY KEY (`scene_id`),
  KEY `idx_scene_sn_value` (`scene_sn`) USING BTREE
) ENGINE=InnoDB DEFAULT CHARSET=utf8 COMMENT='场景表，场景是数据上传与命令下发的最基本单位。逻辑上可看作管理着多个数据单元的交互窗口；物理上可看作通信终端，比如dtu';
/*!40101 SET character_set_client = @saved_cs_client */;

--
-- Dumping data for table `scene`
--

LOCK TABLES `scene` WRITE;
/*!40000 ALTER TABLE `scene` DISABLE KEYS */;
INSERT INTO `scene` VALUES (105224370879725590,'186610102211100358','撕碎机',NULL,0,0,NULL,NULL,'2020-11-17 15:17:05'),(105224370879725591,'186610102211100363','生物质颗粒机',NULL,0,0,NULL,NULL,'2020-11-17 15:17:05'),(105224370879725592,'186610102211100364','砌块制砖机',NULL,0,0,NULL,NULL,'2020-11-17 15:17:05'),(105224370879725593,'186610102211100365','破碎机',NULL,0,0,NULL,NULL,'2020-11-17 15:17:05'),(105224370879725594,'186610102211100366','榨油机',NULL,0,0,NULL,NULL,'2020-11-17 15:17:05'),(105224370879725595,'186610102211100367','精炼油设备',NULL,0,0,NULL,NULL,'2020-11-17 15:17:05'),(105224370879725596,'186610102211100356','烘干机.',NULL,0,0,NULL,NULL,'2020-11-17 15:17:05'),(105224370879725597,'186610102211100374','压球机',NULL,0,0,NULL,NULL,'2020-11-17 15:17:05'),(105224370879725598,'186610102211100375','双级无筛底粉碎机',NULL,0,0,NULL,NULL,'2020-11-17 15:17:05'),(105224370879725599,'186610102211100376','木材粉碎机',NULL,0,0,NULL,NULL,'2020-11-17 15:17:05'),(105224370879725600,'186610102211100377','磁选机',NULL,0,0,NULL,NULL,'2020-11-17 15:17:05'),(105224370879725601,'186610102211100378','锂电池破碎回收设备',NULL,0,0,NULL,NULL,'2020-11-17 15:17:05'),(105224370879725602,'186610102211100381','烘干房',NULL,0,0,NULL,NULL,'2020-11-17 15:17:05'),(105224370879725603,'186610102211100384','木炭机',NULL,0,0,NULL,NULL,'2020-11-17 15:17:05'),(105224370879725604,'186610102211100385','生物质颗粒机',NULL,0,0,NULL,NULL,'2020-11-17 15:17:05'),(105224370879725605,'186610102211100391','移动破碎机',NULL,0,0,NULL,NULL,'2020-11-17 15:17:05'),(105224370879725606,'186610102211100392','破碎机设备',NULL,0,0,NULL,NULL,'2020-11-17 15:17:05'),(105224370879725607,'186610102211100393','双轴撕碎机',NULL,0,0,NULL,NULL,'2020-11-17 15:17:05'),(105224370879725608,'186610102211100394','石棉瓦设备',NULL,0,0,NULL,NULL,'2020-11-17 15:17:05'),(105224370879725609,'186610102211100395','榨油机',NULL,0,0,NULL,NULL,'2020-11-17 15:17:05'),(105224370879725610,'186610102211100396','金属撕碎机',NULL,0,0,NULL,NULL,'2020-11-17 15:17:05'),(105224370879725611,'186610102211100397','垃圾分拣机',NULL,0,0,NULL,NULL,'2020-11-17 15:17:05'),(105224370879725612,'186610102211100399','双螺旋榨油机',NULL,0,0,NULL,NULL,'2020-11-17 15:17:05'),(105224370879725613,'186610102211100400','生物质颗粒机',NULL,0,0,NULL,NULL,'2020-11-17 15:17:05'),(105224370879725614,'186610102211100403','双轴撕碎机',NULL,0,0,NULL,NULL,'2020-11-17 15:17:05'),(105224370879725615,'186610102211100404','双轴撕碎机',NULL,0,0,NULL,NULL,'2020-11-17 15:17:05'),(105224370879725616,'186610102211100405','木材粉碎机设备',NULL,0,0,NULL,NULL,'2020-11-17 15:17:05'),(105224370879725617,'186610102211100406','跳汰机',NULL,0,0,NULL,NULL,'2020-11-17 15:17:05'),(105224370879725618,'186610102211100408','测试23',NULL,0,0,NULL,NULL,'2020-11-17 15:17:05'),(105224370879725619,'186610102211100409','榨油机',NULL,0,0,NULL,NULL,'2020-11-17 15:17:05'),(105224370879725620,'186610102211100410','木头破碎机',NULL,0,0,NULL,NULL,'2020-11-17 15:17:05'),(105224370879725621,'186610102211100411','金属破碎机',NULL,0,0,NULL,NULL,'2020-11-17 15:17:05'),(105224370879725622,'186610102211100412','秸秆木材粉碎机',NULL,0,0,NULL,NULL,'2020-11-17 15:17:05'),(105224370879725623,'186610102211100413','烘干机',NULL,0,0,NULL,NULL,'2020-11-17 15:17:05'),(105224370879725624,'186610102211100414','炭化炉',NULL,0,0,NULL,NULL,'2020-11-17 15:17:05'),(105224370879725625,'186610102211100415','扒皮玉米收割机',NULL,0,0,NULL,NULL,'2020-11-17 15:17:05'),(105224370879725626,'186610102211100416','破碎设备',NULL,0,0,NULL,NULL,'2020-11-17 15:17:05'),(105224370879725627,'186610102211100417','康百万破碎机',NULL,0,0,NULL,NULL,'2020-11-17 15:17:05'),(105224370879725628,'186610102211100418','矿山制砂机',NULL,0,0,NULL,NULL,'2020-11-17 15:17:05'),(105224370879725629,'186610102211100419','全自动榨油机',NULL,0,0,NULL,NULL,'2020-11-17 15:17:05'),(105224370879725630,'186610102211100420','破碎机',NULL,0,0,NULL,NULL,'2020-11-17 15:17:05'),(105224370879725631,'186610102211100421','多功能撕碎机',NULL,0,0,NULL,NULL,'2020-11-17 15:17:05'),(105224370879725632,'186610102211100422','金属破碎机',NULL,0,0,NULL,NULL,'2020-11-17 15:17:05'),(105224370879725633,'186610102211100423','生物质颗粒机',NULL,0,0,NULL,NULL,'2020-11-17 15:17:05'),(105224370879725634,'186610102211100424','全自动制砖机',NULL,0,0,NULL,NULL,'2020-11-17 15:17:05'),(105224370879725635,'186610102211100425','生物质颗粒机',NULL,0,0,NULL,NULL,'2020-11-17 15:17:05'),(105224370879725636,'186610102211100426','金属破碎设备',NULL,0,0,NULL,NULL,'2020-11-17 15:17:05'),(105224370879725637,'186610102211100427','制砂设备',NULL,0,0,NULL,NULL,'2020-11-17 15:17:05'),(105224370879725638,'186610102211100428','机制砂设备',NULL,0,0,NULL,NULL,'2020-11-17 15:17:05'),(105224370879725639,'186610102211100429','气力输送设备',NULL,0,0,NULL,NULL,'2020-11-17 15:17:05'),(105224370879725640,'186610102211100430','炭化机',NULL,0,0,NULL,NULL,'2020-11-17 15:17:05'),(105224370879725641,'186610102211100431','木炭机',NULL,0,0,NULL,NULL,'2020-11-17 15:17:05'),(105224370879725642,'186610102211100432','制砂机',NULL,0,0,NULL,NULL,'2020-11-17 15:17:05'),(105224370879725643,'186610102211100433','双轴撕碎机',NULL,0,0,NULL,NULL,'2020-11-17 15:17:05'),(105224370879725644,'186610102211100434','撕碎机设备',NULL,0,0,NULL,NULL,'2020-11-17 15:17:05'),(105224370879725645,'186610102211100435','制砖机',NULL,0,0,NULL,NULL,'2020-11-17 15:17:05'),(105224370879725646,'186610102211100436','撕碎机设备',NULL,0,0,NULL,NULL,'2020-11-17 15:17:05'),(105224370879725647,'186610102211100437','制砂破碎设备',NULL,0,0,NULL,NULL,'2020-11-17 15:17:05'),(105224370879725648,'186610102211100438','多功能榨油机',NULL,0,0,NULL,NULL,'2020-11-17 15:17:05'),(105224370879725649,'186610102211100439','烘干机设备',NULL,0,0,NULL,NULL,'2020-11-17 15:17:05'),(105224370879725650,'186610102211100440','重锤式破碎机',NULL,0,0,NULL,NULL,'2020-11-17 15:17:05'),(105224370879725651,'186610102211100441','撕碎机',NULL,0,0,NULL,NULL,'2020-11-17 15:17:05'),(105224370879725652,'186610102211100442','压球机',NULL,0,0,NULL,NULL,'2020-11-17 15:17:05'),(105224370879725653,'186610102211100443','锤式破碎机',NULL,0,0,NULL,NULL,'2020-11-17 15:17:05'),(105224370879725654,'186610102211100444','炭化设备',NULL,0,0,NULL,NULL,'2020-11-17 15:17:06'),(105224370879725655,'186610102211100445','网带式烘干机设备',NULL,0,0,NULL,NULL,'2020-11-17 15:17:06'),(105224370879725656,'186610102211100446','生物质颗粒机',NULL,0,0,NULL,NULL,'2020-11-17 15:17:06'),(105224370879725657,'186610102211100447','撕碎机',NULL,0,0,NULL,NULL,'2020-11-17 15:17:06'),(105224370879725658,'186610102211100448','撕碎机',NULL,0,0,NULL,NULL,'2020-11-17 15:17:06'),(105224370879725659,'186610102211100449','气力输送设备',NULL,0,0,NULL,NULL,'2020-11-17 15:17:06'),(105224370879725660,'186610102211100450','制砖机',NULL,0,0,NULL,NULL,'2020-11-17 15:17:06'),(105224370879725661,'186610102211100451','输送设备',NULL,0,0,NULL,NULL,'2020-11-17 15:17:06'),(105224370879725662,'186610102211100452','反击式破碎机',NULL,0,0,NULL,NULL,'2020-11-17 15:17:06'),(105224370879725663,'186610102211100453','圆锥式破碎机',NULL,0,0,NULL,NULL,'2020-11-17 15:17:06'),(105224370879725664,'186610102211100454','金属破碎机',NULL,0,0,NULL,NULL,'2020-11-17 15:17:06'),(105224370879725665,'186610102211100455','树枝木材粉碎设备',NULL,0,0,NULL,NULL,'2020-11-17 15:17:06'),(105224370879725666,'186610102211100456','破碎机设备',NULL,0,0,NULL,NULL,'2020-11-17 15:17:06'),(105224370879725667,'186610102211100457','脱水设备',NULL,0,0,NULL,NULL,'2020-11-17 15:17:06'),(105224370879725668,'186610102211100458','木工带锯机',NULL,0,0,NULL,NULL,'2020-11-17 15:17:06'),(105224370879725669,'186610102211100460','锤式破碎机',NULL,0,0,NULL,NULL,'2020-11-17 15:17:06'),(105224370879725670,'186610102211100461','全自动砌块机',NULL,0,0,NULL,NULL,'2020-11-17 15:17:06'),(105224370879725671,'186610102211100462','制砖机设备',NULL,0,0,NULL,NULL,'2020-11-17 15:17:06'),(105224370879725672,'186610102211100463','移动破碎站',NULL,0,0,NULL,NULL,'2020-11-17 15:17:06'),(105224370879725673,'186610102211100464','双轴撕碎机',NULL,0,0,NULL,NULL,'2020-11-17 15:17:06'),(105224370879725674,'186610102211100465','颚式破碎机',NULL,0,0,NULL,NULL,'2020-11-17 15:17:06'),(105224370879725675,'186610102211100466','榨油机设备',NULL,0,0,NULL,NULL,'2020-11-17 15:17:06'),(105224370879725676,'186610102211100467','压球机',NULL,0,0,NULL,NULL,'2020-11-17 15:17:06'),(105224370879725677,'186610102211100468','双级无筛底粉碎机',NULL,0,0,NULL,NULL,'2020-11-17 15:17:06'),(105224370879725678,'186610102211100469','易拉罐粉碎机',NULL,0,0,NULL,NULL,'2020-11-17 15:17:06'),(105224370879725679,'186610102211100470','木炭机设备',NULL,0,0,NULL,NULL,'2020-11-17 15:17:06'),(105224370879725680,'186610102211100471','木材粉碎机设备',NULL,0,0,NULL,NULL,'2020-11-17 15:17:06'),(105224370879725681,'186610102211100472','烘干房设备',NULL,0,0,NULL,NULL,'2020-11-17 15:17:06'),(105224370879725682,'186610102211100473','网带式烘干机',NULL,0,0,NULL,NULL,'2020-11-17 15:17:06'),(105224370879725683,'186610102211100474','制砖机设备',NULL,0,0,NULL,NULL,'2020-11-17 15:17:06'),(105224370879725684,'186610102211100475','水泥砖机设备',NULL,0,0,NULL,NULL,'2020-11-17 15:17:06'),(105224370879725685,'186610102211100476','编织袋撕碎机',NULL,0,0,NULL,NULL,'2020-11-17 15:17:06'),(105224370879725686,'186610102211100477','金属破碎机',NULL,0,0,NULL,NULL,'2020-11-17 15:17:06'),(105224370879725687,'186610102211100478','多功能撕碎机',NULL,0,0,NULL,NULL,'2020-11-17 15:17:06'),(105224370879725688,'186610102211100479','金属撕碎机设备',NULL,0,0,NULL,NULL,'2020-11-17 15:17:06'),(105224370879725689,'186610102211100480','塑料橡胶撕碎机',NULL,0,0,NULL,NULL,'2020-11-17 15:17:06'),(105224370879725690,'186610102211100483','铜米机设备',NULL,0,0,NULL,NULL,'2020-11-17 15:17:06'),(105224370879725691,'186610102211100484','静电分选机',NULL,0,0,NULL,NULL,'2020-11-17 15:17:06'),(105224370879725692,'186610102211100487','磁选机',NULL,0,0,NULL,NULL,'2020-11-17 15:17:06'),(105224370879725693,'186610102211100488','破碎机',NULL,0,0,NULL,NULL,'2020-11-17 15:17:06'),(105224370879725694,'186610102211100489','离心机',NULL,0,0,NULL,NULL,'2020-11-17 15:17:06'),(105224370879725695,'186610102211100490','撕碎机',NULL,0,0,NULL,NULL,'2020-11-17 15:17:06'),(105224370879725696,'186610102211100491','铁屑粉碎机',NULL,0,0,NULL,NULL,'2020-11-17 15:17:06'),(105224370879725697,'186610102211100492','金属破碎机',NULL,0,0,NULL,NULL,'2020-11-17 15:17:06'),(105224370879725698,'186610102211100494','生物质颗粒机',NULL,0,0,NULL,NULL,'2020-11-17 15:17:06'),(105224370879725699,'186610102211100495','木材粉碎机',NULL,0,0,NULL,NULL,'2020-11-17 15:17:06'),(105224370879725700,'186610102211100496','制砖机',NULL,0,0,NULL,NULL,'2020-11-17 15:17:06'),(105224370879725701,'186610102211100497','屑饼机',NULL,0,0,NULL,NULL,'2020-11-17 15:17:06'),(105224370879725702,'186610102211100498','颚式破碎机',NULL,0,0,NULL,NULL,'2020-11-17 15:17:06'),(105224370879725703,'186610102211100499','双轴撕碎机',NULL,0,0,NULL,NULL,'2020-11-17 15:17:06'),(105224370879725704,'186610102211100500','破碎机',NULL,0,0,NULL,NULL,'2020-11-17 15:17:06'),(105224370879725705,'186610102211100501','金属撕碎机',NULL,0,0,NULL,NULL,'2020-11-17 15:17:06'),(105224370879725706,'186610102211100502','金属破碎机',NULL,0,0,NULL,NULL,'2020-11-17 15:17:06'),(105224370879725707,'186610102211100503','反击式破碎机',NULL,0,0,NULL,NULL,'2020-11-17 15:17:06'),(105224370879725708,'186610102211100504','对辊破碎机',NULL,0,0,NULL,NULL,'2020-11-17 15:17:06'),(105224370879725709,'186610102211100505','液压香油榨油机',NULL,0,0,NULL,NULL,'2020-11-17 15:17:06'),(105224370879725710,'186610102211100506','冲击式制砂机',NULL,0,0,NULL,NULL,'2020-11-17 15:17:06'),(105224370879725711,'186610102211100507','立轴复合破碎机',NULL,0,0,NULL,NULL,'2020-11-17 15:17:06'),(105224370879725712,'186610102211100508','木材粉碎机',NULL,0,0,NULL,NULL,'2020-11-17 15:17:06'),(105224370879725713,'186610102211100509','捶式制砂机',NULL,0,0,NULL,NULL,'2020-11-17 15:17:06'),(105224370879725714,'186610102211100510','烘干机',NULL,0,0,NULL,NULL,'2020-11-17 15:17:06'),(105224370879725715,'186610102211100511','撕碎机',NULL,0,0,NULL,NULL,'2020-11-17 15:17:06'),(105224370879725716,'186610102211100512','磁选机',NULL,0,0,NULL,NULL,'2020-11-17 15:17:06'),(105224370879725717,'186610102211100513','破碎机',NULL,0,0,NULL,NULL,'2020-11-17 15:17:06'),(105224370879725718,'186610102211100514','烘干机',NULL,0,0,NULL,NULL,'2020-11-17 15:17:06'),(105224370879725719,'186610102211100515','磁选机',NULL,0,0,NULL,NULL,'2020-11-17 15:17:06'),(105224370879725720,'186610102211100518','干式磁选机',NULL,0,0,NULL,NULL,'2020-11-17 15:17:06'),(105224370879725721,'186610102211100519','回转滚筒式烘干机',NULL,0,0,NULL,NULL,'2020-11-17 15:17:06'),(105224370879725722,'186610102211100520','立式复合破碎机',NULL,0,0,NULL,NULL,'2020-11-17 15:17:06'),(105224370879725723,'186610102211100521','颚式破碎机',NULL,0,0,NULL,NULL,'2020-11-17 15:17:06'),(105224370879725724,'186610102211100522','对辊式破碎机',NULL,0,0,NULL,NULL,'2020-11-17 15:17:06'),(105224370879725725,'186610102211100523','剪切机',NULL,0,0,NULL,NULL,'2020-11-17 15:17:06'),(105224370879725726,'186610102211100537','剪切机',NULL,0,0,NULL,NULL,'2020-11-17 15:17:06'),(105224370879725727,'186610102211100538','榨油机',NULL,0,0,NULL,NULL,'2020-11-17 15:17:06'),(105224370879725728,'186610102211000332','测试设备1',NULL,0,0,NULL,NULL,'2020-11-17 15:17:06'),(105224370879725729,'186610102211100544','主机186610102211100544',NULL,0,0,NULL,NULL,'2020-11-17 15:17:06'),(105224370879725730,'186610102211100546','烘干机',NULL,0,0,NULL,NULL,'2020-11-17 15:17:06'),(105224370879725731,'186610102211100549','主机186610102211100549',NULL,0,0,NULL,NULL,'2020-11-17 15:17:06'),(105224370879725732,'186610102211100550','主机186610102211100550',NULL,0,0,NULL,NULL,'2020-11-17 15:17:06'),(105224370879725733,'186610102211100551','外地设备1',NULL,0,0,NULL,NULL,'2020-11-17 15:17:06'),(105224370879725734,'186610102211100552','西区烘干机2',NULL,0,0,NULL,NULL,'2020-11-17 15:17:06'),(105224370879725735,'186610102211100559','主机186610102211100559',NULL,0,0,NULL,NULL,'2020-11-17 15:17:06'),(105224370879725736,'186610102211100560','追（d77155483）',NULL,0,0,NULL,NULL,'2020-11-17 15:17:07'),(105224370879725737,'186610102211100566','PLC测试4',NULL,0,0,NULL,NULL,'2020-11-17 15:17:07'),(105224370879725738,'186610102211000563','展厅剪切机',NULL,0,0,NULL,NULL,'2020-11-17 15:17:07'),(105224370879725739,'186610102211100361','PLC测试1',NULL,0,0,NULL,NULL,'2020-11-17 15:17:07'),(105224370879725740,'186610102211100567','PLC测试5',NULL,0,0,NULL,NULL,'2020-11-17 15:17:07'),(105224370879725741,'186610102211100574','东区烘干机4',NULL,0,0,NULL,NULL,'2020-11-17 15:17:07'),(105224370879725742,'186610102211100575','西区烘干机1',NULL,0,0,NULL,NULL,'2020-11-17 15:17:07'),(105224370879725743,'186610102211100576','东区烘干机3',NULL,0,0,NULL,NULL,'2020-11-17 15:17:07'),(105224370879725744,'186610102211100577','zt颗粒机',NULL,0,0,NULL,NULL,'2020-11-17 15:17:07'),(105224370879725745,'186610102211100578','zt撕碎机设备',NULL,0,0,NULL,NULL,'2020-11-17 15:17:07'),(105224370879725746,'186610102211100579','zt软启动柜',NULL,0,0,NULL,NULL,'2020-11-17 15:17:07'),(105224370879725747,'186610102211100580','zt制砂机',NULL,0,0,NULL,NULL,'2020-11-17 15:17:07'),(105224370879725748,'186610102211100581','安远设备',NULL,0,0,NULL,NULL,'2020-11-17 15:17:07'),(105224370879725749,'186610102211100584','zt制砖机',NULL,0,0,NULL,NULL,'2020-11-17 15:17:07'),(105224370879725750,'186610102211100586','榨油机',NULL,0,0,NULL,NULL,'2020-11-17 15:17:07'),(105224370879725751,'186610102211100588','制砂机',NULL,0,0,NULL,NULL,'2020-11-17 15:17:07'),(105224370879725752,'186610102211100589','远程升级测试1',NULL,0,0,NULL,NULL,'2020-11-17 15:17:07'),(105224370879725753,'186610102211000008','新平台测试设备',NULL,0,0,NULL,NULL,'2020-11-17 15:17:07');
/*!40000 ALTER TABLE `scene` ENABLE KEYS */;
UNLOCK TABLES;

--
-- Table structure for table `site_letter`
--

DROP TABLE IF EXISTS `site_letter`;
/*!40101 SET @saved_cs_client     = @@character_set_client */;
/*!50503 SET character_set_client = utf8mb4 */;
CREATE TABLE `site_letter` (
  `sl_id` bigint NOT NULL,
  `is_read` smallint DEFAULT NULL,
  `create_time` datetime DEFAULT NULL,
  `current_value` varchar(200) CHARACTER SET utf8mb4 COLLATE utf8mb4_unicode_ci DEFAULT NULL,
  PRIMARY KEY (`sl_id`)
) ENGINE=InnoDB DEFAULT CHARSET=utf8mb4 COLLATE=utf8mb4_unicode_ci;
/*!40101 SET character_set_client = @saved_cs_client */;

--
-- Dumping data for table `site_letter`
--

LOCK TABLES `site_letter` WRITE;
/*!40000 ALTER TABLE `site_letter` DISABLE KEYS */;
/*!40000 ALTER TABLE `site_letter` ENABLE KEYS */;
UNLOCK TABLES;

--
-- Table structure for table `worker_node`
--

DROP TABLE IF EXISTS `worker_node`;
/*!40101 SET @saved_cs_client     = @@character_set_client */;
/*!50503 SET character_set_client = utf8mb4 */;
CREATE TABLE `worker_node` (
  `ID` bigint NOT NULL AUTO_INCREMENT COMMENT '自增的wordIdauto increment id',
  `HOST_NAME` varchar(64) CHARACTER SET utf8mb4 COLLATE utf8mb4_unicode_ci NOT NULL COMMENT '服务器节点ip地址host name',
  `PORT` varchar(64) CHARACTER SET utf8mb4 COLLATE utf8mb4_unicode_ci NOT NULL COMMENT '服务器节点端口port',
  `TYPE` int NOT NULL COMMENT '服务器节点类型、在docket容器中还是实际的机器node type: ACTUAL or CONTAINER',
  `LAUNCH_DATE` date NOT NULL COMMENT '登录时间',
  `MODIFIED` timestamp NOT NULL DEFAULT CURRENT_TIMESTAMP ON UPDATE CURRENT_TIMESTAMP COMMENT '修改时间',
  `CREATED` timestamp NOT NULL DEFAULT CURRENT_TIMESTAMP ON UPDATE CURRENT_TIMESTAMP COMMENT '创建时间',
  PRIMARY KEY (`ID`)
) ENGINE=InnoDB AUTO_INCREMENT=118 DEFAULT CHARSET=utf8mb4 COLLATE=utf8mb4_0900_ai_ci COMMENT='DB WorkerID Assigner for UID Generator';
/*!40101 SET character_set_client = @saved_cs_client */;

--
-- Dumping data for table `worker_node`
--

LOCK TABLES `worker_node` WRITE;
/*!40000 ALTER TABLE `worker_node` DISABLE KEYS */;
/*!40000 ALTER TABLE `worker_node` ENABLE KEYS */;
UNLOCK TABLES;
/*!40103 SET TIME_ZONE=@OLD_TIME_ZONE */;

/*!40101 SET SQL_MODE=@OLD_SQL_MODE */;
/*!40014 SET FOREIGN_KEY_CHECKS=@OLD_FOREIGN_KEY_CHECKS */;
/*!40014 SET UNIQUE_CHECKS=@OLD_UNIQUE_CHECKS */;
/*!40101 SET CHARACTER_SET_CLIENT=@OLD_CHARACTER_SET_CLIENT */;
/*!40101 SET CHARACTER_SET_RESULTS=@OLD_CHARACTER_SET_RESULTS */;
/*!40101 SET COLLATION_CONNECTION=@OLD_COLLATION_CONNECTION */;
/*!40111 SET SQL_NOTES=@OLD_SQL_NOTES */;

-- Dump completed on 2020-11-17 18:23:49
