/*
 Navicat Premium Data Transfer

 Source Server         : xindouyun
 Source Server Type    : MySQL
 Source Server Version : 50728
 Source Host           : 114.115.240.14:3306
 Source Schema         : iotdata

 Target Server Type    : MySQL
 Target Server Version : 50728
 File Encoding         : 65001

 Date: 16/12/2020 22:19:16
*/

SET NAMES utf8mb4;
SET FOREIGN_KEY_CHECKS = 0;

-- ----------------------------
-- Table structure for node
-- ----------------------------
DROP TABLE IF EXISTS `node`;
CREATE TABLE `node` (
  `node_id` bigint(20) NOT NULL COMMENT '节点ID',
  `scene_id` bigint(20) NOT NULL COMMENT '场景ID，一个节点对应一个场景，一个场景可包含多个节点',
  `scene_sn` char(20) NOT NULL COMMENT '网关SN',
  `node_name` varchar(40) NOT NULL COMMENT '节点名称',
  `node_desc` varchar(200) DEFAULT NULL COMMENT '描述',
  `node_sn` varchar(255) NOT NULL COMMENT '节点物理节点号',
  `node_map` varchar(60) DEFAULT NULL COMMENT '节点映射实际地址',
  `node_attrname` varchar(255) DEFAULT '{"nodename":"","attrname":"","attrvname":"","arrayname":""}' COMMENT 'JSON格式存放节点和属性各值上载名称',
  `create_time` datetime NOT NULL COMMENT '创建时间',
  PRIMARY KEY (`node_id`) USING BTREE,
  KEY `scene_id` (`scene_id`) USING BTREE
) ENGINE=InnoDB DEFAULT CHARSET=utf8 COMMENT='节点表，一个场景下有多个节点。逻辑上可看作一个数据单元；物理上可看作数据采集设备，比如采集卡';

-- ----------------------------
-- Records of node
-- ----------------------------
BEGIN;
INSERT INTO `node` VALUES (14929542544157861, 14929542544157703, '186610102211100356', '设备温湿度', NULL, 'RD001', NULL, NULL, '2020-11-20 11:21:13');
INSERT INTO `node` VALUES (14929542544157862, 14929542544157717, '186610102211100396', '模拟量采集卡(电压电流)', NULL, 'MN001', NULL, NULL, '2020-11-20 11:21:14');
INSERT INTO `node` VALUES (14929542544157863, 14929542544157717, '186610102211100396', '热电偶采集卡(监测温度用)', NULL, 'RD001', NULL, NULL, '2020-11-20 11:21:14');
INSERT INTO `node` VALUES (14929542544157864, 14929542544157717, '186610102211100396', '压力变送器(压强)', NULL, 'YL001', NULL, NULL, '2020-11-20 11:21:14');
INSERT INTO `node` VALUES (14929542544157865, 14929542544157794, '186610102211100478', '模拟量采集卡(电压电流)', NULL, 'MN001', NULL, NULL, '2020-11-20 11:21:19');
INSERT INTO `node` VALUES (14929542544157866, 14929542544157794, '186610102211100478', '热电偶采集卡(监测温度用)', NULL, 'RD001', NULL, NULL, '2020-11-20 11:21:19');
INSERT INTO `node` VALUES (14929542544157867, 14929542544157794, '186610102211100478', '压力变送器(压强)', NULL, 'YL001', NULL, NULL, '2020-11-20 11:21:19');
INSERT INTO `node` VALUES (14929542544157868, 14929542544157811, '186610102211100500', '温湿度采集卡', NULL, 'WS001', NULL, NULL, '2020-11-20 11:21:20');
INSERT INTO `node` VALUES (14929542544157869, 14929542544157811, '186610102211100500', '模拟量采集卡(电压电流)', NULL, 'MN001', NULL, NULL, '2020-11-20 11:21:20');
INSERT INTO `node` VALUES (14929542544157870, 14929542544157811, '186610102211100500', '热电偶采集卡(监测温度用)', NULL, 'RD001', NULL, NULL, '2020-11-20 11:21:20');
INSERT INTO `node` VALUES (14929542544157871, 14929542544157811, '186610102211100500', '压力变送器(压强)', NULL, 'YL001', NULL, NULL, '2020-11-20 11:21:20');
INSERT INTO `node` VALUES (14929542544157872, 14929542544157812, '186610102211100501', '温湿度采集卡', NULL, 'WS001', NULL, NULL, '2020-11-20 11:21:20');
INSERT INTO `node` VALUES (14929542544157873, 14929542544157812, '186610102211100501', '模拟量采集卡(电压电流)', NULL, 'MN001', NULL, NULL, '2020-11-20 11:21:20');
INSERT INTO `node` VALUES (14929542544157874, 14929542544157812, '186610102211100501', '热电偶采集卡(监测温度用)', NULL, 'RD001', NULL, NULL, '2020-11-20 11:21:20');
INSERT INTO `node` VALUES (14929542544157875, 14929542544157812, '186610102211100501', '压力变送器(压强)', NULL, 'YL001', NULL, NULL, '2020-11-20 11:21:20');
INSERT INTO `node` VALUES (14929542544157876, 14929542544157813, '186610102211100502', '温湿度采集卡', NULL, 'WS001', NULL, NULL, '2020-11-20 11:21:20');
INSERT INTO `node` VALUES (14929542544157877, 14929542544157813, '186610102211100502', '模拟量采集卡(电压电流)', NULL, 'MN001', NULL, NULL, '2020-11-20 11:21:20');
INSERT INTO `node` VALUES (14929542544157878, 14929542544157813, '186610102211100502', '热电偶采集卡(监测温度用)', NULL, 'RD001', NULL, NULL, '2020-11-20 11:21:20');
INSERT INTO `node` VALUES (14929542544157879, 14929542544157813, '186610102211100502', '压力变送器(压强)', NULL, 'YL001', NULL, NULL, '2020-11-20 11:21:20');
INSERT INTO `node` VALUES (14929542544157880, 14929542544157814, '186610102211100503', '温湿度采集卡', NULL, 'WS001', NULL, NULL, '2020-11-20 11:21:20');
INSERT INTO `node` VALUES (14929542544157881, 14929542544157814, '186610102211100503', '模拟量采集卡(电压电流)', NULL, 'MN001', NULL, NULL, '2020-11-20 11:21:20');
INSERT INTO `node` VALUES (14929542544157882, 14929542544157814, '186610102211100503', '热电偶采集卡(监测温度用)', NULL, 'RD001', NULL, NULL, '2020-11-20 11:21:20');
INSERT INTO `node` VALUES (14929542544157883, 14929542544157814, '186610102211100503', '压力变送器(压强)', NULL, 'YL001', NULL, NULL, '2020-11-20 11:21:20');
INSERT INTO `node` VALUES (14929542544157884, 14929542544157815, '186610102211100504', '温湿度采集卡', NULL, 'WS001', NULL, NULL, '2020-11-20 11:21:20');
INSERT INTO `node` VALUES (14929542544157885, 14929542544157815, '186610102211100504', '模拟量采集卡(电压电流)', NULL, 'MN001', NULL, NULL, '2020-11-20 11:21:20');
INSERT INTO `node` VALUES (14929542544157886, 14929542544157815, '186610102211100504', '热电偶采集卡(监测温度用)', NULL, 'RD001', NULL, NULL, '2020-11-20 11:21:20');
INSERT INTO `node` VALUES (14929542544157887, 14929542544157815, '186610102211100504', '压力变送器(压强)', NULL, 'YL001', NULL, NULL, '2020-11-20 11:21:20');
INSERT INTO `node` VALUES (14929542544157888, 14929542544157816, '186610102211100505', '温湿度采集卡', NULL, 'WS001', NULL, NULL, '2020-11-20 11:21:21');
INSERT INTO `node` VALUES (14929542544157889, 14929542544157816, '186610102211100505', '模拟量采集卡(电压电流)', NULL, 'MN001', NULL, NULL, '2020-11-20 11:21:21');
INSERT INTO `node` VALUES (14929542544157890, 14929542544157816, '186610102211100505', '热电偶采集卡(监测温度用)', NULL, 'RD001', NULL, NULL, '2020-11-20 11:21:21');
INSERT INTO `node` VALUES (14929542544157891, 14929542544157816, '186610102211100505', '压力变送器(压强)', NULL, 'YL001', NULL, NULL, '2020-11-20 11:21:21');
INSERT INTO `node` VALUES (14929542544157892, 14929542544157817, '186610102211100506', '温湿度采集卡', NULL, 'WS001', NULL, NULL, '2020-11-20 11:21:21');
INSERT INTO `node` VALUES (14929542544157893, 14929542544157817, '186610102211100506', '模拟量采集卡(电压电流)', NULL, 'MN001', NULL, NULL, '2020-11-20 11:21:21');
INSERT INTO `node` VALUES (14929542544157894, 14929542544157817, '186610102211100506', '热电偶采集卡(监测温度用)', NULL, 'RD001', NULL, NULL, '2020-11-20 11:21:21');
INSERT INTO `node` VALUES (14929542544157895, 14929542544157817, '186610102211100506', '压力变送器(压强)', NULL, 'YL001', NULL, NULL, '2020-11-20 11:21:21');
INSERT INTO `node` VALUES (14929542544157896, 14929542544157818, '186610102211100507', '温湿度采集卡', NULL, 'WS001', NULL, NULL, '2020-11-20 11:21:21');
INSERT INTO `node` VALUES (14929542544157897, 14929542544157818, '186610102211100507', '模拟量采集卡(电压电流)', NULL, 'MN001', NULL, NULL, '2020-11-20 11:21:21');
INSERT INTO `node` VALUES (14929542544157898, 14929542544157818, '186610102211100507', '热电偶采集卡(监测温度用)', NULL, 'RD001', NULL, NULL, '2020-11-20 11:21:21');
INSERT INTO `node` VALUES (14929542544157899, 14929542544157818, '186610102211100507', '压力变送器(压强)', NULL, 'YL001', NULL, NULL, '2020-11-20 11:21:21');
INSERT INTO `node` VALUES (14929542544157900, 14929542544157819, '186610102211100508', '温湿度采集卡', NULL, 'WS001', NULL, NULL, '2020-11-20 11:21:21');
INSERT INTO `node` VALUES (14929542544157901, 14929542544157819, '186610102211100508', '模拟量采集卡(电压电流)', NULL, 'MN001', NULL, NULL, '2020-11-20 11:21:21');
INSERT INTO `node` VALUES (14929542544157902, 14929542544157819, '186610102211100508', '热电偶采集卡(监测温度用)', NULL, 'RD001', NULL, NULL, '2020-11-20 11:21:21');
INSERT INTO `node` VALUES (14929542544157903, 14929542544157819, '186610102211100508', '压力变送器(压强)', NULL, 'YL001', NULL, NULL, '2020-11-20 11:21:21');
INSERT INTO `node` VALUES (14929542544157904, 14929542544157820, '186610102211100509', '温湿度采集卡', NULL, 'WS001', NULL, NULL, '2020-11-20 11:21:21');
INSERT INTO `node` VALUES (14929542544157905, 14929542544157820, '186610102211100509', '模拟量采集卡(电压电流)', NULL, 'MN001', NULL, NULL, '2020-11-20 11:21:21');
INSERT INTO `node` VALUES (14929542544157906, 14929542544157820, '186610102211100509', '热电偶采集卡(监测温度用)', NULL, 'RD001', NULL, NULL, '2020-11-20 11:21:21');
INSERT INTO `node` VALUES (14929542544157907, 14929542544157820, '186610102211100509', '压力变送器(压强)', NULL, 'YL001', NULL, NULL, '2020-11-20 11:21:21');
INSERT INTO `node` VALUES (14929542544157908, 14929542544157821, '186610102211100510', '温湿度采集卡', NULL, 'WS001', NULL, NULL, '2020-11-20 11:21:21');
INSERT INTO `node` VALUES (14929542544157909, 14929542544157821, '186610102211100510', '模拟量采集卡(电压电流)', NULL, 'MN001', NULL, NULL, '2020-11-20 11:21:21');
INSERT INTO `node` VALUES (14929542544157910, 14929542544157821, '186610102211100510', '热电偶采集卡(监测温度用)', NULL, 'RD001', NULL, NULL, '2020-11-20 11:21:21');
INSERT INTO `node` VALUES (14929542544157911, 14929542544157821, '186610102211100510', '压力变送器(压强)', NULL, 'YL001', NULL, NULL, '2020-11-20 11:21:21');
INSERT INTO `node` VALUES (14929542544157912, 14929542544157822, '186610102211100511', '温湿度采集卡', NULL, 'WS001', NULL, NULL, '2020-11-20 11:21:21');
INSERT INTO `node` VALUES (14929542544157913, 14929542544157822, '186610102211100511', '模拟量采集卡(电压电流)', NULL, 'MN001', NULL, NULL, '2020-11-20 11:21:21');
INSERT INTO `node` VALUES (14929542544157914, 14929542544157822, '186610102211100511', '热电偶采集卡(监测温度用)', NULL, 'RD001', NULL, NULL, '2020-11-20 11:21:21');
INSERT INTO `node` VALUES (14929542544157915, 14929542544157822, '186610102211100511', '压力变送器(压强)', NULL, 'YL001', NULL, NULL, '2020-11-20 11:21:21');
INSERT INTO `node` VALUES (14929542544157916, 14929542544157823, '186610102211100512', '温湿度采集卡', NULL, 'WS001', NULL, NULL, '2020-11-20 11:21:21');
INSERT INTO `node` VALUES (14929542544157917, 14929542544157823, '186610102211100512', '模拟量采集卡(电压电流)', NULL, 'MN001', NULL, NULL, '2020-11-20 11:21:21');
INSERT INTO `node` VALUES (14929542544157918, 14929542544157823, '186610102211100512', '热电偶采集卡(监测温度用)', NULL, 'RD001', NULL, NULL, '2020-11-20 11:21:21');
INSERT INTO `node` VALUES (14929542544157919, 14929542544157823, '186610102211100512', '压力变送器(压强)', NULL, 'YL001', NULL, NULL, '2020-11-20 11:21:21');
INSERT INTO `node` VALUES (14929542544157920, 14929542544157824, '186610102211100513', '模拟量采集卡(电压电流)', NULL, 'MN001', NULL, NULL, '2020-11-20 11:21:22');
INSERT INTO `node` VALUES (14929542544157921, 14929542544157824, '186610102211100513', '热电偶采集卡(监测温度用)', NULL, 'RD001', NULL, NULL, '2020-11-20 11:21:22');
INSERT INTO `node` VALUES (14929542544157922, 14929542544157824, '186610102211100513', '压力变送器(压强)', NULL, 'YL001', NULL, NULL, '2020-11-20 11:21:22');
INSERT INTO `node` VALUES (14929542544157923, 14929542544157825, '186610102211100514', '温湿度采集卡', NULL, 'WS001', NULL, NULL, '2020-11-20 11:21:22');
INSERT INTO `node` VALUES (14929542544157924, 14929542544157825, '186610102211100514', '模拟量采集卡(电压电流)', NULL, 'MN001', NULL, NULL, '2020-11-20 11:21:22');
INSERT INTO `node` VALUES (14929542544157925, 14929542544157825, '186610102211100514', '热电偶采集卡(监测温度用)', NULL, 'RD001', NULL, NULL, '2020-11-20 11:21:22');
INSERT INTO `node` VALUES (14929542544157926, 14929542544157825, '186610102211100514', '压力变送器(压强)', NULL, 'YL001', NULL, NULL, '2020-11-20 11:21:22');
INSERT INTO `node` VALUES (14929542544157927, 14929542544157826, '186610102211100515', '温湿度采集卡', NULL, 'WS001', NULL, NULL, '2020-11-20 11:21:22');
INSERT INTO `node` VALUES (14929542544157928, 14929542544157826, '186610102211100515', '模拟量采集卡(电压电流)', NULL, 'MN001', NULL, NULL, '2020-11-20 11:21:22');
INSERT INTO `node` VALUES (14929542544157929, 14929542544157826, '186610102211100515', '热电偶采集卡(监测温度用)', NULL, 'RD001', NULL, NULL, '2020-11-20 11:21:22');
INSERT INTO `node` VALUES (14929542544157930, 14929542544157826, '186610102211100515', '压力变送器(压强)', NULL, 'YL001', NULL, NULL, '2020-11-20 11:21:22');
INSERT INTO `node` VALUES (14929542544157931, 14929542544157827, '186610102211100518', '温湿度采集卡', NULL, 'WS001', NULL, NULL, '2020-11-20 11:21:22');
INSERT INTO `node` VALUES (14929542544157932, 14929542544157827, '186610102211100518', '模拟量采集卡(电压电流)', NULL, 'MN001', NULL, NULL, '2020-11-20 11:21:22');
INSERT INTO `node` VALUES (14929542544157933, 14929542544157827, '186610102211100518', '热电偶采集卡(监测温度用)', NULL, 'RD001', NULL, NULL, '2020-11-20 11:21:22');
INSERT INTO `node` VALUES (14929542544157934, 14929542544157827, '186610102211100518', '压力变送器(压强)', NULL, 'YL001', NULL, NULL, '2020-11-20 11:21:22');
INSERT INTO `node` VALUES (14929542544157935, 14929542544157828, '186610102211100519', '温湿度采集卡', NULL, 'WS001', NULL, NULL, '2020-11-20 11:21:23');
INSERT INTO `node` VALUES (14929542544157936, 14929542544157828, '186610102211100519', '模拟量采集卡(电压电流)', NULL, 'MN001', NULL, NULL, '2020-11-20 11:21:23');
INSERT INTO `node` VALUES (14929542544157937, 14929542544157828, '186610102211100519', '热电偶采集卡(监测温度用)', NULL, 'RD001', NULL, NULL, '2020-11-20 11:21:23');
INSERT INTO `node` VALUES (14929542544157938, 14929542544157828, '186610102211100519', '压力变送器(压强)', NULL, 'YL001', NULL, NULL, '2020-11-20 11:21:23');
INSERT INTO `node` VALUES (14929542544157939, 14929542544157829, '186610102211100520', '模拟量采集卡(电压电流)', NULL, 'MN001', NULL, NULL, '2020-11-20 11:21:23');
INSERT INTO `node` VALUES (14929542544157940, 14929542544157829, '186610102211100520', '热电偶采集卡(监测温度用)', NULL, 'RD001', NULL, '{\"nodename\":\"pid\",\"attrname\":\"addr\",\"attrvalue\":\"addv\"}', '2020-11-20 11:21:23');
INSERT INTO `node` VALUES (14929542544157941, 14929542544157829, '186610102211100520', '压力变送器(压强)', NULL, 'YL001', NULL, NULL, '2020-11-20 11:21:23');
INSERT INTO `node` VALUES (14929542544157942, 14929542544157830, '186610102211100521', '温湿度采集卡', NULL, 'WS001', NULL, NULL, '2020-11-20 11:21:23');
INSERT INTO `node` VALUES (14929542544157943, 14929542544157830, '186610102211100521', '模拟量采集卡(电压电流)', NULL, 'MN001', NULL, NULL, '2020-11-20 11:21:23');
INSERT INTO `node` VALUES (14929542544157944, 14929542544157830, '186610102211100521', '热电偶采集卡(监测温度用)', NULL, 'RD001', NULL, NULL, '2020-11-20 11:21:23');
INSERT INTO `node` VALUES (14929542544157945, 14929542544157830, '186610102211100521', '压力变送器(压强)', NULL, 'YL001', NULL, NULL, '2020-11-20 11:21:23');
INSERT INTO `node` VALUES (14929542544157946, 14929542544157831, '186610102211100522', '温湿度采集卡', NULL, 'WS001', NULL, NULL, '2020-11-20 11:21:23');
INSERT INTO `node` VALUES (14929542544157947, 14929542544157831, '186610102211100522', '模拟量采集卡(电压电流)', NULL, 'MN001', NULL, NULL, '2020-11-20 11:21:23');
INSERT INTO `node` VALUES (14929542544157948, 14929542544157831, '186610102211100522', '热电偶采集卡(监测温度用)', NULL, 'RD001', NULL, NULL, '2020-11-20 11:21:23');
INSERT INTO `node` VALUES (14929542544157949, 14929542544157831, '186610102211100522', '压力变送器(压强)', NULL, 'YL001', NULL, NULL, '2020-11-20 11:21:23');
INSERT INTO `node` VALUES (14929542544157950, 14929542544157832, '186610102211100523', '模拟量采集卡(电压电流)', NULL, 'MN001', NULL, NULL, '2020-11-20 11:21:23');
INSERT INTO `node` VALUES (14929542544157951, 14929542544157832, '186610102211100523', '热电偶采集卡(监测温度用)', NULL, 'RD001', NULL, NULL, '2020-11-20 11:21:23');
INSERT INTO `node` VALUES (14929542544157952, 14929542544157832, '186610102211100523', '压力变送器(压强)', NULL, 'YL001', NULL, NULL, '2020-11-20 11:21:23');
INSERT INTO `node` VALUES (14929542544157953, 14929542544157833, '186610102211100537', '温湿度采集卡', NULL, 'WS001', NULL, NULL, '2020-11-20 11:21:23');
INSERT INTO `node` VALUES (14929542544157954, 14929542544157833, '186610102211100537', '模拟量采集卡(电压电流)', NULL, 'MN001', NULL, NULL, '2020-11-20 11:21:23');
INSERT INTO `node` VALUES (14929542544157955, 14929542544157833, '186610102211100537', '热电偶采集卡(监测温度用)', NULL, 'RD001', NULL, NULL, '2020-11-20 11:21:23');
INSERT INTO `node` VALUES (14929542544157956, 14929542544157833, '186610102211100537', '压力变送器(压强)', NULL, 'YL001', NULL, NULL, '2020-11-20 11:21:23');
INSERT INTO `node` VALUES (14929542544157957, 14929542544157834, '186610102211100538', '温湿度采集卡', NULL, 'WS001', NULL, NULL, '2020-11-20 11:21:23');
INSERT INTO `node` VALUES (14929542544157958, 14929542544157834, '186610102211100538', '模拟量采集卡(电压电流)', NULL, 'MN001', NULL, NULL, '2020-11-20 11:21:23');
INSERT INTO `node` VALUES (14929542544157959, 14929542544157834, '186610102211100538', '热电偶采集卡(监测温度用)', NULL, 'RD001', NULL, NULL, '2020-11-20 11:21:23');
INSERT INTO `node` VALUES (14929542544157960, 14929542544157834, '186610102211100538', '压力变送器(压强)', NULL, 'YL001', NULL, NULL, '2020-11-20 11:21:23');
INSERT INTO `node` VALUES (14929542544157961, 14929542544157835, '186610102211000332', '模拟量采集卡(电压电流)', NULL, 'MN001', NULL, NULL, '2020-11-20 11:21:23');
INSERT INTO `node` VALUES (14929542544157962, 14929542544157835, '186610102211000332', '热电偶采集卡(监测温度用)', NULL, 'RD001', NULL, NULL, '2020-11-20 11:21:23');
INSERT INTO `node` VALUES (14929542544157963, 14929542544157835, '186610102211000332', '压力变送器(压强)', NULL, 'YL001', NULL, NULL, '2020-11-20 11:21:23');
INSERT INTO `node` VALUES (14929542544157964, 14929542544157836, '186610102211100544', '模拟量采集卡(电压电流)', NULL, 'MN001', NULL, NULL, '2020-11-20 11:21:23');
INSERT INTO `node` VALUES (14929542544157965, 14929542544157836, '186610102211100544', 'eee', NULL, 'ZE001', NULL, NULL, '2020-11-20 11:21:23');
INSERT INTO `node` VALUES (14929542544157966, 14929542544157837, '186610102211100546', '设备温度', NULL, 'RD001', NULL, NULL, '2020-11-20 11:21:23');
INSERT INTO `node` VALUES (14929542544157967, 14929542544157838, '186610102211100549', '温湿度采集卡', NULL, 'WS001', NULL, NULL, '2020-11-20 11:21:23');
INSERT INTO `node` VALUES (14929542544157968, 14929542544157838, '186610102211100549', '热电偶采集卡(监测温度用)', NULL, 'RD001', NULL, NULL, '2020-11-20 11:21:23');
INSERT INTO `node` VALUES (14929542544157969, 14929542544157838, '186610102211100549', '压力变送器(压强)', NULL, 'YL001', NULL, NULL, '2020-11-20 11:21:23');
INSERT INTO `node` VALUES (14929542544157970, 14929542544157839, '186610102211100550', '热电偶采集卡(监测温度用)', NULL, 'RD001', NULL, NULL, '2020-11-20 11:21:24');
INSERT INTO `node` VALUES (14929542544157971, 14929542544157839, '186610102211100550', '压力变送器(压强)', NULL, 'YL001', NULL, NULL, '2020-11-20 11:21:24');
INSERT INTO `node` VALUES (14929542544157972, 14929542544157840, '186610102211100551', '电流485', NULL, 'RD001', NULL, NULL, '2020-11-20 11:21:24');
INSERT INTO `node` VALUES (14929542544157973, 14929542544157841, '186610102211100552', '热电偶采集卡(监测温度用)', NULL, 'RD001', NULL, NULL, '2020-11-20 11:21:24');
INSERT INTO `node` VALUES (14929542544157974, 14929542544157842, '186610102211100559', '温湿度采集卡', NULL, 'WS001', NULL, NULL, '2020-11-20 11:21:24');
INSERT INTO `node` VALUES (14929542544157975, 14929542544157842, '186610102211100559', '模拟量采集卡(电压电流)', NULL, 'MN001', NULL, NULL, '2020-11-20 11:21:24');
INSERT INTO `node` VALUES (14929542544157976, 14929542544157842, '186610102211100559', '热电偶采集卡(监测温度用)', NULL, 'RD001', NULL, NULL, '2020-11-20 11:21:24');
INSERT INTO `node` VALUES (14929542544157977, 14929542544157842, '186610102211100559', '压力变送器(压强)', NULL, 'YL001', NULL, NULL, '2020-11-20 11:21:24');
INSERT INTO `node` VALUES (14929542544157978, 14929542544157843, '186610102211100560', '温湿度采集卡', NULL, 'WS001', NULL, NULL, '2020-11-20 11:21:24');
INSERT INTO `node` VALUES (14929542544157979, 14929542544157843, '186610102211100560', '模拟量采集卡(电压电流)', NULL, 'MN001', NULL, NULL, '2020-11-20 11:21:24');
INSERT INTO `node` VALUES (14929542544157980, 14929542544157843, '186610102211100560', '热电偶采集卡(监测温度用)', NULL, 'RD001', NULL, NULL, '2020-11-20 11:21:24');
INSERT INTO `node` VALUES (14929542544157981, 14929542544157843, '186610102211100560', '压力变送器(压强)', NULL, 'YL001', NULL, NULL, '2020-11-20 11:21:24');
INSERT INTO `node` VALUES (14929542544157982, 14929542544157844, '186610102211100566', '模拟量采集卡(电压电流)', NULL, 'MN001', NULL, NULL, '2020-11-20 11:21:24');
INSERT INTO `node` VALUES (14929542544157983, 14929542544157844, '186610102211100566', '温度', NULL, 'WD001', NULL, NULL, '2020-11-20 11:21:24');
INSERT INTO `node` VALUES (14929542544157984, 14929542544157844, '186610102211100566', '压力', NULL, 'YL001', NULL, NULL, '2020-11-20 11:21:24');
INSERT INTO `node` VALUES (14929542544157985, 14929542544157845, '186610102211000563', '温度', NULL, 'WD001', NULL, NULL, '2020-11-20 11:21:24');
INSERT INTO `node` VALUES (14929542544157986, 14929542544157845, '186610102211000563', '压力', NULL, 'YL001', NULL, NULL, '2020-11-20 11:21:24');
INSERT INTO `node` VALUES (14929542544157987, 14929542544157845, '186610102211000563', '模拟量采集卡(电压电流)', NULL, 'MN001', NULL, NULL, '2020-11-20 11:21:24');
INSERT INTO `node` VALUES (14929542544157988, 14929542544157845, '186610102211000563', '485压力', NULL, 'YL002', NULL, NULL, '2020-11-20 11:21:24');
INSERT INTO `node` VALUES (14929542544157989, 14929542544157846, '186610102211100361', '模拟量采集卡(电压电流)', NULL, 'MN001', NULL, NULL, '2020-11-20 11:21:25');
INSERT INTO `node` VALUES (14929542544157990, 14929542544157846, '186610102211100361', '温度', NULL, 'WD001', NULL, NULL, '2020-11-20 11:21:25');
INSERT INTO `node` VALUES (14929542544157991, 14929542544157846, '186610102211100361', '压力', NULL, 'YL001', NULL, NULL, '2020-11-20 11:21:25');
INSERT INTO `node` VALUES (14929542544157992, 14929542544157847, '186610102211100567', '模拟量采集卡(电压电流)', NULL, 'MN001', NULL, NULL, '2020-11-20 11:21:25');
INSERT INTO `node` VALUES (14929542544157993, 14929542544157847, '186610102211100567', '热电偶采集卡(监测温度用)', NULL, 'RD001', NULL, NULL, '2020-11-20 11:21:25');
INSERT INTO `node` VALUES (14929542544157994, 14929542544157847, '186610102211100567', '压力变送器(压强)', NULL, 'YL001', NULL, NULL, '2020-11-20 11:21:25');
INSERT INTO `node` VALUES (14929542544157995, 14929542544157847, '186610102211100567', '节点2', NULL, 'RD002', NULL, NULL, '2020-11-20 11:21:25');
INSERT INTO `node` VALUES (14929542544157996, 14929542544157848, '186610102211100574', '模拟量采集卡(电压电流)', NULL, 'MN001', NULL, NULL, '2020-11-20 11:21:25');
INSERT INTO `node` VALUES (14929542544157997, 14929542544157848, '186610102211100574', '热电偶采集卡(监测温度用)', NULL, 'RD001', NULL, NULL, '2020-11-20 11:21:25');
INSERT INTO `node` VALUES (14929542544157998, 14929542544157848, '186610102211100574', '压力变送器(压强)', NULL, 'YL001', NULL, NULL, '2020-11-20 11:21:25');
INSERT INTO `node` VALUES (14929542544157999, 14929542544157848, '186610102211100574', '烘干机命令', NULL, 'HG001', NULL, NULL, '2020-11-20 11:21:25');
INSERT INTO `node` VALUES (14929542544158000, 14929542544157849, '186610102211100575', '热电偶采集卡(监测温度用)', NULL, 'RD001', NULL, NULL, '2020-11-20 11:21:25');
INSERT INTO `node` VALUES (14929542544158001, 14929542544157850, '186610102211100576', '热电偶采集卡(监测温度用)', NULL, 'RD001', NULL, NULL, '2020-11-20 11:21:25');
INSERT INTO `node` VALUES (14929542544158002, 14929542544157851, '186610102211100577', '模拟量采集卡(电压电流)', NULL, 'MN001', NULL, NULL, '2020-11-20 11:21:25');
INSERT INTO `node` VALUES (14929542544158003, 14929542544157851, '186610102211100577', '热电偶采集卡(监测温度用)', NULL, 'RD001', NULL, NULL, '2020-11-20 11:21:25');
INSERT INTO `node` VALUES (14929542544158004, 14929542544157851, '186610102211100577', '压力变送器(压强)', NULL, 'YL001', NULL, NULL, '2020-11-20 11:21:25');
INSERT INTO `node` VALUES (14929542544158005, 14929542544157852, '186610102211100578', '模拟量采集卡(电压电流)', NULL, 'MN001', NULL, NULL, '2020-11-20 11:21:25');
INSERT INTO `node` VALUES (14929542544158006, 14929542544157852, '186610102211100578', '热电偶采集卡(监测温度用)', NULL, 'RD001', NULL, NULL, '2020-11-20 11:21:25');
INSERT INTO `node` VALUES (14929542544158007, 14929542544157852, '186610102211100578', '压力变送器(压强)', NULL, 'YL001', NULL, NULL, '2020-11-20 11:21:25');
INSERT INTO `node` VALUES (14929542544158008, 14929542544157853, '186610102211100579', '模拟量采集卡(电压电流)', NULL, 'MN001', NULL, NULL, '2020-11-20 11:21:25');
INSERT INTO `node` VALUES (14929542544158009, 14929542544157853, '186610102211100579', '热电偶采集卡(监测温度用)', NULL, 'RD001', NULL, NULL, '2020-11-20 11:21:25');
INSERT INTO `node` VALUES (14929542544158010, 14929542544157853, '186610102211100579', '压力变送器(压强)', NULL, 'YL001', NULL, NULL, '2020-11-20 11:21:25');
INSERT INTO `node` VALUES (14929542544158011, 14929542544157854, '186610102211100580', '模拟量采集卡(电压电流)', NULL, 'MN001', NULL, NULL, '2020-11-20 11:21:25');
INSERT INTO `node` VALUES (14929542544158012, 14929542544157854, '186610102211100580', '热电偶采集卡(监测温度用)', NULL, 'RD001', NULL, NULL, '2020-11-20 11:21:25');
INSERT INTO `node` VALUES (14929542544158013, 14929542544157854, '186610102211100580', '压力变送器(压强)', NULL, 'YL001', NULL, NULL, '2020-11-20 11:21:25');
INSERT INTO `node` VALUES (14929542544158014, 14929542544157855, '186610102211100581', '模拟量采集卡(电压电流)', NULL, 'MN001', NULL, NULL, '2020-11-20 11:21:25');
INSERT INTO `node` VALUES (14929542544158015, 14929542544157855, '186610102211100581', '热电偶采集卡(监测温度用)', NULL, 'RD001', NULL, NULL, '2020-11-20 11:21:25');
INSERT INTO `node` VALUES (14929542544158016, 14929542544157855, '186610102211100581', '压力变送器(压强)', NULL, 'YL001', NULL, NULL, '2020-11-20 11:21:25');
INSERT INTO `node` VALUES (14929542544158017, 14929542544157856, '186610102211100584', '模拟量采集卡(电压电流)', NULL, 'MN001', NULL, NULL, '2020-11-20 11:21:25');
INSERT INTO `node` VALUES (14929542544158018, 14929542544157856, '186610102211100584', '热电偶采集卡(监测温度用)', NULL, 'RD001', NULL, NULL, '2020-11-20 11:21:25');
INSERT INTO `node` VALUES (14929542544158019, 14929542544157856, '186610102211100584', '压力变送器(压强)', NULL, 'YL001', NULL, NULL, '2020-11-20 11:21:25');
INSERT INTO `node` VALUES (14929542544158020, 14929542544157857, '186610102211100586', '模拟量采集卡(电压电流)', NULL, 'MN001', NULL, NULL, '2020-11-20 11:21:25');
INSERT INTO `node` VALUES (14929542544158021, 14929542544157857, '186610102211100586', '热电偶采集卡(监测温度用)', NULL, 'RD001', NULL, NULL, '2020-11-20 11:21:25');
INSERT INTO `node` VALUES (14929542544158022, 14929542544157857, '186610102211100586', '压力变送器(压强)', NULL, 'YL001', NULL, NULL, '2020-11-20 11:21:25');
INSERT INTO `node` VALUES (14929542544158023, 14929542544157858, '186610102211100588', '模拟量采集卡(电压电流)', NULL, 'MN001', NULL, NULL, '2020-11-20 11:21:25');
INSERT INTO `node` VALUES (14929542544158024, 14929542544157858, '186610102211100588', '热电偶采集卡(监测温度用)', NULL, 'RD001', NULL, NULL, '2020-11-20 11:21:25');
INSERT INTO `node` VALUES (14929542544158025, 14929542544157858, '186610102211100588', '压力变送器(压强)', NULL, 'YL001', NULL, NULL, '2020-11-20 11:21:25');
INSERT INTO `node` VALUES (14929542544158026, 14929542544157859, '186610102211100589', '模拟量采集卡(电压电流)', NULL, 'MN001', NULL, NULL, '2020-11-20 11:21:25');
INSERT INTO `node` VALUES (14929542544158027, 14929542544157859, '186610102211100589', '热电偶采集卡(监测温度用)', NULL, 'RD001', NULL, NULL, '2020-11-20 11:21:25');
INSERT INTO `node` VALUES (14929542544158028, 14929542544157859, '186610102211100589', '压力变送器(压强)', NULL, 'YL001', NULL, NULL, '2020-11-20 11:21:25');
INSERT INTO `node` VALUES (15338225862244886, 15338225862244885, '186610102211100591', '模拟量采集卡(电压电流)', NULL, 'MN001', NULL, NULL, '2020-11-24 10:46:50');
INSERT INTO `node` VALUES (15338225862244893, 15338225862244885, '186610102211100591', '热电偶采集卡(监测温度用)', NULL, 'RD001', NULL, NULL, '2020-11-24 10:46:51');
INSERT INTO `node` VALUES (15338225862244899, 15338225862244885, '186610102211100591', '压力变送器(压强)', NULL, 'YL001', NULL, NULL, '2020-11-24 10:46:51');
INSERT INTO `node` VALUES (15338225862244905, 15338225862244884, '186610102211100590', '模拟量采集卡(电压电流)', NULL, 'MN001', NULL, NULL, '2020-11-24 10:47:11');
INSERT INTO `node` VALUES (15338225862244912, 15338225862244884, '186610102211100590', '热电偶采集卡(监测温度用)', NULL, 'RD001', NULL, NULL, '2020-11-24 10:47:12');
INSERT INTO `node` VALUES (15338225862244918, 15338225862244884, '186610102211100590', '压力变送器(压强)', NULL, 'YL001', NULL, NULL, '2020-11-24 10:47:12');
COMMIT;

-- ----------------------------
-- Table structure for node_act_alert
-- ----------------------------
DROP TABLE IF EXISTS `node_act_alert`;
CREATE TABLE `node_act_alert` (
  `naa_id` bigint(20) NOT NULL COMMENT '触发报警信息ID',
  `nt_id` bigint(20) NOT NULL COMMENT '节点触发器消息ID',
  `naa_type` tinyint(4) NOT NULL DEFAULT '3' COMMENT '警报类型 1短信 2email ',
  `naa_val` varchar(60) DEFAULT NULL COMMENT '发警报对象的数值手机号、邮箱',
  `naa_content` varchar(200) DEFAULT NULL COMMENT '发送内容',
  PRIMARY KEY (`naa_id`) USING BTREE,
  KEY `nt_id` (`nt_id`) USING BTREE
) ENGINE=InnoDB DEFAULT CHARSET=utf8 COMMENT='一旦一个节点触发器被触发，就会有一个报警信息被发出';

-- ----------------------------
-- Table structure for node_act_cmd
-- ----------------------------
DROP TABLE IF EXISTS `node_act_cmd`;
CREATE TABLE `node_act_cmd` (
  `nac_id` bigint(20) NOT NULL,
  `nc_id` bigint(20) NOT NULL COMMENT '关联的命令，node_cmd.nc_id',
  `nt_id` bigint(20) NOT NULL,
  PRIMARY KEY (`nac_id`) USING BTREE,
  KEY `nt_id` (`nt_id`) USING BTREE
) ENGINE=InnoDB DEFAULT CHARSET=utf8 COMMENT='一旦一个节点触发器被触发，可能会执行多个命令';

-- ----------------------------
-- Table structure for node_attr
-- ----------------------------
DROP TABLE IF EXISTS `node_attr`;
CREATE TABLE `node_attr` (
  `na_id` bigint(20) NOT NULL COMMENT '节点属性ID',
  `node_id` bigint(20) NOT NULL COMMENT '节点ID，一个节点属性对应一个节点，一个节点有多个节点属性',
  `na_key` varchar(20) NOT NULL COMMENT '属性标识',
  `na_name` varchar(20) DEFAULT NULL COMMENT '属性名称',
  `na_unit` varchar(20) DEFAULT NULL COMMENT '属性单位',
  `na_sym` varchar(20) DEFAULT NULL COMMENT '属性符号',
  `na_form` varchar(255) DEFAULT NULL COMMENT '属性值格式化公式（选填），R表示量程，X表示原始数值',
  `na_map` varchar(255) DEFAULT NULL COMMENT '属性映射的传感器偏移地址（选填）',
  `scene_sn` varchar(24) NOT NULL COMMENT '场景SN',
  `node_sn` varchar(24) NOT NULL COMMENT '节点SN',
  PRIMARY KEY (`na_id`) USING BTREE,
  UNIQUE KEY `nodeId_attrKey` (`node_id`,`na_key`) USING BTREE
) ENGINE=InnoDB DEFAULT CHARSET=utf8 COMMENT='节点属性表，一个节点下有多个属性。逻辑上可看作数据单元里的一个字段；物理上可看作底层感知设备，比如传感器';

-- ----------------------------
-- Records of node_attr
-- ----------------------------
BEGIN;
INSERT INTO `node_attr` VALUES (14929542544158032, 14929542544157861, 'tem1', '温度1', '℃', '℃', NULL, NULL, '186610102211100356', 'RD001');
INSERT INTO `node_attr` VALUES (14929542544158033, 14929542544157861, 'tem2', '温度2', '℃', '℃', NULL, NULL, '186610102211100356', 'RD001');
INSERT INTO `node_attr` VALUES (14929542544158034, 14929542544157861, 'tem3', '温度3', '℃', '℃', NULL, NULL, '186610102211100356', 'RD001');
INSERT INTO `node_attr` VALUES (14929542544158035, 14929542544157861, 'tem4', '温度4', '℃', '℃', NULL, NULL, '186610102211100356', 'RD001');
INSERT INTO `node_attr` VALUES (14929542544158036, 14929542544157861, 'hum', '湿度', 'g/cm3', 'g/cm3', NULL, NULL, '186610102211100356', 'RD001');
INSERT INTO `node_attr` VALUES (14929542544158037, 14929542544157862, 'curr1', '电流1', 'A', 'A', NULL, NULL, '186610102211100396', 'MN001');
INSERT INTO `node_attr` VALUES (14929542544158038, 14929542544157862, 'curr2', '电流2', 'A', 'A', NULL, NULL, '186610102211100396', 'MN001');
INSERT INTO `node_attr` VALUES (14929542544158039, 14929542544157862, 'curr3', '电流3', 'A', 'A', NULL, NULL, '186610102211100396', 'MN001');
INSERT INTO `node_attr` VALUES (14929542544158040, 14929542544157862, 'volt1', '电压1', 'V', 'V', NULL, NULL, '186610102211100396', 'MN001');
INSERT INTO `node_attr` VALUES (14929542544158041, 14929542544157862, 'volt2', '电压2', 'V', 'V', NULL, NULL, '186610102211100396', 'MN001');
INSERT INTO `node_attr` VALUES (14929542544158042, 14929542544157862, 'volt3', '电压3', 'V', 'V', NULL, NULL, '186610102211100396', 'MN001');
INSERT INTO `node_attr` VALUES (14929542544158043, 14929542544157863, 'tem1', '温度1', '℃', '℃', NULL, NULL, '186610102211100396', 'RD001');
INSERT INTO `node_attr` VALUES (14929542544158044, 14929542544157863, 'tem2', '温度2', '℃', '℃', NULL, NULL, '186610102211100396', 'RD001');
INSERT INTO `node_attr` VALUES (14929542544158045, 14929542544157863, 'tem3', '温度3', '℃', '℃', NULL, NULL, '186610102211100396', 'RD001');
INSERT INTO `node_attr` VALUES (14929542544158046, 14929542544157863, 'tem4', '温度4', '℃', '℃', NULL, NULL, '186610102211100396', 'RD001');
INSERT INTO `node_attr` VALUES (14929542544158047, 14929542544157863, 'tem5', '温度5', '℃', '℃', NULL, NULL, '186610102211100396', 'RD001');
INSERT INTO `node_attr` VALUES (14929542544158048, 14929542544157864, 'press1', '压力1', 'MPa', 'MPa', NULL, NULL, '186610102211100396', 'YL001');
INSERT INTO `node_attr` VALUES (14929542544158049, 14929542544157864, 'press2', '压力2', 'MPa', 'MPa', NULL, NULL, '186610102211100396', 'YL001');
INSERT INTO `node_attr` VALUES (14929542544158050, 14929542544157864, 'press3', '压力3', 'MPa', 'MPa', NULL, NULL, '186610102211100396', 'YL001');
INSERT INTO `node_attr` VALUES (14929542544158051, 14929542544157864, 'press4', '压力4', 'MPa', 'MPa', NULL, NULL, '186610102211100396', 'YL001');
INSERT INTO `node_attr` VALUES (14929542544158052, 14929542544157864, 'press5', '压力5', 'MPa', 'MPa', NULL, NULL, '186610102211100396', 'YL001');
INSERT INTO `node_attr` VALUES (14929542544158053, 14929542544157865, 'curr1', '电流1', 'A', 'A', NULL, NULL, '186610102211100478', 'MN001');
INSERT INTO `node_attr` VALUES (14929542544158054, 14929542544157865, 'curr2', '电流2', 'A', 'A', NULL, NULL, '186610102211100478', 'MN001');
INSERT INTO `node_attr` VALUES (14929542544158055, 14929542544157865, 'curr3', '电流3', 'A', 'A', NULL, NULL, '186610102211100478', 'MN001');
INSERT INTO `node_attr` VALUES (14929542544158056, 14929542544157865, 'volt1', '电压1', 'V', 'V', NULL, NULL, '186610102211100478', 'MN001');
INSERT INTO `node_attr` VALUES (14929542544158057, 14929542544157865, 'volt2', '电压2', 'V', 'V', NULL, NULL, '186610102211100478', 'MN001');
INSERT INTO `node_attr` VALUES (14929542544158058, 14929542544157865, 'volt3', '电压3', 'V', 'V', NULL, NULL, '186610102211100478', 'MN001');
INSERT INTO `node_attr` VALUES (14929542544158059, 14929542544157866, 'tem1', '温度1', '℃', '℃', NULL, NULL, '186610102211100478', 'RD001');
INSERT INTO `node_attr` VALUES (14929542544158060, 14929542544157866, 'tem2', '温度2', '℃', '℃', NULL, NULL, '186610102211100478', 'RD001');
INSERT INTO `node_attr` VALUES (14929542544158061, 14929542544157866, 'tem3', '温度3', '℃', '℃', NULL, NULL, '186610102211100478', 'RD001');
INSERT INTO `node_attr` VALUES (14929542544158062, 14929542544157866, 'tem4', '温度4', '℃', '℃', NULL, NULL, '186610102211100478', 'RD001');
INSERT INTO `node_attr` VALUES (14929542544158063, 14929542544157866, 'tem5', '温度5', '℃', '℃', NULL, NULL, '186610102211100478', 'RD001');
INSERT INTO `node_attr` VALUES (14929542544158064, 14929542544157867, 'press1', '压力1', 'MPa', 'MPa', NULL, NULL, '186610102211100478', 'YL001');
INSERT INTO `node_attr` VALUES (14929542544158065, 14929542544157867, 'press2', '压力2', 'MPa', 'MPa', NULL, NULL, '186610102211100478', 'YL001');
INSERT INTO `node_attr` VALUES (14929542544158066, 14929542544157867, 'press3', '压力3', 'MPa', 'MPa', NULL, NULL, '186610102211100478', 'YL001');
INSERT INTO `node_attr` VALUES (14929542544158067, 14929542544157867, 'press4', '压力4', 'MPa', 'MPa', NULL, NULL, '186610102211100478', 'YL001');
INSERT INTO `node_attr` VALUES (14929542544158068, 14929542544157867, 'press5', '压力5', 'MPa', 'MPa', NULL, NULL, '186610102211100478', 'YL001');
INSERT INTO `node_attr` VALUES (14929542544158069, 14929542544157868, 'tem', '环境温度', '℃', '℃', NULL, NULL, '186610102211100500', 'WS001');
INSERT INTO `node_attr` VALUES (14929542544158070, 14929542544157868, 'hum', '湿度', 'g/m3', 'g/m3', NULL, NULL, '186610102211100500', 'WS001');
INSERT INTO `node_attr` VALUES (14929542544158071, 14929542544157869, 'curr1', '电流1', 'A', 'A', NULL, NULL, '186610102211100500', 'MN001');
INSERT INTO `node_attr` VALUES (14929542544158072, 14929542544157869, 'curr2', '电流2', 'A', 'A', NULL, NULL, '186610102211100500', 'MN001');
INSERT INTO `node_attr` VALUES (14929542544158073, 14929542544157869, 'curr3', '电流3', 'A', 'A', NULL, NULL, '186610102211100500', 'MN001');
INSERT INTO `node_attr` VALUES (14929542544158074, 14929542544157869, 'volt1', '电压1', 'V', 'V', NULL, NULL, '186610102211100500', 'MN001');
INSERT INTO `node_attr` VALUES (14929542544158075, 14929542544157869, 'volt2', '电压2', 'V', 'V', NULL, NULL, '186610102211100500', 'MN001');
INSERT INTO `node_attr` VALUES (14929542544158076, 14929542544157869, 'volt3', '电压3', 'V', 'V', NULL, NULL, '186610102211100500', 'MN001');
INSERT INTO `node_attr` VALUES (14929542544158077, 14929542544157870, 'tem1', '温度1', '℃', '℃', NULL, NULL, '186610102211100500', 'RD001');
INSERT INTO `node_attr` VALUES (14929542544158078, 14929542544157870, 'tem2', '温度2', '℃', '℃', NULL, NULL, '186610102211100500', 'RD001');
INSERT INTO `node_attr` VALUES (14929542544158079, 14929542544157871, 'press', '压力', 'MPa', 'MPa', NULL, NULL, '186610102211100500', 'YL001');
INSERT INTO `node_attr` VALUES (14929542544158080, 14929542544157872, 'tem', '环境温度', '℃', '℃', NULL, NULL, '186610102211100501', 'WS001');
INSERT INTO `node_attr` VALUES (14929542544158081, 14929542544157872, 'hum', '湿度', 'g/m3', 'g/m3', NULL, NULL, '186610102211100501', 'WS001');
INSERT INTO `node_attr` VALUES (14929542544158082, 14929542544157873, 'curr1', '电流1', 'A', 'A', NULL, NULL, '186610102211100501', 'MN001');
INSERT INTO `node_attr` VALUES (14929542544158083, 14929542544157873, 'curr2', '电流2', 'A', 'A', NULL, NULL, '186610102211100501', 'MN001');
INSERT INTO `node_attr` VALUES (14929542544158084, 14929542544157873, 'curr3', '电流3', 'A', 'A', NULL, NULL, '186610102211100501', 'MN001');
INSERT INTO `node_attr` VALUES (14929542544158085, 14929542544157873, 'volt1', '电压1', 'V', 'V', NULL, NULL, '186610102211100501', 'MN001');
INSERT INTO `node_attr` VALUES (14929542544158086, 14929542544157873, 'volt2', '电压2', 'V', 'V', NULL, NULL, '186610102211100501', 'MN001');
INSERT INTO `node_attr` VALUES (14929542544158087, 14929542544157873, 'volt3', '电压3', 'V', 'V', NULL, NULL, '186610102211100501', 'MN001');
INSERT INTO `node_attr` VALUES (14929542544158088, 14929542544157874, 'tem1', '温度1', '℃', '℃', NULL, NULL, '186610102211100501', 'RD001');
INSERT INTO `node_attr` VALUES (14929542544158089, 14929542544157874, 'tem2', '温度2', '℃', '℃', NULL, NULL, '186610102211100501', 'RD001');
INSERT INTO `node_attr` VALUES (14929542544158090, 14929542544157875, 'press', '压力', 'MPa', 'MPa', NULL, NULL, '186610102211100501', 'YL001');
INSERT INTO `node_attr` VALUES (14929542544158091, 14929542544157876, 'tem', '环境温度', '℃', '℃', NULL, NULL, '186610102211100502', 'WS001');
INSERT INTO `node_attr` VALUES (14929542544158092, 14929542544157876, 'hum', '湿度', 'g/m3', 'g/m3', NULL, NULL, '186610102211100502', 'WS001');
INSERT INTO `node_attr` VALUES (14929542544158093, 14929542544157877, 'curr1', '电流1', 'A', 'A', NULL, NULL, '186610102211100502', 'MN001');
INSERT INTO `node_attr` VALUES (14929542544158094, 14929542544157877, 'curr2', '电流2', 'A', 'A', NULL, NULL, '186610102211100502', 'MN001');
INSERT INTO `node_attr` VALUES (14929542544158095, 14929542544157877, 'curr3', '电流3', 'A', 'A', NULL, NULL, '186610102211100502', 'MN001');
INSERT INTO `node_attr` VALUES (14929542544158096, 14929542544157877, 'volt1', '电压1', 'V', 'V', NULL, NULL, '186610102211100502', 'MN001');
INSERT INTO `node_attr` VALUES (14929542544158097, 14929542544157877, 'volt2', '电压2', 'V', 'V', NULL, NULL, '186610102211100502', 'MN001');
INSERT INTO `node_attr` VALUES (14929542544158098, 14929542544157877, 'volt3', '电压3', 'V', 'V', NULL, NULL, '186610102211100502', 'MN001');
INSERT INTO `node_attr` VALUES (14929542544158099, 14929542544157878, 'tem1', '温度1', '℃', '℃', NULL, NULL, '186610102211100502', 'RD001');
INSERT INTO `node_attr` VALUES (14929542544158100, 14929542544157878, 'tem2', '温度2', '℃', '℃', NULL, NULL, '186610102211100502', 'RD001');
INSERT INTO `node_attr` VALUES (14929542544158101, 14929542544157879, 'press', '压力', 'MPa', 'MPa', NULL, NULL, '186610102211100502', 'YL001');
INSERT INTO `node_attr` VALUES (14929542544158102, 14929542544157880, 'tem', '环境温度', '℃', '℃', NULL, NULL, '186610102211100503', 'WS001');
INSERT INTO `node_attr` VALUES (14929542544158103, 14929542544157880, 'hum', '湿度', 'g/m3', 'g/m3', NULL, NULL, '186610102211100503', 'WS001');
INSERT INTO `node_attr` VALUES (14929542544158104, 14929542544157881, 'curr1', '电流1', 'A', 'A', NULL, NULL, '186610102211100503', 'MN001');
INSERT INTO `node_attr` VALUES (14929542544158105, 14929542544157881, 'curr2', '电流2', 'A', 'A', NULL, NULL, '186610102211100503', 'MN001');
INSERT INTO `node_attr` VALUES (14929542544158106, 14929542544157881, 'curr3', '电流3', 'A', 'A', NULL, NULL, '186610102211100503', 'MN001');
INSERT INTO `node_attr` VALUES (14929542544158107, 14929542544157881, 'volt1', '电压1', 'V', 'V', NULL, NULL, '186610102211100503', 'MN001');
INSERT INTO `node_attr` VALUES (14929542544158108, 14929542544157881, 'volt2', '电压2', 'V', 'V', NULL, NULL, '186610102211100503', 'MN001');
INSERT INTO `node_attr` VALUES (14929542544158109, 14929542544157881, 'volt3', '电压3', 'V', 'V', NULL, NULL, '186610102211100503', 'MN001');
INSERT INTO `node_attr` VALUES (14929542544158110, 14929542544157882, 'tem1', '温度1', '℃', '℃', NULL, NULL, '186610102211100503', 'RD001');
INSERT INTO `node_attr` VALUES (14929542544158111, 14929542544157882, 'tem2', '温度2', '℃', '℃', NULL, NULL, '186610102211100503', 'RD001');
INSERT INTO `node_attr` VALUES (14929542544158112, 14929542544157883, 'press', '压力', 'MPa', 'MPa', NULL, NULL, '186610102211100503', 'YL001');
INSERT INTO `node_attr` VALUES (14929542544158113, 14929542544157884, 'tem', '环境温度', '℃', '℃', NULL, NULL, '186610102211100504', 'WS001');
INSERT INTO `node_attr` VALUES (14929542544158114, 14929542544157884, 'hum', '湿度', 'g/m3', 'g/m3', NULL, NULL, '186610102211100504', 'WS001');
INSERT INTO `node_attr` VALUES (14929542544158115, 14929542544157885, 'curr1', '电流1', 'A', 'A', NULL, NULL, '186610102211100504', 'MN001');
INSERT INTO `node_attr` VALUES (14929542544158116, 14929542544157885, 'curr2', '电流2', 'A', 'A', NULL, NULL, '186610102211100504', 'MN001');
INSERT INTO `node_attr` VALUES (14929542544158117, 14929542544157885, 'curr3', '电流3', 'A', 'A', NULL, NULL, '186610102211100504', 'MN001');
INSERT INTO `node_attr` VALUES (14929542544158118, 14929542544157885, 'volt1', '电压1', 'V', 'V', NULL, NULL, '186610102211100504', 'MN001');
INSERT INTO `node_attr` VALUES (14929542544158119, 14929542544157885, 'volt2', '电压2', 'V', 'V', NULL, NULL, '186610102211100504', 'MN001');
INSERT INTO `node_attr` VALUES (14929542544158120, 14929542544157885, 'volt3', '电压3', 'V', 'V', NULL, NULL, '186610102211100504', 'MN001');
INSERT INTO `node_attr` VALUES (14929542544158121, 14929542544157886, 'tem1', '温度1', '℃', '℃', NULL, NULL, '186610102211100504', 'RD001');
INSERT INTO `node_attr` VALUES (14929542544158122, 14929542544157886, 'tem2', '温度2', '℃', '℃', NULL, NULL, '186610102211100504', 'RD001');
INSERT INTO `node_attr` VALUES (14929542544158123, 14929542544157887, 'press', '压力', 'MPa', 'MPa', NULL, NULL, '186610102211100504', 'YL001');
INSERT INTO `node_attr` VALUES (14929542544158124, 14929542544157888, 'tem', '环境温度', '℃', '℃', NULL, NULL, '186610102211100505', 'WS001');
INSERT INTO `node_attr` VALUES (14929542544158125, 14929542544157888, 'hum', '湿度', 'g/m3', 'g/m3', NULL, NULL, '186610102211100505', 'WS001');
INSERT INTO `node_attr` VALUES (14929542544158126, 14929542544157889, 'curr1', '电流1', 'A', 'A', NULL, NULL, '186610102211100505', 'MN001');
INSERT INTO `node_attr` VALUES (14929542544158127, 14929542544157889, 'curr2', '电流2', 'A', 'A', NULL, NULL, '186610102211100505', 'MN001');
INSERT INTO `node_attr` VALUES (14929542544158128, 14929542544157889, 'volt1', '电压1', 'V', 'V', NULL, NULL, '186610102211100505', 'MN001');
INSERT INTO `node_attr` VALUES (14929542544158129, 14929542544157889, 'volt2', '电压2', 'V', 'V', NULL, NULL, '186610102211100505', 'MN001');
INSERT INTO `node_attr` VALUES (14929542544158130, 14929542544157890, 'tem1', '温度1', '℃', '℃', NULL, NULL, '186610102211100505', 'RD001');
INSERT INTO `node_attr` VALUES (14929542544158131, 14929542544157890, 'tem2', '温度2', '℃', '℃', NULL, NULL, '186610102211100505', 'RD001');
INSERT INTO `node_attr` VALUES (14929542544158132, 14929542544157891, 'press', '压力', 'MPa', 'MPa', NULL, NULL, '186610102211100505', 'YL001');
INSERT INTO `node_attr` VALUES (14929542544158133, 14929542544157892, 'hum', '湿度', 'g/m3', 'g/m3', NULL, NULL, '186610102211100506', 'WS001');
INSERT INTO `node_attr` VALUES (14929542544158134, 14929542544157893, 'curr1', '电流1', 'A', 'A', NULL, NULL, '186610102211100506', 'MN001');
INSERT INTO `node_attr` VALUES (14929542544158135, 14929542544157893, 'curr3', '电流3', 'A', 'A', NULL, NULL, '186610102211100506', 'MN001');
INSERT INTO `node_attr` VALUES (14929542544158136, 14929542544157893, 'volt1', '电压1', 'V', 'V', NULL, NULL, '186610102211100506', 'MN001');
INSERT INTO `node_attr` VALUES (14929542544158137, 14929542544157893, 'volt2', '电压2', 'V', 'V', NULL, NULL, '186610102211100506', 'MN001');
INSERT INTO `node_attr` VALUES (14929542544158138, 14929542544157893, 'volt3', '电压3', 'V', 'V', NULL, NULL, '186610102211100506', 'MN001');
INSERT INTO `node_attr` VALUES (14929542544158139, 14929542544157894, 'tem1', '温度1', '℃', '℃', NULL, NULL, '186610102211100506', 'RD001');
INSERT INTO `node_attr` VALUES (14929542544158140, 14929542544157894, 'tem2', '温度2', '℃', '℃', NULL, NULL, '186610102211100506', 'RD001');
INSERT INTO `node_attr` VALUES (14929542544158141, 14929542544157895, 'press', '压力', 'MPa', 'MPa', NULL, NULL, '186610102211100506', 'YL001');
INSERT INTO `node_attr` VALUES (14929542544158142, 14929542544157896, 'tem', '环境温度', '℃', '℃', NULL, NULL, '186610102211100507', 'WS001');
INSERT INTO `node_attr` VALUES (14929542544158143, 14929542544157896, 'hum', '湿度', 'g/m3', 'g/m3', NULL, NULL, '186610102211100507', 'WS001');
INSERT INTO `node_attr` VALUES (14929542544158144, 14929542544157897, 'curr1', '电流1', 'A', 'A', NULL, NULL, '186610102211100507', 'MN001');
INSERT INTO `node_attr` VALUES (14929542544158145, 14929542544157897, 'curr2', '电流2', 'A', 'A', NULL, NULL, '186610102211100507', 'MN001');
INSERT INTO `node_attr` VALUES (14929542544158146, 14929542544157897, 'curr3', '电流3', 'A', 'A', NULL, NULL, '186610102211100507', 'MN001');
INSERT INTO `node_attr` VALUES (14929542544158147, 14929542544157897, 'volt2', '电压2', 'V', 'V', NULL, NULL, '186610102211100507', 'MN001');
INSERT INTO `node_attr` VALUES (14929542544158148, 14929542544157897, 'volt3', '电压3', 'V', 'V', NULL, NULL, '186610102211100507', 'MN001');
INSERT INTO `node_attr` VALUES (14929542544158149, 14929542544157898, 'tem2', '温度2', '℃', '℃', NULL, NULL, '186610102211100507', 'RD001');
INSERT INTO `node_attr` VALUES (14929542544158150, 14929542544157899, 'press', '压力', 'MPa', 'MPa', NULL, NULL, '186610102211100507', 'YL001');
INSERT INTO `node_attr` VALUES (14929542544158151, 14929542544157900, 'tem', '环境温度', '℃', '℃', NULL, NULL, '186610102211100508', 'WS001');
INSERT INTO `node_attr` VALUES (14929542544158152, 14929542544157900, 'hum', '湿度', 'g/m3', 'g/m3', NULL, NULL, '186610102211100508', 'WS001');
INSERT INTO `node_attr` VALUES (14929542544158153, 14929542544157901, 'curr1', '电流1', 'A', 'A', NULL, NULL, '186610102211100508', 'MN001');
INSERT INTO `node_attr` VALUES (14929542544158154, 14929542544157901, 'curr2', '电流2', 'A', 'A', NULL, NULL, '186610102211100508', 'MN001');
INSERT INTO `node_attr` VALUES (14929542544158155, 14929542544157901, 'curr3', '电流3', 'A', 'A', NULL, NULL, '186610102211100508', 'MN001');
INSERT INTO `node_attr` VALUES (14929542544158156, 14929542544157901, 'volt1', '电压1', 'V', 'V', NULL, NULL, '186610102211100508', 'MN001');
INSERT INTO `node_attr` VALUES (14929542544158157, 14929542544157901, 'volt2', '电压2', 'V', 'V', NULL, NULL, '186610102211100508', 'MN001');
INSERT INTO `node_attr` VALUES (14929542544158158, 14929542544157901, 'volt3', '电压3', 'V', 'V', NULL, NULL, '186610102211100508', 'MN001');
INSERT INTO `node_attr` VALUES (14929542544158159, 14929542544157902, 'tem1', '温度1', '℃', '℃', NULL, NULL, '186610102211100508', 'RD001');
INSERT INTO `node_attr` VALUES (14929542544158160, 14929542544157902, 'tem2', '温度2', '℃', '℃', NULL, NULL, '186610102211100508', 'RD001');
INSERT INTO `node_attr` VALUES (14929542544158161, 14929542544157903, 'press', '压力', 'MPa', 'MPa', NULL, NULL, '186610102211100508', 'YL001');
INSERT INTO `node_attr` VALUES (14929542544158162, 14929542544157904, 'tem', '环境温度', '℃', '℃', NULL, NULL, '186610102211100509', 'WS001');
INSERT INTO `node_attr` VALUES (14929542544158163, 14929542544157904, 'hum', '湿度', 'g/m3', 'g/m3', NULL, NULL, '186610102211100509', 'WS001');
INSERT INTO `node_attr` VALUES (14929542544158164, 14929542544157905, 'curr1', '电流1', 'A', 'A', NULL, NULL, '186610102211100509', 'MN001');
INSERT INTO `node_attr` VALUES (14929542544158165, 14929542544157905, 'curr2', '电流2', 'A', 'A', NULL, NULL, '186610102211100509', 'MN001');
INSERT INTO `node_attr` VALUES (14929542544158166, 14929542544157905, 'curr3', '电流3', 'A', 'A', NULL, NULL, '186610102211100509', 'MN001');
INSERT INTO `node_attr` VALUES (14929542544158167, 14929542544157905, 'volt1', '电压1', 'V', 'V', NULL, NULL, '186610102211100509', 'MN001');
INSERT INTO `node_attr` VALUES (14929542544158168, 14929542544157905, 'volt2', '电压2', 'V', 'V', NULL, NULL, '186610102211100509', 'MN001');
INSERT INTO `node_attr` VALUES (14929542544158169, 14929542544157905, 'volt3', '电压3', 'V', 'V', NULL, NULL, '186610102211100509', 'MN001');
INSERT INTO `node_attr` VALUES (14929542544158170, 14929542544157906, 'tem1', '温度1', '℃', '℃', NULL, NULL, '186610102211100509', 'RD001');
INSERT INTO `node_attr` VALUES (14929542544158171, 14929542544157906, 'tem2', '温度2', '℃', '℃', NULL, NULL, '186610102211100509', 'RD001');
INSERT INTO `node_attr` VALUES (14929542544158172, 14929542544157907, 'press', '压力', 'MPa', 'MPa', NULL, NULL, '186610102211100509', 'YL001');
INSERT INTO `node_attr` VALUES (14929542544158173, 14929542544157908, 'tem', '环境温度', '℃', '℃', NULL, NULL, '186610102211100510', 'WS001');
INSERT INTO `node_attr` VALUES (14929542544158174, 14929542544157908, 'hum', '湿度', 'g/m3', 'g/m3', NULL, NULL, '186610102211100510', 'WS001');
INSERT INTO `node_attr` VALUES (14929542544158175, 14929542544157909, 'curr1', '电流1', 'A', 'A', NULL, NULL, '186610102211100510', 'MN001');
INSERT INTO `node_attr` VALUES (14929542544158176, 14929542544157909, 'curr2', '电流2', 'A', 'A', NULL, NULL, '186610102211100510', 'MN001');
INSERT INTO `node_attr` VALUES (14929542544158177, 14929542544157909, 'curr3', '电流3', 'A', 'A', NULL, NULL, '186610102211100510', 'MN001');
INSERT INTO `node_attr` VALUES (14929542544158178, 14929542544157909, 'volt1', '电压1', 'V', 'V', NULL, NULL, '186610102211100510', 'MN001');
INSERT INTO `node_attr` VALUES (14929542544158179, 14929542544157909, 'volt2', '电压2', 'V', 'V', NULL, NULL, '186610102211100510', 'MN001');
INSERT INTO `node_attr` VALUES (14929542544158180, 14929542544157909, 'volt3', '电压3', 'V', 'V', NULL, NULL, '186610102211100510', 'MN001');
INSERT INTO `node_attr` VALUES (14929542544158181, 14929542544157910, 'tem1', '温度1', '℃', '℃', NULL, NULL, '186610102211100510', 'RD001');
INSERT INTO `node_attr` VALUES (14929542544158182, 14929542544157910, 'tem2', '温度2', '℃', '℃', NULL, NULL, '186610102211100510', 'RD001');
INSERT INTO `node_attr` VALUES (14929542544158183, 14929542544157911, 'press', '压力', 'MPa', 'MPa', NULL, NULL, '186610102211100510', 'YL001');
INSERT INTO `node_attr` VALUES (14929542544158184, 14929542544157912, 'tem', '环境温度', '℃', '℃', NULL, NULL, '186610102211100511', 'WS001');
INSERT INTO `node_attr` VALUES (14929542544158185, 14929542544157912, 'hum', '湿度', 'g/m3', 'g/m3', NULL, NULL, '186610102211100511', 'WS001');
INSERT INTO `node_attr` VALUES (14929542544158186, 14929542544157913, 'curr1', '电流1', 'A', 'A', NULL, NULL, '186610102211100511', 'MN001');
INSERT INTO `node_attr` VALUES (14929542544158187, 14929542544157913, 'curr2', '电流2', 'A', 'A', NULL, NULL, '186610102211100511', 'MN001');
INSERT INTO `node_attr` VALUES (14929542544158188, 14929542544157913, 'curr3', '电流3', 'A', 'A', NULL, NULL, '186610102211100511', 'MN001');
INSERT INTO `node_attr` VALUES (14929542544158189, 14929542544157913, 'volt1', '电压1', 'V', 'V', NULL, NULL, '186610102211100511', 'MN001');
INSERT INTO `node_attr` VALUES (14929542544158190, 14929542544157913, 'volt2', '电压2', 'V', 'V', NULL, NULL, '186610102211100511', 'MN001');
INSERT INTO `node_attr` VALUES (14929542544158191, 14929542544157913, 'volt3', '电压3', 'V', 'V', NULL, NULL, '186610102211100511', 'MN001');
INSERT INTO `node_attr` VALUES (14929542544158192, 14929542544157914, 'tem1', '温度1', '℃', '℃', NULL, NULL, '186610102211100511', 'RD001');
INSERT INTO `node_attr` VALUES (14929542544158193, 14929542544157914, 'tem2', '温度2', '℃', '℃', NULL, NULL, '186610102211100511', 'RD001');
INSERT INTO `node_attr` VALUES (14929542544158194, 14929542544157915, 'press', '压力', 'MPa', 'MPa', NULL, NULL, '186610102211100511', 'YL001');
INSERT INTO `node_attr` VALUES (14929542544158195, 14929542544157916, 'tem', '环境温度', '℃', '℃', NULL, NULL, '186610102211100512', 'WS001');
INSERT INTO `node_attr` VALUES (14929542544158196, 14929542544157916, 'hum', '湿度', 'g/m3', 'g/m3', NULL, NULL, '186610102211100512', 'WS001');
INSERT INTO `node_attr` VALUES (14929542544158197, 14929542544157917, 'curr1', '电流1', 'A', 'A', NULL, NULL, '186610102211100512', 'MN001');
INSERT INTO `node_attr` VALUES (14929542544158198, 14929542544157917, 'curr2', '电流2', 'A', 'A', NULL, NULL, '186610102211100512', 'MN001');
INSERT INTO `node_attr` VALUES (14929542544158199, 14929542544157917, 'curr3', '电流3', 'A', 'A', NULL, NULL, '186610102211100512', 'MN001');
INSERT INTO `node_attr` VALUES (14929542544158200, 14929542544157917, 'volt1', '电压1', 'V', 'V', NULL, NULL, '186610102211100512', 'MN001');
INSERT INTO `node_attr` VALUES (14929542544158201, 14929542544157917, 'volt2', '电压2', 'V', 'V', NULL, NULL, '186610102211100512', 'MN001');
INSERT INTO `node_attr` VALUES (14929542544158202, 14929542544157917, 'volt3', '电压3', 'V', 'V', NULL, NULL, '186610102211100512', 'MN001');
INSERT INTO `node_attr` VALUES (14929542544158203, 14929542544157918, 'tem1', '温度1', '℃', '℃', NULL, NULL, '186610102211100512', 'RD001');
INSERT INTO `node_attr` VALUES (14929542544158204, 14929542544157918, 'tem2', '温度2', '℃', '℃', NULL, NULL, '186610102211100512', 'RD001');
INSERT INTO `node_attr` VALUES (14929542544158205, 14929542544157919, 'press', '压力', 'MPa', 'MPa', NULL, NULL, '186610102211100512', 'YL001');
INSERT INTO `node_attr` VALUES (14929542544158206, 14929542544157920, 'curr1', '电流1', 'A', 'A', NULL, NULL, '186610102211100513', 'MN001');
INSERT INTO `node_attr` VALUES (14929542544158207, 14929542544157920, 'curr2', '电流2', 'A', 'A', NULL, NULL, '186610102211100513', 'MN001');
INSERT INTO `node_attr` VALUES (14929544691641344, 14929542544157920, 'curr3', '电流3', 'A', 'A', NULL, NULL, '186610102211100513', 'MN001');
INSERT INTO `node_attr` VALUES (14929544691641345, 14929542544157920, 'volt1', '电压1', 'V', 'V', NULL, NULL, '186610102211100513', 'MN001');
INSERT INTO `node_attr` VALUES (14929544691641346, 14929542544157920, 'volt2', '电压2', 'V', 'V', NULL, NULL, '186610102211100513', 'MN001');
INSERT INTO `node_attr` VALUES (14929544691641347, 14929542544157920, 'volt3', '电压3', 'V', 'V', NULL, NULL, '186610102211100513', 'MN001');
INSERT INTO `node_attr` VALUES (14929544691641348, 14929542544157921, 'tem1', '温度1', '℃', '℃', NULL, NULL, '186610102211100513', 'RD001');
INSERT INTO `node_attr` VALUES (14929544691641349, 14929542544157921, 'tem2', '温度2', '℃', '℃', NULL, NULL, '186610102211100513', 'RD001');
INSERT INTO `node_attr` VALUES (14929544691641350, 14929542544157922, 'press', '压力', 'MPa', 'MPa', NULL, NULL, '186610102211100513', 'YL001');
INSERT INTO `node_attr` VALUES (14929544691641351, 14929542544157923, 'tem', '环境温度', '℃', '℃', NULL, NULL, '186610102211100514', 'WS001');
INSERT INTO `node_attr` VALUES (14929544691641352, 14929542544157923, 'hum', '湿度', 'g/m3', 'g/m3', NULL, NULL, '186610102211100514', 'WS001');
INSERT INTO `node_attr` VALUES (14929544691641353, 14929542544157924, 'curr1', '电流1', 'A', 'A', NULL, NULL, '186610102211100514', 'MN001');
INSERT INTO `node_attr` VALUES (14929544691641354, 14929542544157924, 'curr2', '电流2', 'A', 'A', NULL, NULL, '186610102211100514', 'MN001');
INSERT INTO `node_attr` VALUES (14929544691641355, 14929542544157924, 'curr3', '电流3', 'A', 'A', NULL, NULL, '186610102211100514', 'MN001');
INSERT INTO `node_attr` VALUES (14929544691641356, 14929542544157924, 'volt1', '电压1', 'V', 'V', NULL, NULL, '186610102211100514', 'MN001');
INSERT INTO `node_attr` VALUES (14929544691641357, 14929542544157924, 'volt2', '电压2', 'V', 'V', NULL, NULL, '186610102211100514', 'MN001');
INSERT INTO `node_attr` VALUES (14929544691641358, 14929542544157925, 'tem1', '温度1', '℃', '℃', NULL, NULL, '186610102211100514', 'RD001');
INSERT INTO `node_attr` VALUES (14929544691641359, 14929542544157925, 'tem2', '温度2', '℃', '℃', NULL, NULL, '186610102211100514', 'RD001');
INSERT INTO `node_attr` VALUES (14929544691641360, 14929542544157926, 'press', '压力', 'MPa', 'MPa', NULL, NULL, '186610102211100514', 'YL001');
INSERT INTO `node_attr` VALUES (14929544691641361, 14929542544157927, 'tem', '环境温度', '℃', '℃', NULL, NULL, '186610102211100515', 'WS001');
INSERT INTO `node_attr` VALUES (14929544691641362, 14929542544157927, 'hum', '湿度', 'g/m3', 'g/m3', NULL, NULL, '186610102211100515', 'WS001');
INSERT INTO `node_attr` VALUES (14929544691641363, 14929542544157928, 'curr1', '电流1', 'A', 'A', NULL, NULL, '186610102211100515', 'MN001');
INSERT INTO `node_attr` VALUES (14929544691641364, 14929542544157928, 'curr3', '电流3', 'A', 'A', NULL, NULL, '186610102211100515', 'MN001');
INSERT INTO `node_attr` VALUES (14929544691641365, 14929542544157928, 'volt1', '电压1', 'V', 'V', NULL, NULL, '186610102211100515', 'MN001');
INSERT INTO `node_attr` VALUES (14929544691641366, 14929542544157928, 'volt2', '电压2', 'V', 'V', NULL, NULL, '186610102211100515', 'MN001');
INSERT INTO `node_attr` VALUES (14929544691641367, 14929542544157928, 'volt3', '电压3', 'V', 'V', NULL, NULL, '186610102211100515', 'MN001');
INSERT INTO `node_attr` VALUES (14929544691641368, 14929542544157929, 'tem1', '温度1', '℃', '℃', NULL, NULL, '186610102211100515', 'RD001');
INSERT INTO `node_attr` VALUES (14929544691641369, 14929542544157929, 'tem2', '温度2', '℃', '℃', NULL, NULL, '186610102211100515', 'RD001');
INSERT INTO `node_attr` VALUES (14929544691641370, 14929542544157930, 'press', '压力', 'MPa', 'MPa', NULL, NULL, '186610102211100515', 'YL001');
INSERT INTO `node_attr` VALUES (14929544691641371, 14929542544157931, 'tem', '环境温度', '℃', '℃', NULL, NULL, '186610102211100518', 'WS001');
INSERT INTO `node_attr` VALUES (14929544691641372, 14929542544157931, 'hum', '湿度', 'g/m3', 'g/m3', NULL, NULL, '186610102211100518', 'WS001');
INSERT INTO `node_attr` VALUES (14929544691641373, 14929542544157932, 'curr1', '电流1', 'A', 'A', NULL, NULL, '186610102211100518', 'MN001');
INSERT INTO `node_attr` VALUES (14929544691641374, 14929542544157932, 'curr2', '电流2', 'A', 'A', NULL, NULL, '186610102211100518', 'MN001');
INSERT INTO `node_attr` VALUES (14929544691641375, 14929542544157932, 'curr3', '电流3', 'A', 'A', NULL, NULL, '186610102211100518', 'MN001');
INSERT INTO `node_attr` VALUES (14929544691641376, 14929542544157932, 'volt1', '电压1', 'V', 'V', NULL, NULL, '186610102211100518', 'MN001');
INSERT INTO `node_attr` VALUES (14929544691641377, 14929542544157932, 'volt2', '电压2', 'V', 'V', NULL, NULL, '186610102211100518', 'MN001');
INSERT INTO `node_attr` VALUES (14929544691641378, 14929542544157932, 'volt3', '电压3', 'V', 'V', NULL, NULL, '186610102211100518', 'MN001');
INSERT INTO `node_attr` VALUES (14929544691641379, 14929542544157933, 'tem1', '温度1', '℃', '℃', NULL, NULL, '186610102211100518', 'RD001');
INSERT INTO `node_attr` VALUES (14929544691641380, 14929542544157934, 'press', '压力', 'MPa', 'MPa', NULL, NULL, '186610102211100518', 'YL001');
INSERT INTO `node_attr` VALUES (14929544691641381, 14929542544157935, 'tem', '环境温度', '℃', '℃', NULL, NULL, '186610102211100519', 'WS001');
INSERT INTO `node_attr` VALUES (14929544691641382, 14929542544157935, 'hum', '湿度', 'g/m3', 'g/m3', NULL, NULL, '186610102211100519', 'WS001');
INSERT INTO `node_attr` VALUES (14929544691641383, 14929542544157936, 'curr1', '电流1', 'A', 'A', NULL, NULL, '186610102211100519', 'MN001');
INSERT INTO `node_attr` VALUES (14929544691641384, 14929542544157936, 'curr2', '电流2', 'A', 'A', NULL, NULL, '186610102211100519', 'MN001');
INSERT INTO `node_attr` VALUES (14929544691641385, 14929542544157936, 'curr3', '电流3', 'A', 'A', NULL, NULL, '186610102211100519', 'MN001');
INSERT INTO `node_attr` VALUES (14929544691641386, 14929542544157936, 'volt1', '电压1', 'V', 'V', NULL, NULL, '186610102211100519', 'MN001');
INSERT INTO `node_attr` VALUES (14929544691641387, 14929542544157936, 'volt2', '电压2', 'V', 'V', NULL, NULL, '186610102211100519', 'MN001');
INSERT INTO `node_attr` VALUES (14929544691641388, 14929542544157936, 'volt3', '电压3', 'V', 'V', NULL, NULL, '186610102211100519', 'MN001');
INSERT INTO `node_attr` VALUES (14929544691641389, 14929542544157937, 'tem1', '温度1', '℃', '℃', NULL, NULL, '186610102211100519', 'RD001');
INSERT INTO `node_attr` VALUES (14929544691641390, 14929542544157937, 'tem2', '温度2', '℃', '℃', NULL, NULL, '186610102211100519', 'RD001');
INSERT INTO `node_attr` VALUES (14929544691641391, 14929542544157938, 'press', '压力', 'MPa', 'MPa', NULL, NULL, '186610102211100519', 'YL001');
INSERT INTO `node_attr` VALUES (14929544691641392, 14929542544157939, 'curr1', '电流1', 'A', 'A', NULL, NULL, '186610102211100520', 'MN001');
INSERT INTO `node_attr` VALUES (14929544691641393, 14929542544157939, 'curr2', '电流2', 'A', 'A', NULL, NULL, '186610102211100520', 'MN001');
INSERT INTO `node_attr` VALUES (14929544691641394, 14929542544157939, 'curr3', '电流3', 'A', 'A', NULL, NULL, '186610102211100520', 'MN001');
INSERT INTO `node_attr` VALUES (14929544691641395, 14929542544157939, 'volt1', '电压1', 'V', 'V', NULL, NULL, '186610102211100520', 'MN001');
INSERT INTO `node_attr` VALUES (14929544691641396, 14929542544157939, 'volt2', '电压2', 'V', 'V', NULL, NULL, '186610102211100520', 'MN001');
INSERT INTO `node_attr` VALUES (14929544691641397, 14929542544157939, 'volt3', '电压3', 'V', 'V', NULL, NULL, '186610102211100520', 'MN001');
INSERT INTO `node_attr` VALUES (14929544691641398, 14929542544157940, 'tem1', '温度1', '℃', '℃', NULL, NULL, '186610102211100520', 'RD001');
INSERT INTO `node_attr` VALUES (14929544691641399, 14929542544157940, 'tem2', '温度2', '℃', '℃', NULL, NULL, '186610102211100520', 'RD001');
INSERT INTO `node_attr` VALUES (14929544691641400, 14929542544157941, 'press', '压力', 'MPa', 'MPa', NULL, NULL, '186610102211100520', 'YL001');
INSERT INTO `node_attr` VALUES (14929544691641401, 14929542544157942, 'tem', '环境温度', '℃', '℃', NULL, NULL, '186610102211100521', 'WS001');
INSERT INTO `node_attr` VALUES (14929544691641402, 14929542544157942, 'hum', '湿度', 'g/m3', 'g/m3', NULL, NULL, '186610102211100521', 'WS001');
INSERT INTO `node_attr` VALUES (14929544691641403, 14929542544157943, 'curr1', '电流1', 'A', 'A', NULL, NULL, '186610102211100521', 'MN001');
INSERT INTO `node_attr` VALUES (14929544691641404, 14929542544157943, 'curr2', '电流2', 'A', 'A', NULL, NULL, '186610102211100521', 'MN001');
INSERT INTO `node_attr` VALUES (14929544691641405, 14929542544157943, 'curr3', '电流3', 'A', 'A', NULL, NULL, '186610102211100521', 'MN001');
INSERT INTO `node_attr` VALUES (14929544691641406, 14929542544157943, 'volt1', '电压1', 'V', 'V', NULL, NULL, '186610102211100521', 'MN001');
INSERT INTO `node_attr` VALUES (14929544691641407, 14929542544157943, 'volt2', '电压2', 'V', 'V', NULL, NULL, '186610102211100521', 'MN001');
INSERT INTO `node_attr` VALUES (14929544691641408, 14929542544157943, 'volt3', '电压3', 'V', 'V', NULL, NULL, '186610102211100521', 'MN001');
INSERT INTO `node_attr` VALUES (14929544691641409, 14929542544157944, 'tem1', '温度1', '℃', '℃', NULL, NULL, '186610102211100521', 'RD001');
INSERT INTO `node_attr` VALUES (14929544691641410, 14929542544157944, 'tem2', '温度2', '℃', '℃', NULL, NULL, '186610102211100521', 'RD001');
INSERT INTO `node_attr` VALUES (14929544691641411, 14929542544157945, 'press', '压力', 'MPa', 'MPa', NULL, NULL, '186610102211100521', 'YL001');
INSERT INTO `node_attr` VALUES (14929544691641412, 14929542544157946, 'tem', '环境温度', '℃', '℃', NULL, NULL, '186610102211100522', 'WS001');
INSERT INTO `node_attr` VALUES (14929544691641413, 14929542544157946, 'hum', '湿度', 'g/m3', 'g/m3', NULL, NULL, '186610102211100522', 'WS001');
INSERT INTO `node_attr` VALUES (14929544691641414, 14929542544157947, 'curr1', '电流1', 'A', 'A', NULL, NULL, '186610102211100522', 'MN001');
INSERT INTO `node_attr` VALUES (14929544691641415, 14929542544157947, 'curr2', '电流2', 'A', 'A', NULL, NULL, '186610102211100522', 'MN001');
INSERT INTO `node_attr` VALUES (14929544691641416, 14929542544157947, 'curr3', '电流3', 'A', 'A', NULL, NULL, '186610102211100522', 'MN001');
INSERT INTO `node_attr` VALUES (14929544691641417, 14929542544157947, 'volt1', '电压1', 'V', 'V', NULL, NULL, '186610102211100522', 'MN001');
INSERT INTO `node_attr` VALUES (14929544691641418, 14929542544157947, 'volt2', '电压2', 'V', 'V', NULL, NULL, '186610102211100522', 'MN001');
INSERT INTO `node_attr` VALUES (14929544691641419, 14929542544157947, 'volt3', '电压3', 'V', 'V', NULL, NULL, '186610102211100522', 'MN001');
INSERT INTO `node_attr` VALUES (14929544691641420, 14929542544157948, 'tem1', '温度1', '℃', '℃', NULL, NULL, '186610102211100522', 'RD001');
INSERT INTO `node_attr` VALUES (14929544691641421, 14929542544157948, 'tem2', '温度2', '℃', '℃', NULL, NULL, '186610102211100522', 'RD001');
INSERT INTO `node_attr` VALUES (14929544691641422, 14929542544157949, 'press', '压力', 'MPa', 'MPa', NULL, NULL, '186610102211100522', 'YL001');
INSERT INTO `node_attr` VALUES (14929544691641423, 14929542544157950, 'curr1', '电流1', 'A', 'A', NULL, NULL, '186610102211100523', 'MN001');
INSERT INTO `node_attr` VALUES (14929544691641424, 14929542544157950, 'curr2', '电流2', 'A', 'A', NULL, NULL, '186610102211100523', 'MN001');
INSERT INTO `node_attr` VALUES (14929544691641425, 14929542544157950, 'curr3', '电流3', 'A', 'A', NULL, NULL, '186610102211100523', 'MN001');
INSERT INTO `node_attr` VALUES (14929544691641426, 14929542544157950, 'volt1', '电压1', 'V', 'V', NULL, NULL, '186610102211100523', 'MN001');
INSERT INTO `node_attr` VALUES (14929544691641427, 14929542544157950, 'volt2', '电压2', 'V', 'V', NULL, NULL, '186610102211100523', 'MN001');
INSERT INTO `node_attr` VALUES (14929544691641428, 14929542544157950, 'volt3', '电压3', 'V', 'V', NULL, NULL, '186610102211100523', 'MN001');
INSERT INTO `node_attr` VALUES (14929544691641429, 14929542544157951, 'tem1', '温度1', '℃', '℃', NULL, NULL, '186610102211100523', 'RD001');
INSERT INTO `node_attr` VALUES (14929544691641430, 14929542544157951, 'tem2', '温度2', '℃', '℃', NULL, NULL, '186610102211100523', 'RD001');
INSERT INTO `node_attr` VALUES (14929544691641431, 14929542544157952, 'press', '压力', 'MPa', 'MPa', NULL, NULL, '186610102211100523', 'YL001');
INSERT INTO `node_attr` VALUES (14929544691641432, 14929542544157953, 'tem', '环境温度', '℃', '℃', NULL, NULL, '186610102211100537', 'WS001');
INSERT INTO `node_attr` VALUES (14929544691641433, 14929542544157953, 'hum', '湿度', 'g/m3', 'g/m3', NULL, NULL, '186610102211100537', 'WS001');
INSERT INTO `node_attr` VALUES (14929544691641434, 14929542544157954, 'curr1', '电流1', 'A', 'A', NULL, NULL, '186610102211100537', 'MN001');
INSERT INTO `node_attr` VALUES (14929544691641435, 14929542544157954, 'curr2', '电流2', 'A', 'A', NULL, NULL, '186610102211100537', 'MN001');
INSERT INTO `node_attr` VALUES (14929544691641436, 14929542544157954, 'curr3', '电流3', 'A', 'A', NULL, NULL, '186610102211100537', 'MN001');
INSERT INTO `node_attr` VALUES (14929544691641437, 14929542544157954, 'volt1', '电压1', 'V', 'V', NULL, NULL, '186610102211100537', 'MN001');
INSERT INTO `node_attr` VALUES (14929544691641438, 14929542544157954, 'volt2', '电压2', 'V', 'V', NULL, NULL, '186610102211100537', 'MN001');
INSERT INTO `node_attr` VALUES (14929544691641439, 14929542544157954, 'volt3', '电压3', 'V', 'V', NULL, NULL, '186610102211100537', 'MN001');
INSERT INTO `node_attr` VALUES (14929544691641440, 14929542544157955, 'tem1', '温度1', '℃', '℃', NULL, NULL, '186610102211100537', 'RD001');
INSERT INTO `node_attr` VALUES (14929544691641441, 14929542544157955, 'tem2', '温度2', '℃', '℃', NULL, NULL, '186610102211100537', 'RD001');
INSERT INTO `node_attr` VALUES (14929544691641442, 14929542544157956, 'press', '压力', 'MPa', 'MPa', NULL, NULL, '186610102211100537', 'YL001');
INSERT INTO `node_attr` VALUES (14929544691641443, 14929542544157957, 'tem', '环境温度', '℃', '℃', NULL, NULL, '186610102211100538', 'WS001');
INSERT INTO `node_attr` VALUES (14929544691641444, 14929542544157957, 'hum', '湿度', 'g/m3', 'g/m3', NULL, NULL, '186610102211100538', 'WS001');
INSERT INTO `node_attr` VALUES (14929544691641445, 14929542544157958, 'curr1', '电流1', 'A', 'A', NULL, NULL, '186610102211100538', 'MN001');
INSERT INTO `node_attr` VALUES (14929544691641446, 14929542544157958, 'curr2', '电流2', 'A', 'A', NULL, NULL, '186610102211100538', 'MN001');
INSERT INTO `node_attr` VALUES (14929544691641447, 14929542544157958, 'curr3', '电流3', 'A', 'A', NULL, NULL, '186610102211100538', 'MN001');
INSERT INTO `node_attr` VALUES (14929544691641448, 14929542544157958, 'volt1', '电压1', 'V', 'V', NULL, NULL, '186610102211100538', 'MN001');
INSERT INTO `node_attr` VALUES (14929544691641449, 14929542544157958, 'volt2', '电压2', 'V', 'V', NULL, NULL, '186610102211100538', 'MN001');
INSERT INTO `node_attr` VALUES (14929544691641450, 14929542544157958, 'volt3', '电压3', 'V', 'V', NULL, NULL, '186610102211100538', 'MN001');
INSERT INTO `node_attr` VALUES (14929544691641451, 14929542544157959, 'tem1', '温度1', '℃', '℃', NULL, NULL, '186610102211100538', 'RD001');
INSERT INTO `node_attr` VALUES (14929544691641452, 14929542544157959, 'tem2', '温度2', '℃', '℃', NULL, NULL, '186610102211100538', 'RD001');
INSERT INTO `node_attr` VALUES (14929544691641453, 14929542544157960, 'press', '压力', 'MPa', 'MPa', NULL, NULL, '186610102211100538', 'YL001');
INSERT INTO `node_attr` VALUES (14929544691641454, 14929542544157961, 'curr1', '电流1', 'A', 'A', NULL, NULL, '186610102211000332', 'MN001');
INSERT INTO `node_attr` VALUES (14929544691641455, 14929542544157961, 'curr2', '电流2', 'A', 'A', NULL, NULL, '186610102211000332', 'MN001');
INSERT INTO `node_attr` VALUES (14929544691641456, 14929542544157961, 'curr3', '电流3', 'A', 'A', NULL, NULL, '186610102211000332', 'MN001');
INSERT INTO `node_attr` VALUES (14929544691641457, 14929542544157961, 'volt1', '电压1', 'V', 'V', NULL, NULL, '186610102211000332', 'MN001');
INSERT INTO `node_attr` VALUES (14929544691641458, 14929542544157961, 'volt2', '电压2', 'V', 'V', NULL, NULL, '186610102211000332', 'MN001');
INSERT INTO `node_attr` VALUES (14929544691641459, 14929542544157961, 'volt3', '电压3', 'V', 'V', NULL, NULL, '186610102211000332', 'MN001');
INSERT INTO `node_attr` VALUES (14929544691641460, 14929542544157962, 'tem1', '温度1', '℃', '℃', NULL, NULL, '186610102211000332', 'RD001');
INSERT INTO `node_attr` VALUES (14929544691641461, 14929542544157962, 'tem2', '温度2', '℃', '℃', NULL, NULL, '186610102211000332', 'RD001');
INSERT INTO `node_attr` VALUES (14929544691641462, 14929542544157963, 'press', '压力', 'MPa', 'MPa', NULL, NULL, '186610102211000332', 'YL001');
INSERT INTO `node_attr` VALUES (14929544691641463, 14929542544157964, 'curr1', '电流1', 'A', 'A', NULL, NULL, '186610102211100544', 'MN001');
INSERT INTO `node_attr` VALUES (14929544691641464, 14929542544157964, 'curr2', '电流2', 'A', 'A', NULL, NULL, '186610102211100544', 'MN001');
INSERT INTO `node_attr` VALUES (14929544691641465, 14929542544157966, 'tem1', '温度1', '℃', '℃', NULL, NULL, '186610102211100546', 'RD001');
INSERT INTO `node_attr` VALUES (14929544691641466, 14929542544157966, 'tem2', '温度2', '℃', '℃', NULL, NULL, '186610102211100546', 'RD001');
INSERT INTO `node_attr` VALUES (14929544691641467, 14929542544157966, 'hum', '湿度', 'g/cm3', 'g/cm3', NULL, NULL, '186610102211100546', 'RD001');
INSERT INTO `node_attr` VALUES (14929544691641468, 14929542544157966, 'tem3', '温度3', '℃', '℃', NULL, NULL, '186610102211100546', 'RD001');
INSERT INTO `node_attr` VALUES (14929544691641469, 14929542544157966, 'tem4', '温度4', '℃', '℃', NULL, NULL, '186610102211100546', 'RD001');
INSERT INTO `node_attr` VALUES (14929544691641470, 14929542544157967, 'hum', '湿度', 'g/m3', 'g/m3', NULL, NULL, '186610102211100549', 'WS001');
INSERT INTO `node_attr` VALUES (14929544691641471, 14929542544157968, 'tem2', '温度2', '℃', '℃', NULL, NULL, '186610102211100549', 'RD001');
INSERT INTO `node_attr` VALUES (14929544691641472, 14929542544157968, 'tem4', '温度4', '℃', '℃', NULL, NULL, '186610102211100549', 'RD001');
INSERT INTO `node_attr` VALUES (14929544691641473, 14929542544157968, 'tem1', '温度1', '℃', '℃', NULL, NULL, '186610102211100549', 'RD001');
INSERT INTO `node_attr` VALUES (14929544691641474, 14929542544157968, 'tem3', '温度3', '℃', '℃', NULL, NULL, '186610102211100549', 'RD001');
INSERT INTO `node_attr` VALUES (14929544691641475, 14929542544157968, 'tem5', '温度5', '℃', '℃', NULL, NULL, '186610102211100549', 'RD001');
INSERT INTO `node_attr` VALUES (14929544691641476, 14929542544157969, 'press1', '压力1', 'MPa', 'MPa', NULL, NULL, '186610102211100549', 'YL001');
INSERT INTO `node_attr` VALUES (14929544691641477, 14929542544157969, 'press2', '压力2', 'MPa', 'MPa', NULL, NULL, '186610102211100549', 'YL001');
INSERT INTO `node_attr` VALUES (14929544691641478, 14929542544157969, 'press3', '压力3', 'MPa', 'MPa', NULL, NULL, '186610102211100549', 'YL001');
INSERT INTO `node_attr` VALUES (14929544691641479, 14929542544157969, 'press4', '压力4', 'MPa', 'MPa', NULL, NULL, '186610102211100549', 'YL001');
INSERT INTO `node_attr` VALUES (14929544691641480, 14929542544157969, 'press5', '压力5', 'MPa', 'MPa', NULL, NULL, '186610102211100549', 'YL001');
INSERT INTO `node_attr` VALUES (14929544691641481, 14929542544157970, 'tem2', '温度2', '℃', '℃', NULL, NULL, '186610102211100550', 'RD001');
INSERT INTO `node_attr` VALUES (14929544691641482, 14929542544157970, 'tem3', '温度3', '℃', '℃', NULL, NULL, '186610102211100550', 'RD001');
INSERT INTO `node_attr` VALUES (14929544691641483, 14929542544157970, 'tem4', '温度4', '℃', '℃', NULL, NULL, '186610102211100550', 'RD001');
INSERT INTO `node_attr` VALUES (14929544691641484, 14929542544157970, 'tem5', '温度5', '℃', '℃', NULL, NULL, '186610102211100550', 'RD001');
INSERT INTO `node_attr` VALUES (14929544691641485, 14929542544157971, 'press1', '压力1', 'MPa', 'MPa', NULL, NULL, '186610102211100550', 'YL001');
INSERT INTO `node_attr` VALUES (14929544691641486, 14929542544157971, 'press2', '压力2', 'MPa', 'MPa', NULL, NULL, '186610102211100550', 'YL001');
INSERT INTO `node_attr` VALUES (14929544691641487, 14929542544157971, 'press3', '压力3', 'MPa', 'MPa', NULL, NULL, '186610102211100550', 'YL001');
INSERT INTO `node_attr` VALUES (14929544691641488, 14929542544157971, 'press4', '压力4', 'MPa', 'MPa', NULL, NULL, '186610102211100550', 'YL001');
INSERT INTO `node_attr` VALUES (14929544691641489, 14929542544157971, 'press5', '压力5', 'MPa', 'MPa', NULL, NULL, '186610102211100550', 'YL001');
INSERT INTO `node_attr` VALUES (14929544691641490, 14929542544157972, 'curr1', '电流', 'A', 'A', NULL, NULL, '186610102211100551', 'RD001');
INSERT INTO `node_attr` VALUES (14929544691641491, 14929542544157973, 'tem1', '温度1', '℃', '℃', NULL, NULL, '186610102211100552', 'RD001');
INSERT INTO `node_attr` VALUES (14929544691641492, 14929542544157973, 'tem2', '温度2', '℃', '℃', NULL, NULL, '186610102211100552', 'RD001');
INSERT INTO `node_attr` VALUES (14929544691641493, 14929542544157973, 'tem3', '温度3', '℃', '℃', NULL, NULL, '186610102211100552', 'RD001');
INSERT INTO `node_attr` VALUES (14929544691641494, 14929542544157973, 'tem4', '温度4', '℃', '℃', NULL, NULL, '186610102211100552', 'RD001');
INSERT INTO `node_attr` VALUES (14929544691641495, 14929542544157973, 'hum', '湿度', 'g/m3', 'g/m3', NULL, NULL, '186610102211100552', 'RD001');
INSERT INTO `node_attr` VALUES (14929544691641496, 14929542544157974, 'tem', '环境温度', '℃', '℃', NULL, NULL, '186610102211100559', 'WS001');
INSERT INTO `node_attr` VALUES (14929544691641497, 14929542544157974, 'hum', '湿度', 'g/m3', 'g/m3', NULL, NULL, '186610102211100559', 'WS001');
INSERT INTO `node_attr` VALUES (14929544691641498, 14929542544157975, 'curr1', '电流1', 'A', 'A', NULL, NULL, '186610102211100559', 'MN001');
INSERT INTO `node_attr` VALUES (14929544691641499, 14929542544157975, 'curr2', '电流2', 'A', 'A', NULL, NULL, '186610102211100559', 'MN001');
INSERT INTO `node_attr` VALUES (14929544691641500, 14929542544157975, 'curr3', '电流3', 'A', 'A', NULL, NULL, '186610102211100559', 'MN001');
INSERT INTO `node_attr` VALUES (14929544691641501, 14929542544157975, 'volt1', '电压1', 'V', 'V', NULL, NULL, '186610102211100559', 'MN001');
INSERT INTO `node_attr` VALUES (14929544691641502, 14929542544157975, 'volt2', '电压2', 'V', 'V', NULL, NULL, '186610102211100559', 'MN001');
INSERT INTO `node_attr` VALUES (14929544691641503, 14929542544157975, 'volt3', '电压3', 'V', 'V', NULL, NULL, '186610102211100559', 'MN001');
INSERT INTO `node_attr` VALUES (14929544691641504, 14929542544157976, 'tem1', '温度1', '℃', '℃', NULL, NULL, '186610102211100559', 'RD001');
INSERT INTO `node_attr` VALUES (14929544691641505, 14929542544157976, 'tem2', '温度2', '℃', '℃', NULL, NULL, '186610102211100559', 'RD001');
INSERT INTO `node_attr` VALUES (14929544691641506, 14929542544157977, 'press', '压力', 'MPa', 'MPa', NULL, NULL, '186610102211100559', 'YL001');
INSERT INTO `node_attr` VALUES (14929544691641507, 14929542544157978, 'tem', '环境温度', '℃', '℃', NULL, NULL, '186610102211100560', 'WS001');
INSERT INTO `node_attr` VALUES (14929544691641508, 14929542544157978, 'hum', '湿度', 'g/m3', 'g/m3', NULL, NULL, '186610102211100560', 'WS001');
INSERT INTO `node_attr` VALUES (14929544691641509, 14929542544157979, 'curr1', '电流1', 'A', 'A', NULL, NULL, '186610102211100560', 'MN001');
INSERT INTO `node_attr` VALUES (14929544691641510, 14929542544157979, 'curr2', '电流2', 'A', 'A', NULL, NULL, '186610102211100560', 'MN001');
INSERT INTO `node_attr` VALUES (14929544691641511, 14929542544157979, 'curr3', '电流3', 'A', 'A', NULL, NULL, '186610102211100560', 'MN001');
INSERT INTO `node_attr` VALUES (14929544691641512, 14929542544157979, 'volt1', '电压1', 'V', 'V', NULL, NULL, '186610102211100560', 'MN001');
INSERT INTO `node_attr` VALUES (14929544691641513, 14929542544157979, 'volt2', '电压2', 'V', 'V', NULL, NULL, '186610102211100560', 'MN001');
INSERT INTO `node_attr` VALUES (14929544691641514, 14929542544157979, 'volt3', '电压3', 'V', 'V', NULL, NULL, '186610102211100560', 'MN001');
INSERT INTO `node_attr` VALUES (14929544691641515, 14929542544157980, 'tem1', '温度1', '℃', '℃', NULL, NULL, '186610102211100560', 'RD001');
INSERT INTO `node_attr` VALUES (14929544691641516, 14929542544157980, 'tem2', '温度2', '℃', '℃', NULL, NULL, '186610102211100560', 'RD001');
INSERT INTO `node_attr` VALUES (14929544691641517, 14929542544157981, 'press', '压力', 'MPa', 'MPa', NULL, NULL, '186610102211100560', 'YL001');
INSERT INTO `node_attr` VALUES (14929544691641518, 14929542544157982, 'curr1', '电流1', 'A', 'A', NULL, NULL, '186610102211100566', 'MN001');
INSERT INTO `node_attr` VALUES (14929544691641519, 14929542544157982, 'curr2', '电流2', 'A', 'A', NULL, NULL, '186610102211100566', 'MN001');
INSERT INTO `node_attr` VALUES (14929544691641520, 14929542544157982, 'curr3', '电流3', 'A', 'A', NULL, NULL, '186610102211100566', 'MN001');
INSERT INTO `node_attr` VALUES (14929544691641521, 14929542544157982, 'volt1', '电压1', 'V', 'V', NULL, NULL, '186610102211100566', 'MN001');
INSERT INTO `node_attr` VALUES (14929544691641522, 14929542544157982, 'volt2', '电压2', 'V', 'V', NULL, NULL, '186610102211100566', 'MN001');
INSERT INTO `node_attr` VALUES (14929544691641523, 14929542544157982, 'volt3', '电压3', 'V', 'V', NULL, NULL, '186610102211100566', 'MN001');
INSERT INTO `node_attr` VALUES (14929544691641524, 14929542544157983, 'tem1', '温度1', '℃', '℃', NULL, NULL, '186610102211100566', 'WD001');
INSERT INTO `node_attr` VALUES (14929544691641525, 14929542544157983, 'tem2', '温度2', '℃', '℃', NULL, NULL, '186610102211100566', 'WD001');
INSERT INTO `node_attr` VALUES (14929544691641526, 14929542544157983, 'tem3', '温度3', '℃', '℃', NULL, NULL, '186610102211100566', 'WD001');
INSERT INTO `node_attr` VALUES (14929544691641527, 14929542544157983, 'tem4', '温度4', '℃', '℃', NULL, NULL, '186610102211100566', 'WD001');
INSERT INTO `node_attr` VALUES (14929544691641528, 14929542544157983, 'tem5', '温度5', '℃', '℃', NULL, NULL, '186610102211100566', 'WD001');
INSERT INTO `node_attr` VALUES (14929544691641529, 14929542544157984, 'press1', '压力1', 'MPa', 'MPa', NULL, NULL, '186610102211100566', 'YL001');
INSERT INTO `node_attr` VALUES (14929544691641530, 14929542544157984, 'press2', '压力2', 'MPa', 'MPa', NULL, NULL, '186610102211100566', 'YL001');
INSERT INTO `node_attr` VALUES (14929544691641531, 14929542544157984, 'press3', '压力3', 'MPa', 'MPa', NULL, NULL, '186610102211100566', 'YL001');
INSERT INTO `node_attr` VALUES (14929544691641532, 14929542544157984, 'press4', '压力4', 'MPa', 'MPa', NULL, NULL, '186610102211100566', 'YL001');
INSERT INTO `node_attr` VALUES (14929544691641533, 14929542544157984, 'press5', '压力5', 'MPa', 'MPa', NULL, NULL, '186610102211100566', 'YL001');
INSERT INTO `node_attr` VALUES (14929544691641534, 14929542544157985, 'tem1', '温度1', '℃', '℃', NULL, NULL, '186610102211000563', 'WD001');
INSERT INTO `node_attr` VALUES (14929544691641535, 14929542544157985, 'tem2', '温度2', '℃', '℃', NULL, NULL, '186610102211000563', 'WD001');
INSERT INTO `node_attr` VALUES (14929544691641536, 14929542544157985, 'tem3', '温度3', '℃', '℃', NULL, NULL, '186610102211000563', 'WD001');
INSERT INTO `node_attr` VALUES (14929544691641537, 14929542544157985, 'tem4', '温度4', '℃', '℃', NULL, NULL, '186610102211000563', 'WD001');
INSERT INTO `node_attr` VALUES (14929544691641538, 14929542544157985, 'tem5', '温度5', '℃', '℃', NULL, NULL, '186610102211000563', 'WD001');
INSERT INTO `node_attr` VALUES (14929544691641539, 14929542544157986, 'press1', '压力1', 'MPa', 'MPa', NULL, NULL, '186610102211000563', 'YL001');
INSERT INTO `node_attr` VALUES (14929544691641540, 14929542544157986, 'press2', '压力2', 'MPa', 'MPa', NULL, NULL, '186610102211000563', 'YL001');
INSERT INTO `node_attr` VALUES (14929544691641541, 14929542544157986, 'press3', '压力3', 'MPa', 'MPa', NULL, NULL, '186610102211000563', 'YL001');
INSERT INTO `node_attr` VALUES (14929544691641542, 14929542544157986, 'press4', '压力4', 'MPa', 'MPa', NULL, NULL, '186610102211000563', 'YL001');
INSERT INTO `node_attr` VALUES (14929544691641543, 14929542544157986, 'press5', '压力5', 'MPa', 'MPa', NULL, NULL, '186610102211000563', 'YL001');
INSERT INTO `node_attr` VALUES (14929544691641544, 14929542544157987, 'curr1', '电流1', 'A', 'A', NULL, NULL, '186610102211000563', 'MN001');
INSERT INTO `node_attr` VALUES (14929544691641545, 14929542544157987, 'curr2', '电流2', 'A', 'A', NULL, NULL, '186610102211000563', 'MN001');
INSERT INTO `node_attr` VALUES (14929544691641546, 14929542544157987, 'curr3', '电流3', 'A', 'A', NULL, NULL, '186610102211000563', 'MN001');
INSERT INTO `node_attr` VALUES (14929544691641547, 14929542544157987, 'volt1', '电压1', 'V', 'V', NULL, NULL, '186610102211000563', 'MN001');
INSERT INTO `node_attr` VALUES (14929544691641548, 14929542544157987, 'volt2', '电压2', 'V', 'V', NULL, NULL, '186610102211000563', 'MN001');
INSERT INTO `node_attr` VALUES (14929544691641549, 14929542544157987, 'volt3', '电压3', 'V', 'V', NULL, NULL, '186610102211000563', 'MN001');
INSERT INTO `node_attr` VALUES (14929544691641550, 14929542544157988, 'press', '压力', 'MPa', 'MPa', NULL, NULL, '186610102211000563', 'YL002');
INSERT INTO `node_attr` VALUES (14929544691641551, 14929542544157989, 'curr1', '电流1', 'A', 'A', NULL, NULL, '186610102211100361', 'MN001');
INSERT INTO `node_attr` VALUES (14929544691641552, 14929542544157989, 'curr2', '电流2', 'A', 'A', NULL, NULL, '186610102211100361', 'MN001');
INSERT INTO `node_attr` VALUES (14929544691641553, 14929542544157989, 'curr3', '电流3', 'A', 'A', NULL, NULL, '186610102211100361', 'MN001');
INSERT INTO `node_attr` VALUES (14929544691641554, 14929542544157989, 'volt1', '电压1', 'V', 'V', NULL, NULL, '186610102211100361', 'MN001');
INSERT INTO `node_attr` VALUES (14929544691641555, 14929542544157989, 'volt2', '电压2', 'V', 'V', NULL, NULL, '186610102211100361', 'MN001');
INSERT INTO `node_attr` VALUES (14929544691641556, 14929542544157989, 'volt3', '电压3', 'V', 'V', NULL, NULL, '186610102211100361', 'MN001');
INSERT INTO `node_attr` VALUES (14929544691641557, 14929542544157990, 'tem1', '温度1', '℃', '℃', NULL, NULL, '186610102211100361', 'WD001');
INSERT INTO `node_attr` VALUES (14929544691641558, 14929542544157990, 'tem2', '温度2', '℃', '℃', NULL, NULL, '186610102211100361', 'WD001');
INSERT INTO `node_attr` VALUES (14929544691641559, 14929542544157990, 'tem3', '温度3', '℃', '℃', NULL, NULL, '186610102211100361', 'WD001');
INSERT INTO `node_attr` VALUES (14929544691641560, 14929542544157990, 'tem4', '温度4', '℃', '℃', NULL, NULL, '186610102211100361', 'WD001');
INSERT INTO `node_attr` VALUES (14929544691641561, 14929542544157990, 'tem5', '温度5', '℃', '℃', NULL, NULL, '186610102211100361', 'WD001');
INSERT INTO `node_attr` VALUES (14929544691641562, 14929542544157991, 'press1', '压力1', 'MPa', 'MPa', NULL, NULL, '186610102211100361', 'YL001');
INSERT INTO `node_attr` VALUES (14929544691641563, 14929542544157991, 'press2', '压力2', 'MPa', 'MPa', NULL, NULL, '186610102211100361', 'YL001');
INSERT INTO `node_attr` VALUES (14929544691641564, 14929542544157991, 'press3', '压力3', 'MPa', 'MPa', NULL, NULL, '186610102211100361', 'YL001');
INSERT INTO `node_attr` VALUES (14929544691641565, 14929542544157991, 'press4', '压力4', 'MPa', 'MPa', NULL, NULL, '186610102211100361', 'YL001');
INSERT INTO `node_attr` VALUES (14929544691641566, 14929542544157991, 'press5', '压力5', 'MPa', 'MPa', NULL, NULL, '186610102211100361', 'YL001');
INSERT INTO `node_attr` VALUES (14929544691641567, 14929542544157992, 'curr1', '电流1', 'A', 'A', NULL, NULL, '186610102211100567', 'MN001');
INSERT INTO `node_attr` VALUES (14929544691641568, 14929542544157992, 'curr2', '电流2', 'A', 'A', NULL, NULL, '186610102211100567', 'MN001');
INSERT INTO `node_attr` VALUES (14929544691641569, 14929542544157992, 'curr3', '电流3', 'A', 'A', NULL, NULL, '186610102211100567', 'MN001');
INSERT INTO `node_attr` VALUES (14929544691641570, 14929542544157992, 'volt1', '电压1', 'V', 'V', NULL, NULL, '186610102211100567', 'MN001');
INSERT INTO `node_attr` VALUES (14929544691641571, 14929542544157992, 'volt2', '电压2', 'V', 'V', NULL, NULL, '186610102211100567', 'MN001');
INSERT INTO `node_attr` VALUES (14929544691641572, 14929542544157992, 'volt3', '电压3', 'V', 'V', NULL, NULL, '186610102211100567', 'MN001');
INSERT INTO `node_attr` VALUES (14929544691641573, 14929542544157993, 'tem1', '温度1', '℃', '℃', NULL, NULL, '186610102211100567', 'RD001');
INSERT INTO `node_attr` VALUES (14929544691641574, 14929542544157993, 'tem2', '温度2', '℃', '℃', NULL, NULL, '186610102211100567', 'RD001');
INSERT INTO `node_attr` VALUES (14929544691641575, 14929542544157993, 'tem3', '温度3', '℃', '℃', NULL, NULL, '186610102211100567', 'RD001');
INSERT INTO `node_attr` VALUES (14929544691641576, 14929542544157993, 'tem4', '温度4', '℃', '℃', NULL, NULL, '186610102211100567', 'RD001');
INSERT INTO `node_attr` VALUES (14929544691641577, 14929542544157993, 'tem5', '温度5', '℃', '℃', NULL, NULL, '186610102211100567', 'RD001');
INSERT INTO `node_attr` VALUES (14929544691641578, 14929542544157994, 'press1', '压力1', 'MPa', 'MPa', NULL, NULL, '186610102211100567', 'YL001');
INSERT INTO `node_attr` VALUES (14929544691641579, 14929542544157994, 'press2', '压力2', 'MPa', 'MPa', NULL, NULL, '186610102211100567', 'YL001');
INSERT INTO `node_attr` VALUES (14929544691641580, 14929542544157994, 'press3', '压力3', 'MPa', 'MPa', NULL, NULL, '186610102211100567', 'YL001');
INSERT INTO `node_attr` VALUES (14929544691641581, 14929542544157994, 'press4', '压力4', 'MPa', 'MPa', NULL, NULL, '186610102211100567', 'YL001');
INSERT INTO `node_attr` VALUES (14929544691641582, 14929542544157994, 'press5', '压力5', 'MPa', 'MPa', NULL, NULL, '186610102211100567', 'YL001');
INSERT INTO `node_attr` VALUES (14929544691641583, 14929542544157995, 'tem', '采集卡温度', '℃', '℃', NULL, NULL, '186610102211100567', 'RD002');
INSERT INTO `node_attr` VALUES (14929544691641584, 14929542544157995, 'tem1', '采集卡温度1', '℃', '℃', NULL, NULL, '186610102211100567', 'RD002');
INSERT INTO `node_attr` VALUES (14929544691641585, 14929542544157995, 'tem2', '采集卡温度2', '℃', '℃', NULL, NULL, '186610102211100567', 'RD002');
INSERT INTO `node_attr` VALUES (14929544691641586, 14929542544157996, 'curr1', '电流1', 'A', 'A', NULL, NULL, '186610102211100574', 'MN001');
INSERT INTO `node_attr` VALUES (14929544691641587, 14929542544157996, 'curr2', '电流2', 'A', 'A', NULL, NULL, '186610102211100574', 'MN001');
INSERT INTO `node_attr` VALUES (14929544691641588, 14929542544157996, 'curr3', '电流3', 'A', 'A', NULL, NULL, '186610102211100574', 'MN001');
INSERT INTO `node_attr` VALUES (14929544691641589, 14929542544157996, 'volt1', '电压1', 'V', 'V', NULL, NULL, '186610102211100574', 'MN001');
INSERT INTO `node_attr` VALUES (14929544691641590, 14929542544157996, 'volt2', '电压2', 'V', 'V', NULL, NULL, '186610102211100574', 'MN001');
INSERT INTO `node_attr` VALUES (14929544691641591, 14929542544157996, 'volt3', '电压3', 'V', 'V', NULL, NULL, '186610102211100574', 'MN001');
INSERT INTO `node_attr` VALUES (14929544691641592, 14929542544157997, 'tem1', '温度1', '℃', '℃', NULL, NULL, '186610102211100574', 'RD001');
INSERT INTO `node_attr` VALUES (14929544691641593, 14929542544157997, 'tem2', '温度2', '℃', '℃', NULL, NULL, '186610102211100574', 'RD001');
INSERT INTO `node_attr` VALUES (14929544691641594, 14929542544157997, 'tem3', '温度3', '℃', '℃', NULL, NULL, '186610102211100574', 'RD001');
INSERT INTO `node_attr` VALUES (14929544691641595, 14929542544157997, 'tem4', '温度4', '℃', '℃', NULL, NULL, '186610102211100574', 'RD001');
INSERT INTO `node_attr` VALUES (14929544691641596, 14929542544157997, 'tem5', '温度5', '℃', '℃', NULL, NULL, '186610102211100574', 'RD001');
INSERT INTO `node_attr` VALUES (14929544691641597, 14929542544157998, 'press1', '压力1', 'MPa', 'MPa', NULL, NULL, '186610102211100574', 'YL001');
INSERT INTO `node_attr` VALUES (14929544691641598, 14929542544157998, 'press2', '压力2', 'MPa', 'MPa', NULL, NULL, '186610102211100574', 'YL001');
INSERT INTO `node_attr` VALUES (14929544691641599, 14929542544157998, 'press3', '压力3', 'MPa', 'MPa', NULL, NULL, '186610102211100574', 'YL001');
INSERT INTO `node_attr` VALUES (14929544691641600, 14929542544157998, 'press4', '压力4', 'MPa', 'MPa', NULL, NULL, '186610102211100574', 'YL001');
INSERT INTO `node_attr` VALUES (14929544691641601, 14929542544157998, 'press5', '压力5', 'MPa', 'MPa', NULL, NULL, '186610102211100574', 'YL001');
INSERT INTO `node_attr` VALUES (14929544691641602, 14929542544157999, 'hum', '湿度', 'g/cm3', 'g/cm3', NULL, NULL, '186610102211100574', 'HG001');
INSERT INTO `node_attr` VALUES (14929544691641603, 14929542544157999, 'tem1', '烘干机温度1', '℃', '℃', NULL, NULL, '186610102211100574', 'HG001');
INSERT INTO `node_attr` VALUES (14929544691641604, 14929542544157999, 'tem2', '烘干机温度2', '℃', '℃', NULL, NULL, '186610102211100574', 'HG001');
INSERT INTO `node_attr` VALUES (14929544691641605, 14929542544157999, 'tem3', '烘干机温度3', '℃', '℃', NULL, NULL, '186610102211100574', 'HG001');
INSERT INTO `node_attr` VALUES (14929544691641606, 14929542544157999, 'tem4', '烘干机温度4', '℃', '℃', NULL, NULL, '186610102211100574', 'HG001');
INSERT INTO `node_attr` VALUES (14929544691641607, 14929542544158000, 'tem1', '温度1', '℃', '℃', NULL, NULL, '186610102211100575', 'RD001');
INSERT INTO `node_attr` VALUES (14929544691641608, 14929542544158000, 'tem2', '温度2', '℃', '℃', NULL, NULL, '186610102211100575', 'RD001');
INSERT INTO `node_attr` VALUES (14929544691641609, 14929542544158000, 'tem3', '温度3', '℃', '℃', NULL, NULL, '186610102211100575', 'RD001');
INSERT INTO `node_attr` VALUES (14929544691641610, 14929542544158000, 'tem4', '温度4', '℃', '℃', NULL, NULL, '186610102211100575', 'RD001');
INSERT INTO `node_attr` VALUES (14929544691641611, 14929542544158000, 'hum', '湿度', 'g/m3', 'g/m3', NULL, NULL, '186610102211100575', 'RD001');
INSERT INTO `node_attr` VALUES (14929544691641612, 14929542544158001, 'tem1', '温度1', '℃', '℃', NULL, NULL, '186610102211100576', 'RD001');
INSERT INTO `node_attr` VALUES (14929544691641613, 14929542544158001, 'tem2', '温度2', '℃', '℃', NULL, NULL, '186610102211100576', 'RD001');
INSERT INTO `node_attr` VALUES (14929544691641614, 14929542544158001, 'tem3', '温度3', '℃', '℃', NULL, NULL, '186610102211100576', 'RD001');
INSERT INTO `node_attr` VALUES (14929544691641615, 14929542544158001, 'tem4', '温度4', '℃', '℃', NULL, NULL, '186610102211100576', 'RD001');
INSERT INTO `node_attr` VALUES (14929544691641616, 14929542544158001, 'hum', '湿度', 'g/cm3', 'g/cm3', NULL, NULL, '186610102211100576', 'RD001');
INSERT INTO `node_attr` VALUES (14929544691641617, 14929542544158002, 'curr1', '电流1', 'A', 'A', NULL, NULL, '186610102211100577', 'MN001');
INSERT INTO `node_attr` VALUES (14929544691641618, 14929542544158002, 'curr2', '电流2', 'A', 'A', NULL, NULL, '186610102211100577', 'MN001');
INSERT INTO `node_attr` VALUES (14929544691641619, 14929542544158002, 'curr3', '电流3', 'A', 'A', NULL, NULL, '186610102211100577', 'MN001');
INSERT INTO `node_attr` VALUES (14929544691641620, 14929542544158002, 'volt1', '电压1', 'V', 'V', NULL, NULL, '186610102211100577', 'MN001');
INSERT INTO `node_attr` VALUES (14929544691641621, 14929542544158002, 'volt2', '电压2', 'V', 'V', NULL, NULL, '186610102211100577', 'MN001');
INSERT INTO `node_attr` VALUES (14929544691641622, 14929542544158002, 'volt3', '电压3', 'V', 'V', NULL, NULL, '186610102211100577', 'MN001');
INSERT INTO `node_attr` VALUES (14929544691641623, 14929542544158003, 'tem1', '温度1', '℃', '℃', NULL, NULL, '186610102211100577', 'RD001');
INSERT INTO `node_attr` VALUES (14929544691641624, 14929542544158003, 'tem2', '温度2', '℃', '℃', NULL, NULL, '186610102211100577', 'RD001');
INSERT INTO `node_attr` VALUES (14929544691641625, 14929542544158003, 'tem3', '温度3', '℃', '℃', NULL, NULL, '186610102211100577', 'RD001');
INSERT INTO `node_attr` VALUES (14929544691641626, 14929542544158003, 'tem4', '温度4', '℃', '℃', NULL, NULL, '186610102211100577', 'RD001');
INSERT INTO `node_attr` VALUES (14929544691641627, 14929542544158003, 'tem5', '温度5', '℃', '℃', NULL, NULL, '186610102211100577', 'RD001');
INSERT INTO `node_attr` VALUES (14929544691641628, 14929542544158004, 'press1', '压力1', 'MPa', 'MPa', NULL, NULL, '186610102211100577', 'YL001');
INSERT INTO `node_attr` VALUES (14929544691641629, 14929542544158004, 'press2', '压力2', 'MPa', 'MPa', NULL, NULL, '186610102211100577', 'YL001');
INSERT INTO `node_attr` VALUES (14929544691641630, 14929542544158004, 'press3', '压力3', 'MPa', 'MPa', NULL, NULL, '186610102211100577', 'YL001');
INSERT INTO `node_attr` VALUES (14929544691641631, 14929542544158004, 'press4', '压力4', 'MPa', 'MPa', NULL, NULL, '186610102211100577', 'YL001');
INSERT INTO `node_attr` VALUES (14929544691641632, 14929542544158004, 'press5', '压力5', 'MPa', 'MPa', NULL, NULL, '186610102211100577', 'YL001');
INSERT INTO `node_attr` VALUES (14929544691641633, 14929542544158005, 'curr1', '电流1', 'A', 'A', NULL, NULL, '186610102211100578', 'MN001');
INSERT INTO `node_attr` VALUES (14929544691641634, 14929542544158005, 'curr2', '电流2', 'A', 'A', NULL, NULL, '186610102211100578', 'MN001');
INSERT INTO `node_attr` VALUES (14929544691641635, 14929542544158005, 'curr3', '电流3', 'A', 'A', NULL, NULL, '186610102211100578', 'MN001');
INSERT INTO `node_attr` VALUES (14929544691641636, 14929542544158005, 'volt1', '电压1', 'V', 'V', NULL, NULL, '186610102211100578', 'MN001');
INSERT INTO `node_attr` VALUES (14929544691641637, 14929542544158005, 'volt2', '电压2', 'V', 'V', NULL, NULL, '186610102211100578', 'MN001');
INSERT INTO `node_attr` VALUES (14929544691641638, 14929542544158005, 'volt3', '电压3', 'V', 'V', NULL, NULL, '186610102211100578', 'MN001');
INSERT INTO `node_attr` VALUES (14929544691641639, 14929542544158006, 'tem1', '温度1', '℃', '℃', NULL, NULL, '186610102211100578', 'RD001');
INSERT INTO `node_attr` VALUES (14929544691641640, 14929542544158006, 'tem2', '温度2', '℃', '℃', NULL, NULL, '186610102211100578', 'RD001');
INSERT INTO `node_attr` VALUES (14929544691641641, 14929542544158006, 'tem3', '温度3', '℃', '℃', NULL, NULL, '186610102211100578', 'RD001');
INSERT INTO `node_attr` VALUES (14929544691641642, 14929542544158006, 'tem4', '温度4', '℃', '℃', NULL, NULL, '186610102211100578', 'RD001');
INSERT INTO `node_attr` VALUES (14929544691641643, 14929542544158006, 'tem5', '温度5', '℃', '℃', NULL, NULL, '186610102211100578', 'RD001');
INSERT INTO `node_attr` VALUES (14929544691641644, 14929542544158007, 'press1', '压力1', 'MPa', 'MPa', NULL, NULL, '186610102211100578', 'YL001');
INSERT INTO `node_attr` VALUES (14929544691641645, 14929542544158007, 'press2', '压力2', 'MPa', 'MPa', NULL, NULL, '186610102211100578', 'YL001');
INSERT INTO `node_attr` VALUES (14929544691641646, 14929542544158007, 'press3', '压力3', 'MPa', 'MPa', NULL, NULL, '186610102211100578', 'YL001');
INSERT INTO `node_attr` VALUES (14929544691641647, 14929542544158007, 'press4', '压力4', 'MPa', 'MPa', NULL, NULL, '186610102211100578', 'YL001');
INSERT INTO `node_attr` VALUES (14929544691641648, 14929542544158007, 'press5', '压力5', 'MPa', 'MPa', NULL, NULL, '186610102211100578', 'YL001');
INSERT INTO `node_attr` VALUES (14929544691641649, 14929542544158008, 'curr1', '电流1', 'A', '电流1', NULL, NULL, '186610102211100579', 'MN001');
INSERT INTO `node_attr` VALUES (14929544691641650, 14929542544158008, 'curr2', '电流2', 'A', '电流2', NULL, NULL, '186610102211100579', 'MN001');
INSERT INTO `node_attr` VALUES (14929544691641651, 14929542544158008, 'curr3', '电流3', 'A', '电流3', NULL, NULL, '186610102211100579', 'MN001');
INSERT INTO `node_attr` VALUES (14929544691641652, 14929542544158008, 'volt1', '电压1', 'V', '电压1', NULL, NULL, '186610102211100579', 'MN001');
INSERT INTO `node_attr` VALUES (14929544691641653, 14929542544158008, 'volt2', '电压2', 'V', '电压2', NULL, NULL, '186610102211100579', 'MN001');
INSERT INTO `node_attr` VALUES (14929544691641654, 14929542544158008, 'volt3', '电压3', 'V', '电压3', NULL, NULL, '186610102211100579', 'MN001');
INSERT INTO `node_attr` VALUES (14929544691641655, 14929542544158009, 'tem1', '温度1', '℃', '℃', NULL, NULL, '186610102211100579', 'RD001');
INSERT INTO `node_attr` VALUES (14929544691641656, 14929542544158009, 'tem2', '温度2', '℃', '℃', NULL, NULL, '186610102211100579', 'RD001');
INSERT INTO `node_attr` VALUES (14929544691641657, 14929542544158009, 'tem3', '温度3', '℃', '℃', NULL, NULL, '186610102211100579', 'RD001');
INSERT INTO `node_attr` VALUES (14929544691641658, 14929542544158009, 'tem4', '温度4', '℃', '℃', NULL, NULL, '186610102211100579', 'RD001');
INSERT INTO `node_attr` VALUES (14929544691641659, 14929542544158009, 'tem5', '温度5', '℃', '℃', NULL, NULL, '186610102211100579', 'RD001');
INSERT INTO `node_attr` VALUES (14929544691641660, 14929542544158010, 'press1', '压力1', 'MPa', 'MPa', NULL, NULL, '186610102211100579', 'YL001');
INSERT INTO `node_attr` VALUES (14929544691641661, 14929542544158010, 'press2', '压力2', 'MPa', 'MPa', NULL, NULL, '186610102211100579', 'YL001');
INSERT INTO `node_attr` VALUES (14929544691641662, 14929542544158010, 'press3', '压力3', 'MPa', 'MPa', NULL, NULL, '186610102211100579', 'YL001');
INSERT INTO `node_attr` VALUES (14929544691641663, 14929542544158010, 'press4', '压力4', 'MPa', 'MPa', NULL, NULL, '186610102211100579', 'YL001');
INSERT INTO `node_attr` VALUES (14929544691641664, 14929542544158010, 'press5', '压力5', 'MPa', 'MPa', NULL, NULL, '186610102211100579', 'YL001');
INSERT INTO `node_attr` VALUES (14929544691641665, 14929542544158011, 'curr1', '电流1', 'A', 'A', NULL, NULL, '186610102211100580', 'MN001');
INSERT INTO `node_attr` VALUES (14929544691641666, 14929542544158011, 'curr2', '电流2', 'A', 'A', NULL, NULL, '186610102211100580', 'MN001');
INSERT INTO `node_attr` VALUES (14929544691641667, 14929542544158011, 'curr3', '电流3', 'A', 'A', NULL, NULL, '186610102211100580', 'MN001');
INSERT INTO `node_attr` VALUES (14929544691641668, 14929542544158011, 'volt1', '电压1', 'V', 'V', NULL, NULL, '186610102211100580', 'MN001');
INSERT INTO `node_attr` VALUES (14929544691641669, 14929542544158011, 'volt2', '电压2', 'V', 'V', NULL, NULL, '186610102211100580', 'MN001');
INSERT INTO `node_attr` VALUES (14929544691641670, 14929542544158011, 'volt3', '电压3', 'V', 'V', NULL, NULL, '186610102211100580', 'MN001');
INSERT INTO `node_attr` VALUES (14929544691641671, 14929542544158012, 'tem1', '温度1', '℃', '℃', NULL, NULL, '186610102211100580', 'RD001');
INSERT INTO `node_attr` VALUES (14929544691641672, 14929542544158012, 'tem2', '温度2', '℃', '℃', NULL, NULL, '186610102211100580', 'RD001');
INSERT INTO `node_attr` VALUES (14929544691641673, 14929542544158012, 'tem3', '温度3', '℃', '℃', NULL, NULL, '186610102211100580', 'RD001');
INSERT INTO `node_attr` VALUES (14929544691641674, 14929542544158012, 'tem4', '温度4', '℃', '℃', NULL, NULL, '186610102211100580', 'RD001');
INSERT INTO `node_attr` VALUES (14929544691641675, 14929542544158012, 'tem5', '温度5', '℃', '℃', NULL, NULL, '186610102211100580', 'RD001');
INSERT INTO `node_attr` VALUES (14929544691641676, 14929542544158013, 'press1', '压力1', 'MPa', 'MPa', NULL, NULL, '186610102211100580', 'YL001');
INSERT INTO `node_attr` VALUES (14929544691641677, 14929542544158013, 'press2', '压力2', 'MPa', 'MPa', NULL, NULL, '186610102211100580', 'YL001');
INSERT INTO `node_attr` VALUES (14929544691641678, 14929542544158013, 'press3', '压力3', 'MPa', 'MPa', NULL, NULL, '186610102211100580', 'YL001');
INSERT INTO `node_attr` VALUES (14929544691641679, 14929542544158013, 'press4', '压力4', 'MPa', 'MPa', NULL, NULL, '186610102211100580', 'YL001');
INSERT INTO `node_attr` VALUES (14929544691641680, 14929542544158013, 'press5', '压力5', 'MPa', 'MPa', NULL, NULL, '186610102211100580', 'YL001');
INSERT INTO `node_attr` VALUES (14929544691641681, 14929542544158014, 'curr1', '电流1', 'A', 'A', NULL, NULL, '186610102211100581', 'MN001');
INSERT INTO `node_attr` VALUES (14929544691641682, 14929542544158014, 'curr2', '电流2', 'A', 'A', NULL, NULL, '186610102211100581', 'MN001');
INSERT INTO `node_attr` VALUES (14929544691641683, 14929542544158014, 'curr3', '电流3', 'A', 'A', NULL, NULL, '186610102211100581', 'MN001');
INSERT INTO `node_attr` VALUES (14929544691641684, 14929542544158014, 'volt1', '电压1', 'V', 'V', NULL, NULL, '186610102211100581', 'MN001');
INSERT INTO `node_attr` VALUES (14929544691641685, 14929542544158014, 'volt2', '电压2', 'V', 'V', NULL, NULL, '186610102211100581', 'MN001');
INSERT INTO `node_attr` VALUES (14929544691641686, 14929542544158014, 'volt3', '电压3', 'V', 'V', NULL, NULL, '186610102211100581', 'MN001');
INSERT INTO `node_attr` VALUES (14929544691641687, 14929542544158015, 'tem1', '温度1', '℃', '℃', NULL, NULL, '186610102211100581', 'RD001');
INSERT INTO `node_attr` VALUES (14929544691641688, 14929542544158015, 'tem2', '温度2', '℃', '℃', NULL, NULL, '186610102211100581', 'RD001');
INSERT INTO `node_attr` VALUES (14929544691641689, 14929542544158015, 'tem3', '温度3', '℃', '℃', NULL, NULL, '186610102211100581', 'RD001');
INSERT INTO `node_attr` VALUES (14929544691641690, 14929542544158015, 'tem4', '温度4', '℃', '℃', NULL, NULL, '186610102211100581', 'RD001');
INSERT INTO `node_attr` VALUES (14929544691641691, 14929542544158015, 'tem5', '温度5', '℃', '℃', NULL, NULL, '186610102211100581', 'RD001');
INSERT INTO `node_attr` VALUES (14929544691641692, 14929542544158016, 'press1', '压力1', 'MPa', 'MPa', NULL, NULL, '186610102211100581', 'YL001');
INSERT INTO `node_attr` VALUES (14929544691641693, 14929542544158016, 'press2', '压力2', 'MPa', 'MPa', NULL, NULL, '186610102211100581', 'YL001');
INSERT INTO `node_attr` VALUES (14929544691641694, 14929542544158016, 'press3', '压力3', 'MPa', 'MPa', NULL, NULL, '186610102211100581', 'YL001');
INSERT INTO `node_attr` VALUES (14929544691641695, 14929542544158016, 'press4', '压力4', 'MPa', 'MPa', NULL, NULL, '186610102211100581', 'YL001');
INSERT INTO `node_attr` VALUES (14929544691641696, 14929542544158016, 'press5', '压力5', 'MPa', 'MPa', NULL, NULL, '186610102211100581', 'YL001');
INSERT INTO `node_attr` VALUES (14929544691641697, 14929542544158017, 'curr1', '电流1', 'A', 'A', NULL, NULL, '186610102211100584', 'MN001');
INSERT INTO `node_attr` VALUES (14929544691641698, 14929542544158017, 'curr2', '电流2', 'A', 'A', NULL, NULL, '186610102211100584', 'MN001');
INSERT INTO `node_attr` VALUES (14929544691641699, 14929542544158017, 'curr3', '电流3', 'A', 'A', NULL, NULL, '186610102211100584', 'MN001');
INSERT INTO `node_attr` VALUES (14929544691641700, 14929542544158017, 'volt1', '电压1', 'V', 'V', NULL, NULL, '186610102211100584', 'MN001');
INSERT INTO `node_attr` VALUES (14929544691641701, 14929542544158017, 'volt2', '电压2', 'V', 'V', NULL, NULL, '186610102211100584', 'MN001');
INSERT INTO `node_attr` VALUES (14929544691641702, 14929542544158017, 'volt3', '电压3', 'V', 'V', NULL, NULL, '186610102211100584', 'MN001');
INSERT INTO `node_attr` VALUES (14929544691641703, 14929542544158018, 'tem1', '温度1', '℃', '℃', NULL, NULL, '186610102211100584', 'RD001');
INSERT INTO `node_attr` VALUES (14929544691641704, 14929542544158018, 'tem2', '温度2', '℃', '℃', NULL, NULL, '186610102211100584', 'RD001');
INSERT INTO `node_attr` VALUES (14929544691641705, 14929542544158018, 'tem3', '温度3', '℃', '℃', NULL, NULL, '186610102211100584', 'RD001');
INSERT INTO `node_attr` VALUES (14929544691641706, 14929542544158018, 'tem4', '温度4', '℃', '℃', NULL, NULL, '186610102211100584', 'RD001');
INSERT INTO `node_attr` VALUES (14929544691641707, 14929542544158018, 'tem5', '温度5', '℃', '℃', NULL, NULL, '186610102211100584', 'RD001');
INSERT INTO `node_attr` VALUES (14929544691641708, 14929542544158019, 'press1', '压力1', 'MPa', 'MPa', NULL, NULL, '186610102211100584', 'YL001');
INSERT INTO `node_attr` VALUES (14929544691641709, 14929542544158019, 'press2', '压力2', 'MPa', 'MPa', NULL, NULL, '186610102211100584', 'YL001');
INSERT INTO `node_attr` VALUES (14929544691641710, 14929542544158019, 'press3', '压力3', 'MPa', 'MPa', NULL, NULL, '186610102211100584', 'YL001');
INSERT INTO `node_attr` VALUES (14929544691641711, 14929542544158019, 'press4', '压力4', 'MPa', 'MPa', NULL, NULL, '186610102211100584', 'YL001');
INSERT INTO `node_attr` VALUES (14929544691641712, 14929542544158019, 'press5', '压力5', 'MPa', 'MPa', NULL, NULL, '186610102211100584', 'YL001');
INSERT INTO `node_attr` VALUES (14929544691641713, 14929542544158020, 'curr1', '电流1', 'A', 'A', NULL, NULL, '186610102211100586', 'MN001');
INSERT INTO `node_attr` VALUES (14929544691641714, 14929542544158020, 'curr2', '电流2', 'A', 'A', NULL, NULL, '186610102211100586', 'MN001');
INSERT INTO `node_attr` VALUES (14929544691641715, 14929542544158020, 'curr3', '电流3', 'A', 'A', NULL, NULL, '186610102211100586', 'MN001');
INSERT INTO `node_attr` VALUES (14929544691641716, 14929542544158020, 'volt1', '电压1', 'V', 'V', NULL, NULL, '186610102211100586', 'MN001');
INSERT INTO `node_attr` VALUES (14929544691641717, 14929542544158020, 'volt2', '电压2', 'V', 'V', NULL, NULL, '186610102211100586', 'MN001');
INSERT INTO `node_attr` VALUES (14929544691641718, 14929542544158020, 'volt3', '电压3', 'V', 'V', NULL, NULL, '186610102211100586', 'MN001');
INSERT INTO `node_attr` VALUES (14929544691641719, 14929542544158021, 'tem1', '温度1', '℃', '℃', NULL, NULL, '186610102211100586', 'RD001');
INSERT INTO `node_attr` VALUES (14929544691641720, 14929542544158021, 'tem2', '温度2', '℃', '℃', NULL, NULL, '186610102211100586', 'RD001');
INSERT INTO `node_attr` VALUES (14929544691641721, 14929542544158021, 'tem3', '温度3', '℃', '℃', NULL, NULL, '186610102211100586', 'RD001');
INSERT INTO `node_attr` VALUES (14929544691641722, 14929542544158021, 'tem4', '温度4', '℃', '℃', NULL, NULL, '186610102211100586', 'RD001');
INSERT INTO `node_attr` VALUES (14929544691641723, 14929542544158021, 'tem5', '温度5', '℃', '℃', NULL, NULL, '186610102211100586', 'RD001');
INSERT INTO `node_attr` VALUES (14929544691641724, 14929542544158022, 'press1', '压力1', 'MPa', 'MPa', NULL, NULL, '186610102211100586', 'YL001');
INSERT INTO `node_attr` VALUES (14929544691641725, 14929542544158022, 'press2', '压力2', 'MPa', 'MPa', NULL, NULL, '186610102211100586', 'YL001');
INSERT INTO `node_attr` VALUES (14929544691641726, 14929542544158022, 'press3', '压力3', 'MPa', 'MPa', NULL, NULL, '186610102211100586', 'YL001');
INSERT INTO `node_attr` VALUES (14929544691641727, 14929542544158022, 'press4', '压力4', 'MPa', 'MPa', NULL, NULL, '186610102211100586', 'YL001');
INSERT INTO `node_attr` VALUES (14929544691641728, 14929542544158022, 'press5', '压力5', 'MPa', 'MPa', NULL, NULL, '186610102211100586', 'YL001');
INSERT INTO `node_attr` VALUES (14929544691641729, 14929542544158023, 'curr1', '电流1', 'A', 'A', NULL, NULL, '186610102211100588', 'MN001');
INSERT INTO `node_attr` VALUES (14929544691641730, 14929542544158023, 'curr2', '电流2', 'A', 'A', NULL, NULL, '186610102211100588', 'MN001');
INSERT INTO `node_attr` VALUES (14929544691641731, 14929542544158023, 'curr3', '电流3', 'A', 'A', NULL, NULL, '186610102211100588', 'MN001');
INSERT INTO `node_attr` VALUES (14929544691641732, 14929542544158023, 'volt1', '电压1', 'V', 'V', NULL, NULL, '186610102211100588', 'MN001');
INSERT INTO `node_attr` VALUES (14929544691641733, 14929542544158023, 'volt2', '电压2', 'V', 'V', NULL, NULL, '186610102211100588', 'MN001');
INSERT INTO `node_attr` VALUES (14929544691641734, 14929542544158023, 'volt3', '电压3', 'V', 'V', NULL, NULL, '186610102211100588', 'MN001');
INSERT INTO `node_attr` VALUES (14929544691641735, 14929542544158024, 'tem1', '温度1', '℃', '℃', NULL, NULL, '186610102211100588', 'RD001');
INSERT INTO `node_attr` VALUES (14929544691641736, 14929542544158024, 'tem2', '温度2', '℃', '℃', NULL, NULL, '186610102211100588', 'RD001');
INSERT INTO `node_attr` VALUES (14929544691641737, 14929542544158024, 'tem3', '温度3', '℃', '℃', NULL, NULL, '186610102211100588', 'RD001');
INSERT INTO `node_attr` VALUES (14929544691641738, 14929542544158024, 'tem4', '温度4', '℃', '℃', NULL, NULL, '186610102211100588', 'RD001');
INSERT INTO `node_attr` VALUES (14929544691641739, 14929542544158024, 'tem5', '温度5', '℃', '℃', NULL, NULL, '186610102211100588', 'RD001');
INSERT INTO `node_attr` VALUES (14929544691641740, 14929542544158025, 'press1', '压力1', 'MPa', 'MPa', NULL, NULL, '186610102211100588', 'YL001');
INSERT INTO `node_attr` VALUES (14929544691641741, 14929542544158025, 'press2', '压力2', 'MPa', 'MPa', NULL, NULL, '186610102211100588', 'YL001');
INSERT INTO `node_attr` VALUES (14929544691641742, 14929542544158025, 'press3', '压力3', 'MPa', 'MPa', NULL, NULL, '186610102211100588', 'YL001');
INSERT INTO `node_attr` VALUES (14929544691641743, 14929542544158025, 'press4', '压力4', 'MPa', 'MPa', NULL, NULL, '186610102211100588', 'YL001');
INSERT INTO `node_attr` VALUES (14929544691641744, 14929542544158025, 'press5', '压力5', 'MPa', 'MPa', NULL, NULL, '186610102211100588', 'YL001');
INSERT INTO `node_attr` VALUES (14929544691641745, 14929542544158026, 'curr1', '电流1', 'A', 'A', NULL, NULL, '186610102211100589', 'MN001');
INSERT INTO `node_attr` VALUES (14929544691641746, 14929542544158026, 'curr2', '电流2', 'A', 'A', NULL, NULL, '186610102211100589', 'MN001');
INSERT INTO `node_attr` VALUES (14929544691641747, 14929542544158026, 'curr3', '电流3', 'A', 'A', NULL, NULL, '186610102211100589', 'MN001');
INSERT INTO `node_attr` VALUES (14929544691641748, 14929542544158026, 'volt1', '电压1', 'V', 'V', NULL, NULL, '186610102211100589', 'MN001');
INSERT INTO `node_attr` VALUES (14929544691641749, 14929542544158026, 'volt2', '电压2', 'V', 'V', NULL, NULL, '186610102211100589', 'MN001');
INSERT INTO `node_attr` VALUES (14929544691641750, 14929542544158026, 'volt3', '电压3', 'V', 'V', NULL, NULL, '186610102211100589', 'MN001');
INSERT INTO `node_attr` VALUES (14929544691641751, 14929542544158027, 'tem1', '温度1', '℃', '℃', NULL, NULL, '186610102211100589', 'RD001');
INSERT INTO `node_attr` VALUES (14929544691641752, 14929542544158027, 'tem2', '温度2', '℃', '℃', NULL, NULL, '186610102211100589', 'RD001');
INSERT INTO `node_attr` VALUES (14929544691641753, 14929542544158027, 'tem3', '温度3', '℃', '℃', NULL, NULL, '186610102211100589', 'RD001');
INSERT INTO `node_attr` VALUES (14929544691641754, 14929542544158027, 'tem4', '温度4', '℃', '℃', NULL, NULL, '186610102211100589', 'RD001');
INSERT INTO `node_attr` VALUES (14929544691641755, 14929542544158027, 'tem5', '温度5', '℃', '℃', NULL, NULL, '186610102211100589', 'RD001');
INSERT INTO `node_attr` VALUES (14929544691641756, 14929542544158028, 'press1', '压力1', 'MPa', 'MPa', NULL, NULL, '186610102211100589', 'YL001');
INSERT INTO `node_attr` VALUES (14929544691641757, 14929542544158028, 'press2', '压力2', 'MPa', 'MPa', NULL, NULL, '186610102211100589', 'YL001');
INSERT INTO `node_attr` VALUES (14929544691641758, 14929542544158028, 'press3', '压力3', 'MPa', 'MPa', NULL, NULL, '186610102211100589', 'YL001');
INSERT INTO `node_attr` VALUES (14929544691641759, 14929542544158028, 'press4', '压力4', 'MPa', 'MPa', NULL, NULL, '186610102211100589', 'YL001');
INSERT INTO `node_attr` VALUES (14929544691641760, 14929542544158028, 'press5', '压力5', 'MPa', 'MPa', NULL, NULL, '186610102211100589', 'YL001');
INSERT INTO `node_attr` VALUES (15338225862244887, 15338225862244886, 'curr1', '电流1', 'A', 'A', NULL, NULL, '186610102211100591', 'MN001');
INSERT INTO `node_attr` VALUES (15338225862244888, 15338225862244886, 'curr2', '电流2', 'A', 'A', NULL, NULL, '186610102211100591', 'MN001');
INSERT INTO `node_attr` VALUES (15338225862244889, 15338225862244886, 'curr3', '电流3', 'A', 'A', NULL, NULL, '186610102211100591', 'MN001');
INSERT INTO `node_attr` VALUES (15338225862244890, 15338225862244886, 'volt1', '电压1', 'V', 'V', NULL, NULL, '186610102211100591', 'MN001');
INSERT INTO `node_attr` VALUES (15338225862244891, 15338225862244886, 'volt2', '电压2', 'V', 'V', NULL, NULL, '186610102211100591', 'MN001');
INSERT INTO `node_attr` VALUES (15338225862244892, 15338225862244886, 'volt3', '电压3', 'V', 'V', NULL, NULL, '186610102211100591', 'MN001');
INSERT INTO `node_attr` VALUES (15338225862244894, 15338225862244893, 'tem1', '温度1', '℃', '℃', NULL, NULL, '186610102211100591', 'RD001');
INSERT INTO `node_attr` VALUES (15338225862244895, 15338225862244893, 'tem2', '温度2', '℃', '℃', NULL, NULL, '186610102211100591', 'RD001');
INSERT INTO `node_attr` VALUES (15338225862244896, 15338225862244893, 'tem3', '温度3', '℃', '℃', NULL, NULL, '186610102211100591', 'RD001');
INSERT INTO `node_attr` VALUES (15338225862244897, 15338225862244893, 'tem4', '温度4', '℃', '℃', NULL, NULL, '186610102211100591', 'RD001');
INSERT INTO `node_attr` VALUES (15338225862244898, 15338225862244893, 'tem5', '温度5', '℃', '℃', NULL, NULL, '186610102211100591', 'RD001');
INSERT INTO `node_attr` VALUES (15338225862244900, 15338225862244899, 'press1', '压力1', 'MPa', 'MPa', NULL, NULL, '186610102211100591', 'YL001');
INSERT INTO `node_attr` VALUES (15338225862244901, 15338225862244899, 'press2', '压力2', 'MPa', 'MPa', NULL, NULL, '186610102211100591', 'YL001');
INSERT INTO `node_attr` VALUES (15338225862244902, 15338225862244899, 'press3', '压力3', 'MPa', 'MPa', NULL, NULL, '186610102211100591', 'YL001');
INSERT INTO `node_attr` VALUES (15338225862244903, 15338225862244899, 'press4', '压力4', 'MPa', 'MPa', NULL, NULL, '186610102211100591', 'YL001');
INSERT INTO `node_attr` VALUES (15338225862244904, 15338225862244899, 'press5', '压力5', 'MPa', 'MPa', NULL, NULL, '186610102211100591', 'YL001');
INSERT INTO `node_attr` VALUES (15338225862244906, 15338225862244905, 'curr1', '电流1', 'A', 'A', NULL, NULL, '186610102211100590', 'MN001');
INSERT INTO `node_attr` VALUES (15338225862244907, 15338225862244905, 'curr2', '电流2', 'A', 'A', NULL, NULL, '186610102211100590', 'MN001');
INSERT INTO `node_attr` VALUES (15338225862244908, 15338225862244905, 'curr3', '电流3', 'A', 'A', NULL, NULL, '186610102211100590', 'MN001');
INSERT INTO `node_attr` VALUES (15338225862244909, 15338225862244905, 'volt1', '电压1', 'V', 'V', NULL, NULL, '186610102211100590', 'MN001');
INSERT INTO `node_attr` VALUES (15338225862244910, 15338225862244905, 'volt2', '电压2', 'V', 'V', NULL, NULL, '186610102211100590', 'MN001');
INSERT INTO `node_attr` VALUES (15338225862244911, 15338225862244905, 'volt3', '电压3', 'V', 'V', NULL, NULL, '186610102211100590', 'MN001');
INSERT INTO `node_attr` VALUES (15338225862244913, 15338225862244912, 'tem1', '温度1', '℃', '℃', NULL, NULL, '186610102211100590', 'RD001');
INSERT INTO `node_attr` VALUES (15338225862244914, 15338225862244912, 'tem2', '温度2', '℃', '℃', NULL, NULL, '186610102211100590', 'RD001');
INSERT INTO `node_attr` VALUES (15338225862244915, 15338225862244912, 'tem3', '温度3', '℃', '℃', NULL, NULL, '186610102211100590', 'RD001');
INSERT INTO `node_attr` VALUES (15338225862244916, 15338225862244912, 'tem4', '温度4', '℃', '℃', NULL, NULL, '186610102211100590', 'RD001');
INSERT INTO `node_attr` VALUES (15338225862244917, 15338225862244912, 'tem5', '温度5', '℃', '℃', NULL, NULL, '186610102211100590', 'RD001');
INSERT INTO `node_attr` VALUES (15338225862244919, 15338225862244918, 'press1', '压力1', 'MPa', 'MPa', NULL, NULL, '186610102211100590', 'YL001');
INSERT INTO `node_attr` VALUES (15338225862244920, 15338225862244918, 'press2', '压力2', 'MPa', 'MPa', NULL, NULL, '186610102211100590', 'YL001');
INSERT INTO `node_attr` VALUES (15338225862244921, 15338225862244918, 'press3', '压力3', 'MPa', 'MPa', NULL, NULL, '186610102211100590', 'YL001');
INSERT INTO `node_attr` VALUES (15338225862244922, 15338225862244918, 'press4', '压力4', 'MPa', 'MPa', NULL, NULL, '186610102211100590', 'YL001');
INSERT INTO `node_attr` VALUES (15338225862244923, 15338225862244918, 'press5', '压力5', 'MPa', 'MPa', NULL, NULL, '186610102211100590', 'YL001');
COMMIT;

-- ----------------------------
-- Table structure for node_attr_std
-- ----------------------------
DROP TABLE IF EXISTS `node_attr_std`;
CREATE TABLE `node_attr_std` (
  `nas_id` bigint(20) NOT NULL COMMENT '节点属性模版ID',
  `nas_key` varchar(200) DEFAULT NULL COMMENT '主属性的归一化表示',
  `nas_desc` varchar(200) DEFAULT NULL COMMENT '对主属性的描述',
  `nas_unit` varchar(200) DEFAULT NULL COMMENT '主属性单位',
  `nas_sym` varchar(200) DEFAULT NULL COMMENT '主属性符号',
  PRIMARY KEY (`nas_id`) USING BTREE
) ENGINE=InnoDB DEFAULT CHARSET=utf8 COMMENT='节点属性模版，记录了一类节点属性的元数据，比如记录了某节点属性的计数单位';

-- ----------------------------
-- Table structure for node_cmd
-- ----------------------------
DROP TABLE IF EXISTS `node_cmd`;
CREATE TABLE `node_cmd` (
  `nc_id` bigint(20) NOT NULL COMMENT '节点命令ID',
  `node_id` bigint(20) NOT NULL COMMENT '节点ID，一个节点命令对应一个节点，一个节点有多个命令',
  `nc_content` varchar(40) NOT NULL COMMENT '命令内容',
  `nc_name` varchar(40) DEFAULT NULL COMMENT '命令中文标题',
  `scene_sn` varchar(24) NOT NULL COMMENT '场景SN',
  `node_sn` varchar(24) NOT NULL COMMENT '节点SN',
  PRIMARY KEY (`nc_id`) USING BTREE,
  KEY `node_id` (`node_id`) USING BTREE
) ENGINE=InnoDB DEFAULT CHARSET=utf8 COMMENT='节点命令，节点命令的接收者是通信终端，一般通信终端会通过寻址机制将收到的命令作用于某个数据采集设备，命令可分为“收集数据“”调整参数”两类';

-- ----------------------------
-- Table structure for node_cmd_group
-- ----------------------------
DROP TABLE IF EXISTS `node_cmd_group`;
CREATE TABLE `node_cmd_group` (
  `ncg_id` bigint(20) NOT NULL COMMENT '节点命令组ID',
  `node_id` bigint(20) NOT NULL COMMENT '节点ID，一个命令组对应一个节点，具体关系待商榷',
  `ncg_name` varchar(40) DEFAULT NULL COMMENT '节点命令组名称',
  `ncg_key` varchar(40) DEFAULT NULL COMMENT '节点命令组key',
  PRIMARY KEY (`ncg_id`) USING BTREE,
  KEY `key_unique` (`node_id`,`ncg_key`) USING BTREE
) ENGINE=InnoDB DEFAULT CHARSET=utf8 COMMENT='节点命令组，发不同类型的控制命令时，会对应不同的的处理方式，该表对控制命令进行了分类，比如“视频”“转动““频率“等不同类别的动作；一个命令对应到一个命令组，一个命令组可包含多条命令';

-- ----------------------------
-- Table structure for node_cmd_group_std
-- ----------------------------
DROP TABLE IF EXISTS `node_cmd_group_std`;
CREATE TABLE `node_cmd_group_std` (
  `ncgs_id` bigint(20) NOT NULL COMMENT '命令组模版ID',
  `ncgs_name` varchar(200) NOT NULL COMMENT '命令组名称',
  `ncgs_key` varchar(200) NOT NULL COMMENT '命令组属性',
  PRIMARY KEY (`ncgs_id`) USING BTREE
) ENGINE=InnoDB DEFAULT CHARSET=utf8 COMMENT='节点命令组名称模版，node_cmd_group_std.ncgs_name对应node_cmd_group.ncg_name，供添加命令组选择“命令组名称“';

-- ----------------------------
-- Table structure for node_cmd_prot
-- ----------------------------
DROP TABLE IF EXISTS `node_cmd_prot`;
CREATE TABLE `node_cmd_prot` (
  `ncp_id` bigint(20) NOT NULL COMMENT '节点命令协议ID',
  `node_id` bigint(20) NOT NULL COMMENT '节点ID，一个节点命令协议对应一个节点，一个节点一般有两个节点命令协议：数据上传协议、命令下发协议',
  `ncp_type` varchar(10) NOT NULL COMMENT '与此节点通信(虽然通信的基本单位是scene，但是scene会通过寻址机制定位到某一节点，所以下发的命令最终作用于节点，上传的数据也是以节点为数据单元；scene每次上传的数据的格式应该是：以数据单元为元素的数组，再附加一些scene、node本身的信息)采用的协议类型',
  `ncp_down` varchar(200) NOT NULL COMMENT '数据上传格式',
  `ncp_up` varchar(200) NOT NULL COMMENT '命令下发格式',
  PRIMARY KEY (`ncp_id`) USING BTREE,
  KEY `node_id` (`node_id`) USING BTREE
) ENGINE=InnoDB DEFAULT CHARSET=utf8 COMMENT='节点通信协议，一个节点可以对应一个数据上传协议，和一个命令下发协议';

-- ----------------------------
-- Table structure for node_cmd_std
-- ----------------------------
DROP TABLE IF EXISTS `node_cmd_std`;
CREATE TABLE `node_cmd_std` (
  `ncs_id` bigint(20) NOT NULL COMMENT '节点命令模版ID',
  `ncs_key` varchar(200) NOT NULL COMMENT '命令属性',
  `ncs_name` varchar(200) NOT NULL COMMENT '命令属性名称',
  PRIMARY KEY (`ncs_id`) USING BTREE
) ENGINE=InnoDB DEFAULT CHARSET=utf8 COMMENT='节点命令名称模版，node_cmd_std.ncs_name字段对应node_cmd.nc_name，供添加命令选择“控制名称”';

-- ----------------------------
-- Table structure for node_cond
-- ----------------------------
DROP TABLE IF EXISTS `node_cond`;
CREATE TABLE `node_cond` (
  `nc_id` bigint(20) NOT NULL COMMENT '节点触发器触发条件ID',
  `na_id` bigint(20) NOT NULL COMMENT '节点属性ID，一个条件对应一个节点属性，一个节点属性有多个条件，条件的作用(判断)对象是节点属性',
  `nt_id` bigint(20) NOT NULL COMMENT '节点触发器ID，一个条件对应一个节点触发器，一个节点触发器有多个条件',
  `nc_op` tinyint(4) NOT NULL COMMENT '操作符1>2>=3<4<=5==6新值7冻结8复活',
  `nc_val` varchar(60) DEFAULT NULL COMMENT '条件满足的数值',
  `node_sn` varchar(24) DEFAULT NULL COMMENT '节点SN',
  `scene_sn` varchar(24) DEFAULT NULL COMMENT '场景SN',
  `nc_fit_time` int(11) DEFAULT '1' COMMENT '满足条件几次才算条件匹配成功',
  PRIMARY KEY (`nc_id`) USING BTREE,
  KEY `na_id` (`na_id`) USING BTREE,
  KEY `nt_id` (`nt_id`) USING BTREE
) ENGINE=InnoDB DEFAULT CHARSET=utf8 COMMENT='节点触发器条件，一个节点可配置多个条件，一个条件对应一个触发器；一次“添加关联”操作可添加多个条件以及生成一个触发器(这些条件可能对应到不同节点，甚至不同场景下的不同节点)';

-- ----------------------------
-- Table structure for node_trig
-- ----------------------------
DROP TABLE IF EXISTS `node_trig`;
CREATE TABLE `node_trig` (
  `nt_id` bigint(20) NOT NULL COMMENT '节点触发器ID',
  `nt_name` varchar(60) DEFAULT NULL COMMENT '节点触发器名称',
  `nt_desc` varchar(200) DEFAULT NULL COMMENT '节点触发器描述',
  `nt_invl` int(11) DEFAULT '0' COMMENT '间隔时间，单位为秒',
  `nt_rept` tinyint(4) DEFAULT '0' COMMENT '是否重复执行 0重复 1不重复',
  `nt_exec` tinyint(4) DEFAULT '0' COMMENT '是否执行 0执行 1不执行',
  `nt_expr` datetime DEFAULT '9999-12-31 23:59:59' COMMENT '失效时间',
  PRIMARY KEY (`nt_id`) USING BTREE
) ENGINE=InnoDB DEFAULT CHARSET=utf8 COMMENT='节点触发器，一个节点可配置多个触发器，一个触发器也可对应多个节点，甚至不同场景下的节点；一个触发器下的全部条件都满足时才会触发';

-- ----------------------------
-- Table structure for scene
-- ----------------------------
DROP TABLE IF EXISTS `scene`;
CREATE TABLE `scene` (
  `scene_id` bigint(20) NOT NULL COMMENT '场景ID',
  `scene_sn` char(20) NOT NULL COMMENT '场景网关号',
  `scene_name` varchar(40) NOT NULL COMMENT '场景名称',
  `scene_loc` varchar(60) DEFAULT NULL COMMENT '地点名称',
  `scene_lng` double DEFAULT NULL COMMENT '经度',
  `scene_lat` double DEFAULT NULL COMMENT '纬度',
  `scene_el` double DEFAULT NULL COMMENT '海拔',
  `scene_desc` varchar(200) DEFAULT NULL COMMENT '描述',
  `create_time` datetime DEFAULT NULL COMMENT '创建时间',
  `scene_identifier` varchar(50) DEFAULT NULL COMMENT '网关身份标识（选填）',
  PRIMARY KEY (`scene_id`) USING BTREE,
  KEY `idx_scene_sn_value` (`scene_sn`) USING BTREE
) ENGINE=InnoDB DEFAULT CHARSET=utf8 COMMENT='场景表，场景是数据上传与命令下发的最基本单位。逻辑上可看作管理着多个数据单元的交互窗口；物理上可看作通信终端，比如dtu';

-- ----------------------------
-- Records of scene
-- ----------------------------
BEGIN;
INSERT INTO `scene` VALUES (14929542544157697, '186610102211100358', '撕碎机', NULL, 0, 0, NULL, NULL, '2020-11-20 11:19:40', NULL);
INSERT INTO `scene` VALUES (14929542544157698, '186610102211100363', '生物质颗粒机', NULL, 0, 0, NULL, NULL, '2020-11-20 11:19:40', NULL);
INSERT INTO `scene` VALUES (14929542544157699, '186610102211100364', '砌块制砖机', NULL, 0, 0, NULL, NULL, '2020-11-20 11:19:40', NULL);
INSERT INTO `scene` VALUES (14929542544157700, '186610102211100365', '破碎机', NULL, 0, 0, NULL, NULL, '2020-11-20 11:19:40', NULL);
INSERT INTO `scene` VALUES (14929542544157701, '186610102211100366', '榨油机', NULL, 0, 0, NULL, NULL, '2020-11-20 11:19:40', NULL);
INSERT INTO `scene` VALUES (14929542544157702, '186610102211100367', '精炼油设备', NULL, 0, 0, NULL, NULL, '2020-11-20 11:19:40', NULL);
INSERT INTO `scene` VALUES (14929542544157703, '186610102211100356', '烘干机.', NULL, 0, 0, NULL, NULL, '2020-11-20 11:19:40', NULL);
INSERT INTO `scene` VALUES (14929542544157704, '186610102211100374', '压球机', NULL, 0, 0, NULL, NULL, '2020-11-20 11:19:40', NULL);
INSERT INTO `scene` VALUES (14929542544157705, '186610102211100375', '双级无筛底粉碎机', NULL, 0, 0, NULL, NULL, '2020-11-20 11:19:40', NULL);
INSERT INTO `scene` VALUES (14929542544157706, '186610102211100376', '木材粉碎机', NULL, 0, 0, NULL, NULL, '2020-11-20 11:19:40', NULL);
INSERT INTO `scene` VALUES (14929542544157707, '186610102211100377', '磁选机', NULL, 0, 0, NULL, NULL, '2020-11-20 11:19:40', NULL);
INSERT INTO `scene` VALUES (14929542544157708, '186610102211100378', '锂电池破碎回收设备', NULL, 0, 0, NULL, NULL, '2020-11-20 11:19:40', NULL);
INSERT INTO `scene` VALUES (14929542544157709, '186610102211100381', '烘干房', NULL, 0, 0, NULL, NULL, '2020-11-20 11:19:40', NULL);
INSERT INTO `scene` VALUES (14929542544157710, '186610102211100384', '木炭机', NULL, 0, 0, NULL, NULL, '2020-11-20 11:19:40', NULL);
INSERT INTO `scene` VALUES (14929542544157711, '186610102211100385', '生物质颗粒机', NULL, 0, 0, NULL, NULL, '2020-11-20 11:19:40', NULL);
INSERT INTO `scene` VALUES (14929542544157712, '186610102211100391', '移动破碎机', NULL, 0, 0, NULL, NULL, '2020-11-20 11:19:40', NULL);
INSERT INTO `scene` VALUES (14929542544157713, '186610102211100392', '破碎机设备', NULL, 0, 0, NULL, NULL, '2020-11-20 11:19:40', NULL);
INSERT INTO `scene` VALUES (14929542544157714, '186610102211100393', '双轴撕碎机', NULL, 0, 0, NULL, NULL, '2020-11-20 11:19:40', NULL);
INSERT INTO `scene` VALUES (14929542544157715, '186610102211100394', '石棉瓦设备', NULL, 0, 0, NULL, NULL, '2020-11-20 11:19:40', NULL);
INSERT INTO `scene` VALUES (14929542544157716, '186610102211100395', '榨油机', NULL, 0, 0, NULL, NULL, '2020-11-20 11:19:40', NULL);
INSERT INTO `scene` VALUES (14929542544157717, '186610102211100396', '金属撕碎机', NULL, 0, 0, NULL, NULL, '2020-11-20 11:19:40', NULL);
INSERT INTO `scene` VALUES (14929542544157718, '186610102211100397', '垃圾分拣机', NULL, 0, 0, NULL, NULL, '2020-11-20 11:19:40', NULL);
INSERT INTO `scene` VALUES (14929542544157719, '186610102211100399', '双螺旋榨油机', NULL, 0, 0, NULL, NULL, '2020-11-20 11:19:40', NULL);
INSERT INTO `scene` VALUES (14929542544157720, '186610102211100400', '生物质颗粒机', NULL, 0, 0, NULL, NULL, '2020-11-20 11:19:40', NULL);
INSERT INTO `scene` VALUES (14929542544157721, '186610102211100403', '双轴撕碎机', NULL, 0, 0, NULL, NULL, '2020-11-20 11:19:40', NULL);
INSERT INTO `scene` VALUES (14929542544157722, '186610102211100404', '双轴撕碎机', NULL, 0, 0, NULL, NULL, '2020-11-20 11:19:40', NULL);
INSERT INTO `scene` VALUES (14929542544157723, '186610102211100405', '木材粉碎机设备', NULL, 0, 0, NULL, NULL, '2020-11-20 11:19:40', NULL);
INSERT INTO `scene` VALUES (14929542544157724, '186610102211100406', '跳汰机', NULL, 0, 0, NULL, NULL, '2020-11-20 11:19:40', NULL);
INSERT INTO `scene` VALUES (14929542544157725, '186610102211100408', '测试23', NULL, 0, 0, NULL, NULL, '2020-11-20 11:19:40', NULL);
INSERT INTO `scene` VALUES (14929542544157726, '186610102211100409', '榨油机', NULL, 0, 0, NULL, NULL, '2020-11-20 11:19:40', NULL);
INSERT INTO `scene` VALUES (14929542544157727, '186610102211100410', '木头破碎机', NULL, 0, 0, NULL, NULL, '2020-11-20 11:19:40', NULL);
INSERT INTO `scene` VALUES (14929542544157728, '186610102211100411', '金属破碎机', NULL, 0, 0, NULL, NULL, '2020-11-20 11:19:40', NULL);
INSERT INTO `scene` VALUES (14929542544157729, '186610102211100412', '秸秆木材粉碎机', NULL, 0, 0, NULL, NULL, '2020-11-20 11:19:40', NULL);
INSERT INTO `scene` VALUES (14929542544157730, '186610102211100413', '烘干机', NULL, 0, 0, NULL, NULL, '2020-11-20 11:19:40', NULL);
INSERT INTO `scene` VALUES (14929542544157731, '186610102211100414', '炭化炉', NULL, 0, 0, NULL, NULL, '2020-11-20 11:19:40', NULL);
INSERT INTO `scene` VALUES (14929542544157732, '186610102211100415', '扒皮玉米收割机', NULL, 0, 0, NULL, NULL, '2020-11-20 11:19:40', NULL);
INSERT INTO `scene` VALUES (14929542544157733, '186610102211100416', '破碎设备', NULL, 0, 0, NULL, NULL, '2020-11-20 11:19:40', NULL);
INSERT INTO `scene` VALUES (14929542544157734, '186610102211100417', '康百万破碎机', NULL, 0, 0, NULL, NULL, '2020-11-20 11:19:40', NULL);
INSERT INTO `scene` VALUES (14929542544157735, '186610102211100418', '矿山制砂机', NULL, 0, 0, NULL, NULL, '2020-11-20 11:19:40', NULL);
INSERT INTO `scene` VALUES (14929542544157736, '186610102211100419', '全自动榨油机', NULL, 0, 0, NULL, NULL, '2020-11-20 11:19:40', NULL);
INSERT INTO `scene` VALUES (14929542544157737, '186610102211100420', '破碎机', NULL, 0, 0, NULL, NULL, '2020-11-20 11:19:40', NULL);
INSERT INTO `scene` VALUES (14929542544157738, '186610102211100421', '多功能撕碎机', NULL, 0, 0, NULL, NULL, '2020-11-20 11:19:40', NULL);
INSERT INTO `scene` VALUES (14929542544157739, '186610102211100422', '金属破碎机', NULL, 0, 0, NULL, NULL, '2020-11-20 11:19:40', NULL);
INSERT INTO `scene` VALUES (14929542544157740, '186610102211100423', '生物质颗粒机', NULL, 0, 0, NULL, NULL, '2020-11-20 11:19:40', NULL);
INSERT INTO `scene` VALUES (14929542544157741, '186610102211100424', '全自动制砖机', NULL, 0, 0, NULL, NULL, '2020-11-20 11:19:40', NULL);
INSERT INTO `scene` VALUES (14929542544157742, '186610102211100425', '生物质颗粒机', NULL, 0, 0, NULL, NULL, '2020-11-20 11:19:40', NULL);
INSERT INTO `scene` VALUES (14929542544157743, '186610102211100426', '金属破碎设备', NULL, 0, 0, NULL, NULL, '2020-11-20 11:19:40', NULL);
INSERT INTO `scene` VALUES (14929542544157744, '186610102211100427', '制砂设备', NULL, 0, 0, NULL, NULL, '2020-11-20 11:19:40', NULL);
INSERT INTO `scene` VALUES (14929542544157745, '186610102211100428', '机制砂设备', NULL, 0, 0, NULL, NULL, '2020-11-20 11:19:40', NULL);
INSERT INTO `scene` VALUES (14929542544157746, '186610102211100429', '气力输送设备', NULL, 0, 0, NULL, NULL, '2020-11-20 11:19:40', NULL);
INSERT INTO `scene` VALUES (14929542544157747, '186610102211100430', '炭化机', NULL, 0, 0, NULL, NULL, '2020-11-20 11:19:40', NULL);
INSERT INTO `scene` VALUES (14929542544157748, '186610102211100431', '木炭机', NULL, 0, 0, NULL, NULL, '2020-11-20 11:19:41', NULL);
INSERT INTO `scene` VALUES (14929542544157749, '186610102211100432', '制砂机', NULL, 0, 0, NULL, NULL, '2020-11-20 11:19:41', NULL);
INSERT INTO `scene` VALUES (14929542544157750, '186610102211100433', '双轴撕碎机', NULL, 0, 0, NULL, NULL, '2020-11-20 11:19:41', NULL);
INSERT INTO `scene` VALUES (14929542544157751, '186610102211100434', '撕碎机设备', NULL, 0, 0, NULL, NULL, '2020-11-20 11:19:41', NULL);
INSERT INTO `scene` VALUES (14929542544157752, '186610102211100435', '制砖机', NULL, 0, 0, NULL, NULL, '2020-11-20 11:19:41', NULL);
INSERT INTO `scene` VALUES (14929542544157753, '186610102211100436', '撕碎机设备', NULL, 0, 0, NULL, NULL, '2020-11-20 11:19:41', NULL);
INSERT INTO `scene` VALUES (14929542544157754, '186610102211100437', '制砂破碎设备', NULL, 0, 0, NULL, NULL, '2020-11-20 11:19:41', NULL);
INSERT INTO `scene` VALUES (14929542544157755, '186610102211100438', '多功能榨油机', NULL, 0, 0, NULL, NULL, '2020-11-20 11:19:41', NULL);
INSERT INTO `scene` VALUES (14929542544157756, '186610102211100439', '烘干机设备', NULL, 0, 0, NULL, NULL, '2020-11-20 11:19:41', NULL);
INSERT INTO `scene` VALUES (14929542544157757, '186610102211100440', '重锤式破碎机', NULL, 0, 0, NULL, NULL, '2020-11-20 11:19:41', NULL);
INSERT INTO `scene` VALUES (14929542544157758, '186610102211100441', '撕碎机', NULL, 0, 0, NULL, NULL, '2020-11-20 11:19:41', NULL);
INSERT INTO `scene` VALUES (14929542544157759, '186610102211100442', '压球机', NULL, 0, 0, NULL, NULL, '2020-11-20 11:19:41', NULL);
INSERT INTO `scene` VALUES (14929542544157760, '186610102211100443', '锤式破碎机', NULL, 0, 0, NULL, NULL, '2020-11-20 11:19:41', NULL);
INSERT INTO `scene` VALUES (14929542544157761, '186610102211100444', '炭化设备', NULL, 0, 0, NULL, NULL, '2020-11-20 11:19:41', NULL);
INSERT INTO `scene` VALUES (14929542544157762, '186610102211100445', '网带式烘干机设备', NULL, 0, 0, NULL, NULL, '2020-11-20 11:19:41', NULL);
INSERT INTO `scene` VALUES (14929542544157763, '186610102211100446', '生物质颗粒机', NULL, 0, 0, NULL, NULL, '2020-11-20 11:19:41', NULL);
INSERT INTO `scene` VALUES (14929542544157764, '186610102211100447', '撕碎机', NULL, 0, 0, NULL, NULL, '2020-11-20 11:19:41', NULL);
INSERT INTO `scene` VALUES (14929542544157765, '186610102211100448', '撕碎机', NULL, 0, 0, NULL, NULL, '2020-11-20 11:19:41', NULL);
INSERT INTO `scene` VALUES (14929542544157766, '186610102211100449', '气力输送设备', NULL, 0, 0, NULL, NULL, '2020-11-20 11:19:41', NULL);
INSERT INTO `scene` VALUES (14929542544157767, '186610102211100450', '制砖机', NULL, 0, 0, NULL, NULL, '2020-11-20 11:19:41', NULL);
INSERT INTO `scene` VALUES (14929542544157768, '186610102211100451', '输送设备', NULL, 0, 0, NULL, NULL, '2020-11-20 11:19:41', NULL);
INSERT INTO `scene` VALUES (14929542544157769, '186610102211100452', '反击式破碎机', NULL, 0, 0, NULL, NULL, '2020-11-20 11:19:41', NULL);
INSERT INTO `scene` VALUES (14929542544157770, '186610102211100453', '圆锥式破碎机', NULL, 0, 0, NULL, NULL, '2020-11-20 11:19:41', NULL);
INSERT INTO `scene` VALUES (14929542544157771, '186610102211100454', '金属破碎机', NULL, 0, 0, NULL, NULL, '2020-11-20 11:19:41', NULL);
INSERT INTO `scene` VALUES (14929542544157772, '186610102211100455', '树枝木材粉碎设备', NULL, 0, 0, NULL, NULL, '2020-11-20 11:19:41', NULL);
INSERT INTO `scene` VALUES (14929542544157773, '186610102211100456', '破碎机设备', NULL, 0, 0, NULL, NULL, '2020-11-20 11:19:41', NULL);
INSERT INTO `scene` VALUES (14929542544157774, '186610102211100457', '脱水设备', NULL, 0, 0, NULL, NULL, '2020-11-20 11:19:41', NULL);
INSERT INTO `scene` VALUES (14929542544157775, '186610102211100458', '木工带锯机', NULL, 0, 0, NULL, NULL, '2020-11-20 11:19:41', NULL);
INSERT INTO `scene` VALUES (14929542544157776, '186610102211100460', '锤式破碎机', NULL, 0, 0, NULL, NULL, '2020-11-20 11:19:41', NULL);
INSERT INTO `scene` VALUES (14929542544157777, '186610102211100461', '全自动砌块机', NULL, 0, 0, NULL, NULL, '2020-11-20 11:19:41', NULL);
INSERT INTO `scene` VALUES (14929542544157778, '186610102211100462', '制砖机设备', NULL, 0, 0, NULL, NULL, '2020-11-20 11:19:41', NULL);
INSERT INTO `scene` VALUES (14929542544157779, '186610102211100463', '移动破碎站', NULL, 0, 0, NULL, NULL, '2020-11-20 11:19:41', NULL);
INSERT INTO `scene` VALUES (14929542544157780, '186610102211100464', '双轴撕碎机', NULL, 0, 0, NULL, NULL, '2020-11-20 11:19:41', NULL);
INSERT INTO `scene` VALUES (14929542544157781, '186610102211100465', '颚式破碎机', NULL, 0, 0, NULL, NULL, '2020-11-20 11:19:41', NULL);
INSERT INTO `scene` VALUES (14929542544157782, '186610102211100466', '榨油机设备', NULL, 0, 0, NULL, NULL, '2020-11-20 11:19:41', NULL);
INSERT INTO `scene` VALUES (14929542544157783, '186610102211100467', '压球机', NULL, 0, 0, NULL, NULL, '2020-11-20 11:19:41', NULL);
INSERT INTO `scene` VALUES (14929542544157784, '186610102211100468', '双级无筛底粉碎机', NULL, 0, 0, NULL, NULL, '2020-11-20 11:19:41', NULL);
INSERT INTO `scene` VALUES (14929542544157785, '186610102211100469', '易拉罐粉碎机', NULL, 0, 0, NULL, NULL, '2020-11-20 11:19:41', NULL);
INSERT INTO `scene` VALUES (14929542544157786, '186610102211100470', '木炭机设备', NULL, 0, 0, NULL, NULL, '2020-11-20 11:19:41', NULL);
INSERT INTO `scene` VALUES (14929542544157787, '186610102211100471', '木材粉碎机设备', NULL, 0, 0, NULL, NULL, '2020-11-20 11:19:41', NULL);
INSERT INTO `scene` VALUES (14929542544157788, '186610102211100472', '烘干房设备', NULL, 0, 0, NULL, NULL, '2020-11-20 11:19:41', NULL);
INSERT INTO `scene` VALUES (14929542544157789, '186610102211100473', '网带式烘干机', NULL, 0, 0, NULL, NULL, '2020-11-20 11:19:41', NULL);
INSERT INTO `scene` VALUES (14929542544157790, '186610102211100474', '制砖机设备', NULL, 0, 0, NULL, NULL, '2020-11-20 11:19:41', NULL);
INSERT INTO `scene` VALUES (14929542544157791, '186610102211100475', '水泥砖机设备', NULL, 0, 0, NULL, NULL, '2020-11-20 11:19:41', NULL);
INSERT INTO `scene` VALUES (14929542544157792, '186610102211100476', '编织袋撕碎机', NULL, 0, 0, NULL, NULL, '2020-11-20 11:19:41', NULL);
INSERT INTO `scene` VALUES (14929542544157793, '186610102211100477', '金属破碎机', NULL, 0, 0, NULL, NULL, '2020-11-20 11:19:41', NULL);
INSERT INTO `scene` VALUES (14929542544157794, '186610102211100478', '多功能撕碎机', NULL, 0, 0, NULL, NULL, '2020-11-20 11:19:41', NULL);
INSERT INTO `scene` VALUES (14929542544157795, '186610102211100479', '金属撕碎机设备', NULL, 0, 0, NULL, NULL, '2020-11-20 11:19:41', NULL);
INSERT INTO `scene` VALUES (14929542544157796, '186610102211100480', '塑料橡胶撕碎机', NULL, 0, 0, NULL, NULL, '2020-11-20 11:19:41', NULL);
INSERT INTO `scene` VALUES (14929542544157797, '186610102211100483', '铜米机设备', NULL, 0, 0, NULL, NULL, '2020-11-20 11:19:41', NULL);
INSERT INTO `scene` VALUES (14929542544157798, '186610102211100484', '静电分选机', NULL, 0, 0, NULL, NULL, '2020-11-20 11:19:41', NULL);
INSERT INTO `scene` VALUES (14929542544157799, '186610102211100487', '磁选机', NULL, 0, 0, NULL, NULL, '2020-11-20 11:19:41', NULL);
INSERT INTO `scene` VALUES (14929542544157800, '186610102211100488', '破碎机', NULL, 0, 0, NULL, NULL, '2020-11-20 11:19:41', NULL);
INSERT INTO `scene` VALUES (14929542544157801, '186610102211100489', '离心机', NULL, 0, 0, NULL, NULL, '2020-11-20 11:19:41', NULL);
INSERT INTO `scene` VALUES (14929542544157802, '186610102211100490', '撕碎机', NULL, 0, 0, NULL, NULL, '2020-11-20 11:19:41', NULL);
INSERT INTO `scene` VALUES (14929542544157803, '186610102211100491', '铁屑粉碎机', NULL, 0, 0, NULL, NULL, '2020-11-20 11:19:41', NULL);
INSERT INTO `scene` VALUES (14929542544157804, '186610102211100492', '金属破碎机', NULL, 0, 0, NULL, NULL, '2020-11-20 11:19:41', NULL);
INSERT INTO `scene` VALUES (14929542544157805, '186610102211100494', '生物质颗粒机', NULL, 0, 0, NULL, NULL, '2020-11-20 11:19:41', NULL);
INSERT INTO `scene` VALUES (14929542544157806, '186610102211100495', '木材粉碎机', NULL, 0, 0, NULL, NULL, '2020-11-20 11:19:41', NULL);
INSERT INTO `scene` VALUES (14929542544157807, '186610102211100496', '制砖机', NULL, 0, 0, NULL, NULL, '2020-11-20 11:19:41', NULL);
INSERT INTO `scene` VALUES (14929542544157808, '186610102211100497', '屑饼机', NULL, 0, 0, NULL, NULL, '2020-11-20 11:19:41', NULL);
INSERT INTO `scene` VALUES (14929542544157809, '186610102211100498', '颚式破碎机', NULL, 0, 0, NULL, NULL, '2020-11-20 11:19:41', NULL);
INSERT INTO `scene` VALUES (14929542544157810, '186610102211100499', '双轴撕碎机', NULL, 0, 0, NULL, NULL, '2020-11-20 11:19:41', NULL);
INSERT INTO `scene` VALUES (14929542544157811, '186610102211100500', '破碎机', NULL, 0, 0, NULL, NULL, '2020-11-20 11:19:41', NULL);
INSERT INTO `scene` VALUES (14929542544157812, '186610102211100501', '金属撕碎机', NULL, 0, 0, NULL, NULL, '2020-11-20 11:19:41', NULL);
INSERT INTO `scene` VALUES (14929542544157813, '186610102211100502', '金属破碎机', NULL, 0, 0, NULL, NULL, '2020-11-20 11:19:41', NULL);
INSERT INTO `scene` VALUES (14929542544157814, '186610102211100503', '反击式破碎机', NULL, 0, 0, NULL, NULL, '2020-11-20 11:19:41', NULL);
INSERT INTO `scene` VALUES (14929542544157815, '186610102211100504', '对辊破碎机', NULL, 0, 0, NULL, NULL, '2020-11-20 11:19:41', NULL);
INSERT INTO `scene` VALUES (14929542544157816, '186610102211100505', '液压香油榨油机', NULL, 0, 0, NULL, NULL, '2020-11-20 11:19:41', NULL);
INSERT INTO `scene` VALUES (14929542544157817, '186610102211100506', '冲击式制砂机', NULL, 0, 0, NULL, NULL, '2020-11-20 11:19:41', NULL);
INSERT INTO `scene` VALUES (14929542544157818, '186610102211100507', '立轴复合破碎机', NULL, 0, 0, NULL, NULL, '2020-11-20 11:19:41', NULL);
INSERT INTO `scene` VALUES (14929542544157819, '186610102211100508', '木材粉碎机', NULL, 0, 0, NULL, NULL, '2020-11-20 11:19:41', NULL);
INSERT INTO `scene` VALUES (14929542544157820, '186610102211100509', '捶式制砂机', NULL, 0, 0, NULL, NULL, '2020-11-20 11:19:41', NULL);
INSERT INTO `scene` VALUES (14929542544157821, '186610102211100510', '烘干机', NULL, 0, 0, NULL, NULL, '2020-11-20 11:19:41', NULL);
INSERT INTO `scene` VALUES (14929542544157822, '186610102211100511', '撕碎机', NULL, 0, 0, NULL, NULL, '2020-11-20 11:19:41', NULL);
INSERT INTO `scene` VALUES (14929542544157823, '186610102211100512', '磁选机', NULL, 0, 0, NULL, NULL, '2020-11-20 11:19:41', NULL);
INSERT INTO `scene` VALUES (14929542544157824, '186610102211100513', '破碎机', NULL, 0, 0, NULL, NULL, '2020-11-20 11:19:41', NULL);
INSERT INTO `scene` VALUES (14929542544157825, '186610102211100514', '烘干机', NULL, 0, 0, NULL, NULL, '2020-11-20 11:19:41', NULL);
INSERT INTO `scene` VALUES (14929542544157826, '186610102211100515', '磁选机', NULL, 0, 0, NULL, NULL, '2020-11-20 11:19:41', NULL);
INSERT INTO `scene` VALUES (14929542544157827, '186610102211100518', '干式磁选机', NULL, 0, 0, NULL, NULL, '2020-11-20 11:19:41', NULL);
INSERT INTO `scene` VALUES (14929542544157828, '186610102211100519', '回转滚筒式烘干机', NULL, 0, 0, NULL, NULL, '2020-11-20 11:19:41', NULL);
INSERT INTO `scene` VALUES (14929542544157829, '186610102211100520', '立式复合破碎机', NULL, 0, 0, NULL, NULL, '2020-11-20 11:19:41', NULL);
INSERT INTO `scene` VALUES (14929542544157830, '186610102211100521', '颚式破碎机', NULL, 0, 0, NULL, NULL, '2020-11-20 11:19:41', NULL);
INSERT INTO `scene` VALUES (14929542544157831, '186610102211100522', '对辊式破碎机', NULL, 0, 0, NULL, NULL, '2020-11-20 11:19:41', NULL);
INSERT INTO `scene` VALUES (14929542544157832, '186610102211100523', '剪切机', NULL, 0, 0, NULL, NULL, '2020-11-20 11:19:41', NULL);
INSERT INTO `scene` VALUES (14929542544157833, '186610102211100537', '剪切机', NULL, 0, 0, NULL, NULL, '2020-11-20 11:19:41', NULL);
INSERT INTO `scene` VALUES (14929542544157834, '186610102211100538', '榨油机', NULL, 0, 0, NULL, NULL, '2020-11-20 11:19:41', NULL);
INSERT INTO `scene` VALUES (14929542544157835, '186610102211000332', '测试设备1', NULL, 0, 0, NULL, NULL, '2020-11-20 11:19:41', NULL);
INSERT INTO `scene` VALUES (14929542544157836, '186610102211100544', '主机186610102211100544', NULL, 0, 0, NULL, NULL, '2020-11-20 11:19:41', NULL);
INSERT INTO `scene` VALUES (14929542544157837, '186610102211100546', '烘干机', NULL, 0, 0, NULL, NULL, '2020-11-20 11:19:41', NULL);
INSERT INTO `scene` VALUES (14929542544157838, '186610102211100549', '主机186610102211100549', NULL, 0, 0, NULL, NULL, '2020-11-20 11:19:41', NULL);
INSERT INTO `scene` VALUES (14929542544157839, '186610102211100550', '主机186610102211100550', NULL, 0, 0, NULL, NULL, '2020-11-20 11:19:41', NULL);
INSERT INTO `scene` VALUES (14929542544157840, '186610102211100551', '外地设备1', NULL, 0, 0, NULL, NULL, '2020-11-20 11:19:41', NULL);
INSERT INTO `scene` VALUES (14929542544157841, '186610102211100552', '西区烘干机2', NULL, 0, 0, NULL, NULL, '2020-11-20 11:19:41', NULL);
INSERT INTO `scene` VALUES (14929542544157842, '186610102211100559', '主机186610102211100559', NULL, 0, 0, NULL, NULL, '2020-11-20 11:19:41', NULL);
INSERT INTO `scene` VALUES (14929542544157843, '186610102211100560', '追（d77155483）', NULL, 0, 0, NULL, NULL, '2020-11-20 11:19:41', NULL);
INSERT INTO `scene` VALUES (14929542544157844, '186610102211100566', 'PLC测试4', NULL, 0, 0, NULL, NULL, '2020-11-20 11:19:41', NULL);
INSERT INTO `scene` VALUES (14929542544157845, '186610102211000563', '展厅剪切机', NULL, 0, 0, NULL, NULL, '2020-11-20 11:19:41', NULL);
INSERT INTO `scene` VALUES (14929542544157846, '186610102211100361', 'PLC测试1', NULL, 0, 0, NULL, NULL, '2020-11-20 11:19:41', NULL);
INSERT INTO `scene` VALUES (14929542544157847, '186610102211100567', 'PLC测试5', NULL, 0, 0, NULL, NULL, '2020-11-20 11:19:41', NULL);
INSERT INTO `scene` VALUES (14929542544157848, '186610102211100574', '东区烘干机4', NULL, 0, 0, NULL, NULL, '2020-11-20 11:19:41', NULL);
INSERT INTO `scene` VALUES (14929542544157849, '186610102211100575', '西区烘干机1', NULL, 0, 0, NULL, NULL, '2020-11-20 11:19:41', NULL);
INSERT INTO `scene` VALUES (14929542544157850, '186610102211100576', '东区烘干机3', NULL, 0, 0, NULL, NULL, '2020-11-20 11:19:41', NULL);
INSERT INTO `scene` VALUES (14929542544157851, '186610102211100577', 'zt颗粒机', NULL, 0, 0, NULL, NULL, '2020-11-20 11:19:41', NULL);
INSERT INTO `scene` VALUES (14929542544157852, '186610102211100578', 'zt撕碎机设备', NULL, 0, 0, NULL, NULL, '2020-11-20 11:19:41', NULL);
INSERT INTO `scene` VALUES (14929542544157853, '186610102211100579', 'zt软启动柜', NULL, 0, 0, NULL, NULL, '2020-11-20 11:19:41', NULL);
INSERT INTO `scene` VALUES (14929542544157854, '186610102211100580', 'zt制砂机', NULL, 0, 0, NULL, NULL, '2020-11-20 11:19:41', NULL);
INSERT INTO `scene` VALUES (14929542544157855, '186610102211100581', '安远设备', NULL, 0, 0, NULL, NULL, '2020-11-20 11:19:41', NULL);
INSERT INTO `scene` VALUES (14929542544157856, '186610102211100584', 'zt制砖机', NULL, 0, 0, NULL, NULL, '2020-11-20 11:19:41', NULL);
INSERT INTO `scene` VALUES (14929542544157857, '186610102211100586', '榨油机', NULL, 0, 0, NULL, NULL, '2020-11-20 11:19:41', NULL);
INSERT INTO `scene` VALUES (14929542544157858, '186610102211100588', '制砂机', NULL, 0, 0, NULL, NULL, '2020-11-20 11:19:41', NULL);
INSERT INTO `scene` VALUES (14929542544157859, '186610102211100589', '远程升级测试1', NULL, 0, 0, NULL, NULL, '2020-11-20 11:19:41', NULL);
INSERT INTO `scene` VALUES (15338225862244884, '186610102211100590', '3代设备100000020201123001', NULL, 0, 0, NULL, '简介', '2020-11-24 10:43:31', NULL);
INSERT INTO `scene` VALUES (15338225862244885, '186610102211100591', '3代设备200000020201123002', NULL, 0, 0, NULL, '简介', '2020-11-24 10:45:01', NULL);
COMMIT;

-- ----------------------------
-- Table structure for site_letter
-- ----------------------------
DROP TABLE IF EXISTS `site_letter`;
CREATE TABLE `site_letter` (
  `sl_id` bigint(20) NOT NULL,
  `is_read` smallint(6) DEFAULT NULL,
  `create_time` datetime DEFAULT NULL,
  `current_value` varchar(200) COLLATE utf8mb4_unicode_ci DEFAULT NULL,
  PRIMARY KEY (`sl_id`) USING BTREE
) ENGINE=InnoDB DEFAULT CHARSET=utf8mb4 COLLATE=utf8mb4_unicode_ci;

-- ----------------------------
-- Table structure for worker_node
-- ----------------------------
DROP TABLE IF EXISTS `worker_node`;
CREATE TABLE `worker_node` (
  `ID` bigint(20) NOT NULL AUTO_INCREMENT COMMENT '自增的wordIdauto increment id',
  `HOST_NAME` varchar(64) COLLATE utf8mb4_unicode_ci NOT NULL COMMENT '服务器节点ip地址host name',
  `PORT` varchar(64) COLLATE utf8mb4_unicode_ci NOT NULL COMMENT '服务器节点端口port',
  `TYPE` int(11) NOT NULL COMMENT '服务器节点类型、在docket容器中还是实际的机器node type: ACTUAL or CONTAINER',
  `LAUNCH_DATE` date NOT NULL COMMENT '登录时间',
  `MODIFIED` timestamp NOT NULL DEFAULT CURRENT_TIMESTAMP ON UPDATE CURRENT_TIMESTAMP COMMENT '修改时间',
  `CREATED` timestamp NOT NULL DEFAULT CURRENT_TIMESTAMP ON UPDATE CURRENT_TIMESTAMP COMMENT '创建时间',
  PRIMARY KEY (`ID`) USING BTREE
) ENGINE=InnoDB AUTO_INCREMENT=164 DEFAULT CHARSET=utf8mb4 COLLATE=utf8mb4_unicode_ci COMMENT='DB WorkerID Assigner for UID Generator';

-- ----------------------------
-- Records of worker_node
-- ----------------------------
BEGIN;
INSERT INTO `worker_node` VALUES (118, '192.168.100.98', '1605841709735-14027', 2, '2020-11-20', '2020-11-20 03:08:29', '2020-11-20 03:08:29');
INSERT INTO `worker_node` VALUES (119, '172.17.0.3', '1605927618724-8247', 2, '2020-11-21', '2020-11-21 03:00:18', '2020-11-21 03:00:18');
INSERT INTO `worker_node` VALUES (122, '172.17.0.3', '1606027054663-93755', 2, '2020-11-22', '2020-11-22 06:37:34', '2020-11-22 06:37:34');
INSERT INTO `worker_node` VALUES (125, '172.17.0.3', '1606032017238-95583', 2, '2020-11-22', '2020-11-22 08:00:17', '2020-11-22 08:00:17');
INSERT INTO `worker_node` VALUES (128, '172.17.0.3', '1606360138159-11481', 2, '2020-11-26', '2020-11-26 03:08:58', '2020-11-26 03:08:58');
INSERT INTO `worker_node` VALUES (131, '192.168.124.6', '1606364269099-37172', 2, '2020-11-26', '2020-11-26 12:17:34', '2020-11-26 12:17:34');
INSERT INTO `worker_node` VALUES (132, '192.168.16.51', '1606720786271-17697', 2, '2020-11-30', '2020-11-30 15:19:25', '2020-11-30 15:19:25');
INSERT INTO `worker_node` VALUES (133, '192.168.16.51', '1606720957281-3036', 2, '2020-11-30', '2020-11-30 15:22:16', '2020-11-30 15:22:16');
INSERT INTO `worker_node` VALUES (134, '192.168.16.51', '1606723352643-12018', 2, '2020-11-30', '2020-11-30 16:02:11', '2020-11-30 16:02:11');
INSERT INTO `worker_node` VALUES (135, '192.168.16.51', '1606723473121-43033', 2, '2020-11-30', '2020-11-30 16:04:12', '2020-11-30 16:04:12');
INSERT INTO `worker_node` VALUES (136, '192.168.16.51', '1606723554495-24120', 2, '2020-11-30', '2020-11-30 16:05:33', '2020-11-30 16:05:33');
INSERT INTO `worker_node` VALUES (137, '192.168.16.51', '1606723750179-43702', 2, '2020-11-30', '2020-11-30 16:08:49', '2020-11-30 16:08:49');
INSERT INTO `worker_node` VALUES (138, '192.168.16.51', '1606725663471-24499', 2, '2020-11-30', '2020-11-30 16:40:42', '2020-11-30 16:40:42');
INSERT INTO `worker_node` VALUES (139, '192.168.16.51', '1606725826575-80933', 2, '2020-11-30', '2020-11-30 16:43:25', '2020-11-30 16:43:25');
INSERT INTO `worker_node` VALUES (140, '192.168.16.51', '1606725848814-72418', 2, '2020-11-30', '2020-11-30 16:43:48', '2020-11-30 16:43:48');
INSERT INTO `worker_node` VALUES (141, '192.168.16.51', '1606727764653-30149', 2, '2020-11-30', '2020-11-30 17:15:43', '2020-11-30 17:15:43');
INSERT INTO `worker_node` VALUES (142, '192.168.16.51', '1606727792358-28480', 2, '2020-11-30', '2020-11-30 17:16:11', '2020-11-30 17:16:11');
INSERT INTO `worker_node` VALUES (143, '192.168.16.51', '1606741774397-52619', 2, '2020-11-30', '2020-11-30 21:09:13', '2020-11-30 21:09:13');
INSERT INTO `worker_node` VALUES (144, '192.168.16.51', '1606743231650-17144', 2, '2020-11-30', '2020-11-30 21:33:30', '2020-11-30 21:33:30');
INSERT INTO `worker_node` VALUES (145, '192.168.16.51', '1606909643148-77554', 2, '2020-12-02', '2020-12-02 19:46:59', '2020-12-02 19:46:59');
INSERT INTO `worker_node` VALUES (146, '192.168.16.51', '1606909770005-61430', 2, '2020-12-02', '2020-12-02 19:49:06', '2020-12-02 19:49:06');
INSERT INTO `worker_node` VALUES (147, '192.168.16.51', '1606998970488-40895', 2, '2020-12-03', '2020-12-03 20:35:45', '2020-12-03 20:35:45');
INSERT INTO `worker_node` VALUES (148, '192.168.16.51', '1607000355713-76904', 2, '2020-12-03', '2020-12-03 20:58:50', '2020-12-03 20:58:50');
INSERT INTO `worker_node` VALUES (149, '192.168.100.221', '1607481843186-26347', 2, '2020-12-09', '2020-12-09 10:43:29', '2020-12-09 10:43:29');
INSERT INTO `worker_node` VALUES (150, '192.168.100.221', '1607483198415-80226', 2, '2020-12-09', '2020-12-09 11:06:05', '2020-12-09 11:06:05');
INSERT INTO `worker_node` VALUES (151, '192.168.100.221', '1607484043103-61512', 2, '2020-12-09', '2020-12-09 11:20:09', '2020-12-09 11:20:09');
INSERT INTO `worker_node` VALUES (152, '192.168.100.221', '1607484763476-64202', 2, '2020-12-09', '2020-12-09 11:32:10', '2020-12-09 11:32:10');
INSERT INTO `worker_node` VALUES (153, '192.168.100.221', '1607485022444-59501', 2, '2020-12-09', '2020-12-09 11:36:29', '2020-12-09 11:36:29');
INSERT INTO `worker_node` VALUES (154, '192.168.10.21', '1607485840218-52469', 2, '2020-12-09', '2020-12-09 11:50:06', '2020-12-09 11:50:06');
INSERT INTO `worker_node` VALUES (155, '172.17.0.2', '1607657874700-74178', 2, '2020-12-11', '2020-12-11 11:37:18', '2020-12-11 11:37:18');
INSERT INTO `worker_node` VALUES (156, '172.17.0.2', '1607657937634-67330', 2, '2020-12-11', '2020-12-11 11:38:21', '2020-12-11 11:38:21');
INSERT INTO `worker_node` VALUES (157, '192.168.100.212', '1607658747368-87856', 2, '2020-12-11', '2020-12-11 11:51:51', '2020-12-11 11:51:51');
INSERT INTO `worker_node` VALUES (158, '192.168.137.1', '1607658802877-71968', 2, '2020-12-11', '2020-12-11 11:52:48', '2020-12-11 11:52:48');
INSERT INTO `worker_node` VALUES (159, '192.168.137.1', '1607659260429-18260', 2, '2020-12-11', '2020-12-11 12:00:26', '2020-12-11 12:00:26');
INSERT INTO `worker_node` VALUES (160, '192.168.137.1', '1607659467468-17020', 2, '2020-12-11', '2020-12-11 12:03:53', '2020-12-11 12:03:53');
INSERT INTO `worker_node` VALUES (161, '192.168.137.1', '1607849655572-20777', 2, '2020-12-13', '2020-12-13 16:53:35', '2020-12-13 16:53:35');
INSERT INTO `worker_node` VALUES (162, '192.168.137.1', '1607913021335-14239', 2, '2020-12-14', '2020-12-14 10:29:41', '2020-12-14 10:29:41');
INSERT INTO `worker_node` VALUES (163, '192.168.137.1', '1608012663423-2859', 2, '2020-12-15', '2020-12-15 14:10:22', '2020-12-15 14:10:22');
COMMIT;

SET FOREIGN_KEY_CHECKS = 1;
